[START][2025-03-26 01:50:07] LSP logging initiated
[ERROR][2025-03-26 01:50:07] .../vim/lsp/rpc.lua:770	"rpc"	"/usr/bin/clangd-18"	"stderr"	"I[01:50:07.148] Debian clangd version 18.1.8 (++20240731024826+3b5b5c1ec4a3-1~exp1~20240731144843.145)\nI[01:50:07.148] Features: linux+grpc\nI[01:50:07.148] PID: 4296\nI[01:50:07.148] Working directory: /home/sasha2k62024/GitHub/NeovimGUIManager\nI[01:50:07.148] argv[0]: /usr/bin/clangd-18\nI[01:50:07.148] Starting LSP over stdin/stdout\n"
[ERROR][2025-03-26 01:50:07] .../vim/lsp/rpc.lua:770	"rpc"	"/usr/bin/clangd-18"	"stderr"	"I[01:50:07.149] <-- initialize(1)\n"
[ERROR][2025-03-26 01:50:07] .../vim/lsp/rpc.lua:770	"rpc"	"/usr/bin/clangd-18"	"stderr"	"I[01:50:07.163] --> reply:initialize(1) 14 ms\n"
[ERROR][2025-03-26 01:50:07] .../vim/lsp/rpc.lua:770	"rpc"	"/usr/bin/clangd-18"	"stderr"	"I[01:50:07.165] <-- initialized\nI[01:50:07.166] <-- textDocument/didOpen\nI[01:50:07.169] --> textDocument/publishDiagnostics\nI[01:50:07.169] Failed to find compilation database for /home/sasha2k62024/GitHub/NeovimGUIManager/IDE/Neovim/main.cpp\nI[01:50:07.170] ASTWorker building file /home/sasha2k62024/GitHub/NeovimGUIManager/IDE/Neovim/main.cpp version 0 with command clangd fallback\n[/home/sasha2k62024/GitHub/NeovimGUIManager/IDE/Neovim]\n/usr/bin/clang -IHeaderFiles/rlImGui -resource-dir=/usr/lib/llvm-18/lib/clang/18 -- /home/sasha2k62024/GitHub/NeovimGUIManager/IDE/Neovim/main.cpp\n"
[ERROR][2025-03-26 01:50:07] .../vim/lsp/rpc.lua:770	"rpc"	"/usr/bin/clangd-18"	"stderr"	"I[01:50:07.189] <-- textDocument/didChange\n"
[ERROR][2025-03-26 01:50:07] .../vim/lsp/rpc.lua:770	"rpc"	"/usr/bin/clangd-18"	"stderr"	"I[01:50:07.189] <-- textDocument/semanticTokens/full(2)\n"
[ERROR][2025-03-26 01:50:07] .../vim/lsp/rpc.lua:770	"rpc"	"/usr/bin/clangd-18"	"stderr"	"I[01:50:07.327] Built preamble of size 222228 for file /home/sasha2k62024/GitHub/NeovimGUIManager/IDE/Neovim/main.cpp version 0 in 0.14 seconds\n"
[ERROR][2025-03-26 01:50:07] .../vim/lsp/rpc.lua:770	"rpc"	"/usr/bin/clangd-18"	"stderr"	"I[01:50:07.329] --> workspace/semanticTokens/refresh(0)\n"
[ERROR][2025-03-26 01:50:07] .../vim/lsp/rpc.lua:770	"rpc"	"/usr/bin/clangd-18"	"stderr"	"I[01:50:07.331] <-- $/cancelRequest\nI[01:50:07.331] <-- textDocument/semanticTokens/full(3)\nI[01:50:07.331] <-- reply(0)\n"
[ERROR][2025-03-26 01:50:07] .../vim/lsp/rpc.lua:770	"rpc"	"/usr/bin/clangd-18"	"stderr"	"I[01:50:07.336] Indexing c++17 standard library in the context of /home/sasha2k62024/GitHub/NeovimGUIManager/IDE/Neovim/main.cpp\n"
[ERROR][2025-03-26 01:50:07] .../vim/lsp/rpc.lua:770	"rpc"	"/usr/bin/clangd-18"	"stderr"	"I[01:50:07.344] <-- textDocument/didChange\n"
[ERROR][2025-03-26 01:50:07] .../vim/lsp/rpc.lua:770	"rpc"	"/usr/bin/clangd-18"	"stderr"	"I[01:50:07.372] --> textDocument/publishDiagnostics\n"
[ERROR][2025-03-26 01:50:07] .../vim/lsp/rpc.lua:770	"rpc"	"/usr/bin/clangd-18"	"stderr"	"I[01:50:07.372] --> reply:textDocument/semanticTokens/full(2) 183 ms, error: Task was cancelled.\nI[01:50:07.372] --> reply:textDocument/semanticTokens/full(3) 41 ms, error: Task was cancelled.\n"
[ERROR][2025-03-26 01:50:07] .../vim/lsp/rpc.lua:770	"rpc"	"/usr/bin/clangd-18"	"stderr"	"I[01:50:07.395] Failed to find compilation database for /home/sasha2k62024/GitHub/NeovimGUIManager/IDE/Neovim/main.cpp\n"
[ERROR][2025-03-26 01:50:07] .../vim/lsp/rpc.lua:770	"rpc"	"/usr/bin/clangd-18"	"stderr"	"I[01:50:07.396] ASTWorker building file /home/sasha2k62024/GitHub/NeovimGUIManager/IDE/Neovim/main.cpp version 6 with command clangd fallback\n[/home/sasha2k62024/GitHub/NeovimGUIManager/IDE/Neovim]\n/usr/bin/clang -IHeaderFiles/rlImGui -resource-dir=/usr/lib/llvm-18/lib/clang/18 -- /home/sasha2k62024/GitHub/NeovimGUIManager/IDE/Neovim/main.cpp\n"
[ERROR][2025-03-26 01:50:07] .../vim/lsp/rpc.lua:770	"rpc"	"/usr/bin/clangd-18"	"stderr"	"I[01:50:07.404] --> textDocument/publishDiagnostics\n"
[ERROR][2025-03-26 01:50:07] .../vim/lsp/rpc.lua:770	"rpc"	"/usr/bin/clangd-18"	"stderr"	"I[01:50:07.412] Built preamble of size 222228 for file /home/sasha2k62024/GitHub/NeovimGUIManager/IDE/Neovim/main.cpp version 6 in 0.01 seconds\n"
[ERROR][2025-03-26 01:50:07] .../vim/lsp/rpc.lua:770	"rpc"	"/usr/bin/clangd-18"	"stderr"	"I[01:50:07.412] --> workspace/semanticTokens/refresh(1)\n"
[ERROR][2025-03-26 01:50:07] .../vim/lsp/rpc.lua:770	"rpc"	"/usr/bin/clangd-18"	"stderr"	"I[01:50:07.413] <-- $/cancelRequest\nI[01:50:07.413] <-- textDocument/semanticTokens/full(4)\nI[01:50:07.414] <-- reply(1)\n"
[ERROR][2025-03-26 01:50:07] .../vim/lsp/rpc.lua:770	"rpc"	"/usr/bin/clangd-18"	"stderr"	"I[01:50:07.420] --> textDocument/publishDiagnostics\n"
[ERROR][2025-03-26 01:50:07] .../vim/lsp/rpc.lua:770	"rpc"	"/usr/bin/clangd-18"	"stderr"	"I[01:50:07.420] --> reply:textDocument/semanticTokens/full(4) 6 ms\n"
[ERROR][2025-03-26 01:50:07] .../vim/lsp/rpc.lua:770	"rpc"	"/usr/bin/clangd-18"	"stderr"	"I[01:50:07.493] <-- textDocument/didChange\n"
[ERROR][2025-03-26 01:50:07] .../vim/lsp/rpc.lua:770	"rpc"	"/usr/bin/clangd-18"	"stderr"	"I[01:50:07.544] Failed to find compilation database for /home/sasha2k62024/GitHub/NeovimGUIManager/IDE/Neovim/main.cpp\n"
[ERROR][2025-03-26 01:50:07] .../vim/lsp/rpc.lua:770	"rpc"	"/usr/bin/clangd-18"	"stderr"	"I[01:50:07.544] ASTWorker building file /home/sasha2k62024/GitHub/NeovimGUIManager/IDE/Neovim/main.cpp version 7 with command clangd fallback\n[/home/sasha2k62024/GitHub/NeovimGUIManager/IDE/Neovim]\n/usr/bin/clang -IHeaderFiles/rlImGui -resource-dir=/usr/lib/llvm-18/lib/clang/18 -- /home/sasha2k62024/GitHub/NeovimGUIManager/IDE/Neovim/main.cpp\n"
[ERROR][2025-03-26 01:50:07] .../vim/lsp/rpc.lua:770	"rpc"	"/usr/bin/clangd-18"	"stderr"	"I[01:50:07.553] --> textDocument/publishDiagnostics\n"
[ERROR][2025-03-26 01:50:07] .../vim/lsp/rpc.lua:770	"rpc"	"/usr/bin/clangd-18"	"stderr"	"I[01:50:07.642] <-- textDocument/didChange\n"
[ERROR][2025-03-26 01:50:07] .../vim/lsp/rpc.lua:770	"rpc"	"/usr/bin/clangd-18"	"stderr"	"I[01:50:07.693] Failed to find compilation database for /home/sasha2k62024/GitHub/NeovimGUIManager/IDE/Neovim/main.cpp\n"
[ERROR][2025-03-26 01:50:07] .../vim/lsp/rpc.lua:770	"rpc"	"/usr/bin/clangd-18"	"stderr"	"I[01:50:07.694] ASTWorker building file /home/sasha2k62024/GitHub/NeovimGUIManager/IDE/Neovim/main.cpp version 8 with command clangd fallback\n[/home/sasha2k62024/GitHub/NeovimGUIManager/IDE/Neovim]\n/usr/bin/clang -IHeaderFiles/rlImGui -resource-dir=/usr/lib/llvm-18/lib/clang/18 -- /home/sasha2k62024/GitHub/NeovimGUIManager/IDE/Neovim/main.cpp\n"
[ERROR][2025-03-26 01:50:07] .../vim/lsp/rpc.lua:770	"rpc"	"/usr/bin/clangd-18"	"stderr"	"I[01:50:07.703] --> textDocument/publishDiagnostics\n"
[ERROR][2025-03-26 01:50:07] .../vim/lsp/rpc.lua:770	"rpc"	"/usr/bin/clangd-18"	"stderr"	"I[01:50:07.793] <-- textDocument/didChange\n"
[ERROR][2025-03-26 01:50:07] .../vim/lsp/rpc.lua:770	"rpc"	"/usr/bin/clangd-18"	"stderr"	"I[01:50:07.844] Failed to find compilation database for /home/sasha2k62024/GitHub/NeovimGUIManager/IDE/Neovim/main.cpp\n"
[ERROR][2025-03-26 01:50:07] .../vim/lsp/rpc.lua:770	"rpc"	"/usr/bin/clangd-18"	"stderr"	"I[01:50:07.844] ASTWorker building file /home/sasha2k62024/GitHub/NeovimGUIManager/IDE/Neovim/main.cpp version 9 with command clangd fallback\n[/home/sasha2k62024/GitHub/NeovimGUIManager/IDE/Neovim]\n/usr/bin/clang -IHeaderFiles/rlImGui -resource-dir=/usr/lib/llvm-18/lib/clang/18 -- /home/sasha2k62024/GitHub/NeovimGUIManager/IDE/Neovim/main.cpp\n"
[ERROR][2025-03-26 01:50:07] .../vim/lsp/rpc.lua:770	"rpc"	"/usr/bin/clangd-18"	"stderr"	"I[01:50:07.857] --> textDocument/publishDiagnostics\n"
[ERROR][2025-03-26 01:50:07] .../vim/lsp/rpc.lua:770	"rpc"	"/usr/bin/clangd-18"	"stderr"	"I[01:50:07.944] <-- textDocument/didChange\n"
[ERROR][2025-03-26 01:50:07] .../vim/lsp/rpc.lua:770	"rpc"	"/usr/bin/clangd-18"	"stderr"	"I[01:50:07.995] Failed to find compilation database for /home/sasha2k62024/GitHub/NeovimGUIManager/IDE/Neovim/main.cpp\n"
[ERROR][2025-03-26 01:50:07] .../vim/lsp/rpc.lua:770	"rpc"	"/usr/bin/clangd-18"	"stderr"	"I[01:50:07.996] ASTWorker building file /home/sasha2k62024/GitHub/NeovimGUIManager/IDE/Neovim/main.cpp version 11 with command clangd fallback\n[/home/sasha2k62024/GitHub/NeovimGUIManager/IDE/Neovim]\n/usr/bin/clang -IHeaderFiles/rlImGui -resource-dir=/usr/lib/llvm-18/lib/clang/18 -- /home/sasha2k62024/GitHub/NeovimGUIManager/IDE/Neovim/main.cpp\n"
[ERROR][2025-03-26 01:50:08] .../vim/lsp/rpc.lua:770	"rpc"	"/usr/bin/clangd-18"	"stderr"	"I[01:50:08.005] --> textDocument/publishDiagnostics\n"
[ERROR][2025-03-26 01:50:08] .../vim/lsp/rpc.lua:770	"rpc"	"/usr/bin/clangd-18"	"stderr"	"I[01:50:08.095] <-- textDocument/didChange\n"
[ERROR][2025-03-26 01:50:08] .../vim/lsp/rpc.lua:770	"rpc"	"/usr/bin/clangd-18"	"stderr"	"I[01:50:08.146] Failed to find compilation database for /home/sasha2k62024/GitHub/NeovimGUIManager/IDE/Neovim/main.cpp\n"
[ERROR][2025-03-26 01:50:08] .../vim/lsp/rpc.lua:770	"rpc"	"/usr/bin/clangd-18"	"stderr"	"I[01:50:08.146] ASTWorker building file /home/sasha2k62024/GitHub/NeovimGUIManager/IDE/Neovim/main.cpp version 13 with command clangd fallback\n[/home/sasha2k62024/GitHub/NeovimGUIManager/IDE/Neovim]\n/usr/bin/clang -IHeaderFiles/rlImGui -resource-dir=/usr/lib/llvm-18/lib/clang/18 -- /home/sasha2k62024/GitHub/NeovimGUIManager/IDE/Neovim/main.cpp\n"
[ERROR][2025-03-26 01:50:08] .../vim/lsp/rpc.lua:770	"rpc"	"/usr/bin/clangd-18"	"stderr"	"I[01:50:08.160] --> textDocument/publishDiagnostics\n"
[ERROR][2025-03-26 01:50:08] .../vim/lsp/rpc.lua:770	"rpc"	"/usr/bin/clangd-18"	"stderr"	"I[01:50:08.163] Built preamble of size 222236 for file /home/sasha2k62024/GitHub/NeovimGUIManager/IDE/Neovim/main.cpp version 13 in 0.01 seconds\n"
[ERROR][2025-03-26 01:50:08] .../vim/lsp/rpc.lua:770	"rpc"	"/usr/bin/clangd-18"	"stderr"	"I[01:50:08.163] --> workspace/semanticTokens/refresh(2)\n"
[ERROR][2025-03-26 01:50:08] .../vim/lsp/rpc.lua:770	"rpc"	"/usr/bin/clangd-18"	"stderr"	"I[01:50:08.164] <-- textDocument/semanticTokens/full/delta(5)\n"
[ERROR][2025-03-26 01:50:08] .../vim/lsp/rpc.lua:770	"rpc"	"/usr/bin/clangd-18"	"stderr"	"I[01:50:08.166] <-- reply(2)\n"
[ERROR][2025-03-26 01:50:08] .../vim/lsp/rpc.lua:770	"rpc"	"/usr/bin/clangd-18"	"stderr"	"I[01:50:08.171] --> textDocument/publishDiagnostics\n"
[ERROR][2025-03-26 01:50:08] .../vim/lsp/rpc.lua:770	"rpc"	"/usr/bin/clangd-18"	"stderr"	"I[01:50:08.171] --> reply:textDocument/semanticTokens/full/delta(5) 6 ms\n"
[ERROR][2025-03-26 01:50:08] .../vim/lsp/rpc.lua:770	"rpc"	"/usr/bin/clangd-18"	"stderr"	"I[01:50:08.399] <-- textDocument/didChange\n"
[ERROR][2025-03-26 01:50:08] .../vim/lsp/rpc.lua:770	"rpc"	"/usr/bin/clangd-18"	"stderr"	"I[01:50:08.450] Failed to find compilation database for /home/sasha2k62024/GitHub/NeovimGUIManager/IDE/Neovim/main.cpp\n"
[ERROR][2025-03-26 01:50:08] .../vim/lsp/rpc.lua:770	"rpc"	"/usr/bin/clangd-18"	"stderr"	"I[01:50:08.450] ASTWorker building file /home/sasha2k62024/GitHub/NeovimGUIManager/IDE/Neovim/main.cpp version 14 with command clangd fallback\n[/home/sasha2k62024/GitHub/NeovimGUIManager/IDE/Neovim]\n/usr/bin/clang -IHeaderFiles/rlImGui -resource-dir=/usr/lib/llvm-18/lib/clang/18 -- /home/sasha2k62024/GitHub/NeovimGUIManager/IDE/Neovim/main.cpp\n"
[ERROR][2025-03-26 01:50:08] .../vim/lsp/rpc.lua:770	"rpc"	"/usr/bin/clangd-18"	"stderr"	"I[01:50:08.466] --> textDocument/publishDiagnostics\n"
[ERROR][2025-03-26 01:50:08] .../vim/lsp/rpc.lua:770	"rpc"	"/usr/bin/clangd-18"	"stderr"	"I[01:50:08.470] Built preamble of size 222236 for file /home/sasha2k62024/GitHub/NeovimGUIManager/IDE/Neovim/main.cpp version 14 in 0.01 seconds\n"
[ERROR][2025-03-26 01:50:08] .../vim/lsp/rpc.lua:770	"rpc"	"/usr/bin/clangd-18"	"stderr"	"I[01:50:08.470] --> workspace/semanticTokens/refresh(3)\n"
[ERROR][2025-03-26 01:50:08] .../vim/lsp/rpc.lua:770	"rpc"	"/usr/bin/clangd-18"	"stderr"	"I[01:50:08.471] <-- textDocument/semanticTokens/full/delta(6)\n"
[ERROR][2025-03-26 01:50:08] .../vim/lsp/rpc.lua:770	"rpc"	"/usr/bin/clangd-18"	"stderr"	"I[01:50:08.471] <-- reply(3)\n"
[ERROR][2025-03-26 01:50:08] .../vim/lsp/rpc.lua:770	"rpc"	"/usr/bin/clangd-18"	"stderr"	"I[01:50:08.477] --> textDocument/publishDiagnostics\n"
[ERROR][2025-03-26 01:50:08] .../vim/lsp/rpc.lua:770	"rpc"	"/usr/bin/clangd-18"	"stderr"	"I[01:50:08.477] --> reply:textDocument/semanticTokens/full/delta(6) 6 ms\n"
[ERROR][2025-03-26 01:50:09] .../vim/lsp/rpc.lua:770	"rpc"	"/usr/bin/clangd-18"	"stderr"	"I[01:50:09.829] <-- textDocument/didChange\n"
[ERROR][2025-03-26 01:50:09] .../vim/lsp/rpc.lua:770	"rpc"	"/usr/bin/clangd-18"	"stderr"	"I[01:50:09.880] Failed to find compilation database for /home/sasha2k62024/GitHub/NeovimGUIManager/IDE/Neovim/main.cpp\n"
[ERROR][2025-03-26 01:50:09] .../vim/lsp/rpc.lua:770	"rpc"	"/usr/bin/clangd-18"	"stderr"	"I[01:50:09.880] ASTWorker building file /home/sasha2k62024/GitHub/NeovimGUIManager/IDE/Neovim/main.cpp version 15 with command clangd fallback\n[/home/sasha2k62024/GitHub/NeovimGUIManager/IDE/Neovim]\n/usr/bin/clang -IHeaderFiles/rlImGui -resource-dir=/usr/lib/llvm-18/lib/clang/18 -- /home/sasha2k62024/GitHub/NeovimGUIManager/IDE/Neovim/main.cpp\n"
[ERROR][2025-03-26 01:50:09] .../vim/lsp/rpc.lua:770	"rpc"	"/usr/bin/clangd-18"	"stderr"	"I[01:50:09.898] --> textDocument/publishDiagnostics\n"
[ERROR][2025-03-26 01:50:09] .../vim/lsp/rpc.lua:770	"rpc"	"/usr/bin/clangd-18"	"stderr"	"I[01:50:09.900] Built preamble of size 222236 for file /home/sasha2k62024/GitHub/NeovimGUIManager/IDE/Neovim/main.cpp version 15 in 0.02 seconds\n"
[ERROR][2025-03-26 01:50:09] .../vim/lsp/rpc.lua:770	"rpc"	"/usr/bin/clangd-18"	"stderr"	"I[01:50:09.901] --> workspace/semanticTokens/refresh(4)\n"
[ERROR][2025-03-26 01:50:09] .../vim/lsp/rpc.lua:770	"rpc"	"/usr/bin/clangd-18"	"stderr"	"I[01:50:09.902] <-- textDocument/semanticTokens/full/delta(7)\n"
[ERROR][2025-03-26 01:50:09] .../vim/lsp/rpc.lua:770	"rpc"	"/usr/bin/clangd-18"	"stderr"	"I[01:50:09.902] <-- reply(4)\n"
[ERROR][2025-03-26 01:50:09] .../vim/lsp/rpc.lua:770	"rpc"	"/usr/bin/clangd-18"	"stderr"	"I[01:50:09.908] --> textDocument/publishDiagnostics\n"
[ERROR][2025-03-26 01:50:09] .../vim/lsp/rpc.lua:770	"rpc"	"/usr/bin/clangd-18"	"stderr"	"I[01:50:09.908] --> reply:textDocument/semanticTokens/full/delta(7) 6 ms\n"
[ERROR][2025-03-26 01:50:11] .../vim/lsp/rpc.lua:770	"rpc"	"/usr/bin/clangd-18"	"stderr"	"I[01:50:11.778] <-- textDocument/didChange\n"
[ERROR][2025-03-26 01:50:11] .../vim/lsp/rpc.lua:770	"rpc"	"/usr/bin/clangd-18"	"stderr"	"I[01:50:11.828] Failed to find compilation database for /home/sasha2k62024/GitHub/NeovimGUIManager/IDE/Neovim/main.cpp\n"
[ERROR][2025-03-26 01:50:11] .../vim/lsp/rpc.lua:770	"rpc"	"/usr/bin/clangd-18"	"stderr"	"I[01:50:11.829] ASTWorker building file /home/sasha2k62024/GitHub/NeovimGUIManager/IDE/Neovim/main.cpp version 16 with command clangd fallback\n[/home/sasha2k62024/GitHub/NeovimGUIManager/IDE/Neovim]\n/usr/bin/clang -IHeaderFiles/rlImGui -resource-dir=/usr/lib/llvm-18/lib/clang/18 -- /home/sasha2k62024/GitHub/NeovimGUIManager/IDE/Neovim/main.cpp\n"
[ERROR][2025-03-26 01:50:11] .../vim/lsp/rpc.lua:770	"rpc"	"/usr/bin/clangd-18"	"stderr"	"I[01:50:11.845] --> textDocument/publishDiagnostics\n"
[ERROR][2025-03-26 01:50:11] .../vim/lsp/rpc.lua:770	"rpc"	"/usr/bin/clangd-18"	"stderr"	"I[01:50:11.852] Built preamble of size 222236 for file /home/sasha2k62024/GitHub/NeovimGUIManager/IDE/Neovim/main.cpp version 16 in 0.02 seconds\n"
[ERROR][2025-03-26 01:50:11] .../vim/lsp/rpc.lua:770	"rpc"	"/usr/bin/clangd-18"	"stderr"	"I[01:50:11.855] --> workspace/semanticTokens/refresh(5)\n"
[ERROR][2025-03-26 01:50:11] .../vim/lsp/rpc.lua:770	"rpc"	"/usr/bin/clangd-18"	"stderr"	"I[01:50:11.857] <-- textDocument/semanticTokens/full/delta(8)\n"
[ERROR][2025-03-26 01:50:11] .../vim/lsp/rpc.lua:770	"rpc"	"/usr/bin/clangd-18"	"stderr"	"I[01:50:11.857] <-- reply(5)\n"
[ERROR][2025-03-26 01:50:11] .../vim/lsp/rpc.lua:770	"rpc"	"/usr/bin/clangd-18"	"stderr"	"I[01:50:11.863] --> textDocument/publishDiagnostics\n"
[ERROR][2025-03-26 01:50:11] .../vim/lsp/rpc.lua:770	"rpc"	"/usr/bin/clangd-18"	"stderr"	"I[01:50:11.863] --> reply:textDocument/semanticTokens/full/delta(8) 6 ms\n"
[ERROR][2025-03-26 01:50:12] .../vim/lsp/rpc.lua:770	"rpc"	"/usr/bin/clangd-18"	"stderr"	"I[01:50:12.276] <-- textDocument/didChange\n"
[ERROR][2025-03-26 01:50:12] .../vim/lsp/rpc.lua:770	"rpc"	"/usr/bin/clangd-18"	"stderr"	"I[01:50:12.278] <-- textDocument/completion(9)\n"
[ERROR][2025-03-26 01:50:12] .../vim/lsp/rpc.lua:770	"rpc"	"/usr/bin/clangd-18"	"stderr"	"I[01:50:12.303] Code complete: sema context PreprocessorDirective, query scopes [] (AnyScope=true), expected type <none>\n"
[ERROR][2025-03-26 01:50:12] .../vim/lsp/rpc.lua:770	"rpc"	"/usr/bin/clangd-18"	"stderr"	"I[01:50:12.304] Code complete: 4 results from Sema, 0 from Index, 0 matched, 0 from identifiers, 4 returned.\n"
[ERROR][2025-03-26 01:50:12] .../vim/lsp/rpc.lua:770	"rpc"	"/usr/bin/clangd-18"	"stderr"	"I[01:50:12.304] --> reply:textDocument/completion(9) 25 ms\n"
[ERROR][2025-03-26 01:50:12] .../vim/lsp/rpc.lua:770	"rpc"	"/usr/bin/clangd-18"	"stderr"	"I[01:50:12.327] Failed to find compilation database for /home/sasha2k62024/GitHub/NeovimGUIManager/IDE/Neovim/main.cpp\nI[01:50:12.327] ASTWorker building file /home/sasha2k62024/GitHub/NeovimGUIManager/IDE/Neovim/main.cpp version 17 with command clangd fallback\n[/home/sasha2k62024/GitHub/NeovimGUIManager/IDE/Neovim]\n/usr/bin/clang -IHeaderFiles/rlImGui -resource-dir=/usr/lib/llvm-18/lib/clang/18 -- /home/sasha2k62024/GitHub/NeovimGUIManager/IDE/Neovim/main.cpp\n"
[ERROR][2025-03-26 01:50:12] .../vim/lsp/rpc.lua:770	"rpc"	"/usr/bin/clangd-18"	"stderr"	"I[01:50:12.354] Built preamble of size 222228 for file /home/sasha2k62024/GitHub/NeovimGUIManager/IDE/Neovim/main.cpp version 17 in 0.02 seconds\nI[01:50:12.355] --> textDocument/publishDiagnostics\n"
[ERROR][2025-03-26 01:50:12] .../vim/lsp/rpc.lua:770	"rpc"	"/usr/bin/clangd-18"	"stderr"	"I[01:50:12.362] --> workspace/semanticTokens/refresh(6)\n"
[ERROR][2025-03-26 01:50:12] .../vim/lsp/rpc.lua:770	"rpc"	"/usr/bin/clangd-18"	"stderr"	"I[01:50:12.365] <-- textDocument/didChange\n"
[ERROR][2025-03-26 01:50:12] .../vim/lsp/rpc.lua:770	"rpc"	"/usr/bin/clangd-18"	"stderr"	"I[01:50:12.365] <-- textDocument/semanticTokens/full/delta(10)\nI[01:50:12.365] <-- reply(6)\n"
[ERROR][2025-03-26 01:50:12] .../vim/lsp/rpc.lua:770	"rpc"	"/usr/bin/clangd-18"	"stderr"	"I[01:50:12.370] --> textDocument/publishDiagnostics\nI[01:50:12.370] Failed to find compilation database for /home/sasha2k62024/GitHub/NeovimGUIManager/IDE/Neovim/main.cpp\nI[01:50:12.371] ASTWorker building file /home/sasha2k62024/GitHub/NeovimGUIManager/IDE/Neovim/main.cpp version 18 with command clangd fallback\n[/home/sasha2k62024/GitHub/NeovimGUIManager/IDE/Neovim]\n/usr/bin/clang -IHeaderFiles/rlImGui -resource-dir=/usr/lib/llvm-18/lib/clang/18 -- /home/sasha2k62024/GitHub/NeovimGUIManager/IDE/Neovim/main.cpp\n"
[ERROR][2025-03-26 01:50:12] .../vim/lsp/rpc.lua:770	"rpc"	"/usr/bin/clangd-18"	"stderr"	"I[01:50:12.379] --> textDocument/publishDiagnostics\nI[01:50:12.379] --> reply:textDocument/semanticTokens/full/delta(10) 14 ms\n"
[ERROR][2025-03-26 01:50:12] .../vim/lsp/rpc.lua:770	"rpc"	"/usr/bin/clangd-18"	"stderr"	"I[01:50:12.514] <-- textDocument/didChange\n"
[ERROR][2025-03-26 01:50:12] .../vim/lsp/rpc.lua:770	"rpc"	"/usr/bin/clangd-18"	"stderr"	"I[01:50:12.567] Failed to find compilation database for /home/sasha2k62024/GitHub/NeovimGUIManager/IDE/Neovim/main.cpp\nI[01:50:12.568] ASTWorker building file /home/sasha2k62024/GitHub/NeovimGUIManager/IDE/Neovim/main.cpp version 21 with command clangd fallback\n[/home/sasha2k62024/GitHub/NeovimGUIManager/IDE/Neovim]\n/usr/bin/clang -IHeaderFiles/rlImGui -resource-dir=/usr/lib/llvm-18/lib/clang/18 -- /home/sasha2k62024/GitHub/NeovimGUIManager/IDE/Neovim/main.cpp\n"
[ERROR][2025-03-26 01:50:12] .../vim/lsp/rpc.lua:770	"rpc"	"/usr/bin/clangd-18"	"stderr"	"I[01:50:12.576] --> textDocument/publishDiagnostics\n"
[ERROR][2025-03-26 01:50:12] .../vim/lsp/rpc.lua:770	"rpc"	"/usr/bin/clangd-18"	"stderr"	"I[01:50:12.663] <-- textDocument/didChange\n"
[ERROR][2025-03-26 01:50:12] .../vim/lsp/rpc.lua:770	"rpc"	"/usr/bin/clangd-18"	"stderr"	"I[01:50:12.714] Failed to find compilation database for /home/sasha2k62024/GitHub/NeovimGUIManager/IDE/Neovim/main.cpp\nI[01:50:12.714] ASTWorker building file /home/sasha2k62024/GitHub/NeovimGUIManager/IDE/Neovim/main.cpp version 24 with command clangd fallback\n[/home/sasha2k62024/GitHub/NeovimGUIManager/IDE/Neovim]\n/usr/bin/clang -IHeaderFiles/rlImGui -resource-dir=/usr/lib/llvm-18/lib/clang/18 -- /home/sasha2k62024/GitHub/NeovimGUIManager/IDE/Neovim/main.cpp\n"
[ERROR][2025-03-26 01:50:12] .../vim/lsp/rpc.lua:770	"rpc"	"/usr/bin/clangd-18"	"stderr"	"I[01:50:12.722] --> textDocument/publishDiagnostics\n"
[ERROR][2025-03-26 01:50:12] .../vim/lsp/rpc.lua:770	"rpc"	"/usr/bin/clangd-18"	"stderr"	"I[01:50:12.727] Built preamble of size 222228 for file /home/sasha2k62024/GitHub/NeovimGUIManager/IDE/Neovim/main.cpp version 24 in 0.01 seconds\n"
[ERROR][2025-03-26 01:50:12] .../vim/lsp/rpc.lua:770	"rpc"	"/usr/bin/clangd-18"	"stderr"	"I[01:50:12.727] --> workspace/semanticTokens/refresh(7)\n"
[ERROR][2025-03-26 01:50:12] .../vim/lsp/rpc.lua:770	"rpc"	"/usr/bin/clangd-18"	"stderr"	"I[01:50:12.728] <-- textDocument/semanticTokens/full/delta(11)\nI[01:50:12.728] <-- reply(7)\n"
[ERROR][2025-03-26 01:50:12] .../vim/lsp/rpc.lua:770	"rpc"	"/usr/bin/clangd-18"	"stderr"	"I[01:50:12.734] --> textDocument/publishDiagnostics\n"
[ERROR][2025-03-26 01:50:12] .../vim/lsp/rpc.lua:770	"rpc"	"/usr/bin/clangd-18"	"stderr"	"I[01:50:12.734] --> reply:textDocument/semanticTokens/full/delta(11) 6 ms\n"
[ERROR][2025-03-26 01:50:13] .../vim/lsp/rpc.lua:770	"rpc"	"/usr/bin/clangd-18"	"stderr"	"I[01:50:13.052] <-- textDocument/didChange\n"
[ERROR][2025-03-26 01:50:13] .../vim/lsp/rpc.lua:770	"rpc"	"/usr/bin/clangd-18"	"stderr"	"I[01:50:13.103] Failed to find compilation database for /home/sasha2k62024/GitHub/NeovimGUIManager/IDE/Neovim/main.cpp\n"
[ERROR][2025-03-26 01:50:13] .../vim/lsp/rpc.lua:770	"rpc"	"/usr/bin/clangd-18"	"stderr"	"I[01:50:13.104] ASTWorker building file /home/sasha2k62024/GitHub/NeovimGUIManager/IDE/Neovim/main.cpp version 25 with command clangd fallback\n[/home/sasha2k62024/GitHub/NeovimGUIManager/IDE/Neovim]\n/usr/bin/clang -IHeaderFiles/rlImGui -resource-dir=/usr/lib/llvm-18/lib/clang/18 -- /home/sasha2k62024/GitHub/NeovimGUIManager/IDE/Neovim/main.cpp\n"
[ERROR][2025-03-26 01:50:13] .../vim/lsp/rpc.lua:770	"rpc"	"/usr/bin/clangd-18"	"stderr"	"I[01:50:13.118] --> textDocument/publishDiagnostics\n"
[ERROR][2025-03-26 01:50:13] .../vim/lsp/rpc.lua:770	"rpc"	"/usr/bin/clangd-18"	"stderr"	"I[01:50:13.122] Built preamble of size 222228 for file /home/sasha2k62024/GitHub/NeovimGUIManager/IDE/Neovim/main.cpp version 25 in 0.01 seconds\n"
[ERROR][2025-03-26 01:50:13] .../vim/lsp/rpc.lua:770	"rpc"	"/usr/bin/clangd-18"	"stderr"	"I[01:50:13.122] --> workspace/semanticTokens/refresh(8)\n"
[ERROR][2025-03-26 01:50:13] .../vim/lsp/rpc.lua:770	"rpc"	"/usr/bin/clangd-18"	"stderr"	"I[01:50:13.123] <-- textDocument/semanticTokens/full/delta(12)\nI[01:50:13.123] <-- reply(8)\n"
[ERROR][2025-03-26 01:50:13] .../vim/lsp/rpc.lua:770	"rpc"	"/usr/bin/clangd-18"	"stderr"	"I[01:50:13.129] --> textDocument/publishDiagnostics\n"
[ERROR][2025-03-26 01:50:13] .../vim/lsp/rpc.lua:770	"rpc"	"/usr/bin/clangd-18"	"stderr"	"I[01:50:13.129] --> reply:textDocument/semanticTokens/full/delta(12) 6 ms\n"
[ERROR][2025-03-26 01:50:13] .../vim/lsp/rpc.lua:770	"rpc"	"/usr/bin/clangd-18"	"stderr"	"I[01:50:13.210] <-- textDocument/didChange\n"
[ERROR][2025-03-26 01:50:13] .../vim/lsp/rpc.lua:770	"rpc"	"/usr/bin/clangd-18"	"stderr"	"I[01:50:13.213] <-- textDocument/completion(13)\n"
[ERROR][2025-03-26 01:50:13] .../vim/lsp/rpc.lua:770	"rpc"	"/usr/bin/clangd-18"	"stderr"	"I[01:50:13.222] Code complete: sema context PreprocessorDirective, query scopes [] (AnyScope=true), expected type <none>\n"
[ERROR][2025-03-26 01:50:13] .../vim/lsp/rpc.lua:770	"rpc"	"/usr/bin/clangd-18"	"stderr"	"I[01:50:13.222] Code complete: 7 results from Sema, 0 from Index, 0 matched, 0 from identifiers, 7 returned.\n"
[ERROR][2025-03-26 01:50:13] .../vim/lsp/rpc.lua:770	"rpc"	"/usr/bin/clangd-18"	"stderr"	"I[01:50:13.223] --> reply:textDocument/completion(13) 9 ms\n"
[ERROR][2025-03-26 01:50:13] .../vim/lsp/rpc.lua:770	"rpc"	"/usr/bin/clangd-18"	"stderr"	"I[01:50:13.261] Failed to find compilation database for /home/sasha2k62024/GitHub/NeovimGUIManager/IDE/Neovim/main.cpp\n"
[ERROR][2025-03-26 01:50:13] .../vim/lsp/rpc.lua:770	"rpc"	"/usr/bin/clangd-18"	"stderr"	"I[01:50:13.261] ASTWorker building file /home/sasha2k62024/GitHub/NeovimGUIManager/IDE/Neovim/main.cpp version 26 with command clangd fallback\n[/home/sasha2k62024/GitHub/NeovimGUIManager/IDE/Neovim]\n/usr/bin/clang -IHeaderFiles/rlImGui -resource-dir=/usr/lib/llvm-18/lib/clang/18 -- /home/sasha2k62024/GitHub/NeovimGUIManager/IDE/Neovim/main.cpp\n"
[ERROR][2025-03-26 01:50:13] .../vim/lsp/rpc.lua:770	"rpc"	"/usr/bin/clangd-18"	"stderr"	"I[01:50:13.270] --> textDocument/publishDiagnostics\n"
[ERROR][2025-03-26 01:50:13] .../vim/lsp/rpc.lua:770	"rpc"	"/usr/bin/clangd-18"	"stderr"	"I[01:50:13.364] <-- textDocument/didChange\n"
[ERROR][2025-03-26 01:50:13] .../vim/lsp/rpc.lua:770	"rpc"	"/usr/bin/clangd-18"	"stderr"	"I[01:50:13.415] Failed to find compilation database for /home/sasha2k62024/GitHub/NeovimGUIManager/IDE/Neovim/main.cpp\n"
[ERROR][2025-03-26 01:50:13] .../vim/lsp/rpc.lua:770	"rpc"	"/usr/bin/clangd-18"	"stderr"	"I[01:50:13.415] ASTWorker building file /home/sasha2k62024/GitHub/NeovimGUIManager/IDE/Neovim/main.cpp version 27 with command clangd fallback\n[/home/sasha2k62024/GitHub/NeovimGUIManager/IDE/Neovim]\n/usr/bin/clang -IHeaderFiles/rlImGui -resource-dir=/usr/lib/llvm-18/lib/clang/18 -- /home/sasha2k62024/GitHub/NeovimGUIManager/IDE/Neovim/main.cpp\n"
[ERROR][2025-03-26 01:50:13] .../vim/lsp/rpc.lua:770	"rpc"	"/usr/bin/clangd-18"	"stderr"	"I[01:50:13.425] --> textDocument/publishDiagnostics\n"
[ERROR][2025-03-26 01:50:13] .../vim/lsp/rpc.lua:770	"rpc"	"/usr/bin/clangd-18"	"stderr"	"I[01:50:13.430] Indexed c++17 standard library (incomplete due to errors): 13650 symbols, 1810 filtered\n"
[ERROR][2025-03-26 01:50:13] .../vim/lsp/rpc.lua:770	"rpc"	"/usr/bin/clangd-18"	"stderr"	"I[01:50:13.514] <-- textDocument/didChange\n"
[ERROR][2025-03-26 01:50:13] .../vim/lsp/rpc.lua:770	"rpc"	"/usr/bin/clangd-18"	"stderr"	"I[01:50:13.565] Failed to find compilation database for /home/sasha2k62024/GitHub/NeovimGUIManager/IDE/Neovim/main.cpp\n"
[ERROR][2025-03-26 01:50:13] .../vim/lsp/rpc.lua:770	"rpc"	"/usr/bin/clangd-18"	"stderr"	"I[01:50:13.565] ASTWorker building file /home/sasha2k62024/GitHub/NeovimGUIManager/IDE/Neovim/main.cpp version 28 with command clangd fallback\n[/home/sasha2k62024/GitHub/NeovimGUIManager/IDE/Neovim]\n/usr/bin/clang -IHeaderFiles/rlImGui -resource-dir=/usr/lib/llvm-18/lib/clang/18 -- /home/sasha2k62024/GitHub/NeovimGUIManager/IDE/Neovim/main.cpp\n"
[ERROR][2025-03-26 01:50:13] .../vim/lsp/rpc.lua:770	"rpc"	"/usr/bin/clangd-18"	"stderr"	"I[01:50:13.575] --> textDocument/publishDiagnostics\n"
[ERROR][2025-03-26 01:50:13] .../vim/lsp/rpc.lua:770	"rpc"	"/usr/bin/clangd-18"	"stderr"	"I[01:50:13.665] <-- textDocument/didChange\n"
[ERROR][2025-03-26 01:50:13] .../vim/lsp/rpc.lua:770	"rpc"	"/usr/bin/clangd-18"	"stderr"	"I[01:50:13.716] Failed to find compilation database for /home/sasha2k62024/GitHub/NeovimGUIManager/IDE/Neovim/main.cpp\nI[01:50:13.717] ASTWorker building file /home/sasha2k62024/GitHub/NeovimGUIManager/IDE/Neovim/main.cpp version 29 with command clangd fallback\n[/home/sasha2k62024/GitHub/NeovimGUIManager/IDE/Neovim]\n/usr/bin/clang -IHeaderFiles/rlImGui -resource-dir=/usr/lib/llvm-18/lib/clang/18 -- /home/sasha2k62024/GitHub/NeovimGUIManager/IDE/Neovim/main.cpp\n"
[ERROR][2025-03-26 01:50:13] .../vim/lsp/rpc.lua:770	"rpc"	"/usr/bin/clangd-18"	"stderr"	"I[01:50:13.764] --> textDocument/publishDiagnostics\n"
[ERROR][2025-03-26 01:50:13] .../vim/lsp/rpc.lua:770	"rpc"	"/usr/bin/clangd-18"	"stderr"	"I[01:50:13.816] <-- textDocument/didChange\n"
[ERROR][2025-03-26 01:50:13] .../vim/lsp/rpc.lua:770	"rpc"	"/usr/bin/clangd-18"	"stderr"	"I[01:50:13.867] Failed to find compilation database for /home/sasha2k62024/GitHub/NeovimGUIManager/IDE/Neovim/main.cpp\n"
[ERROR][2025-03-26 01:50:13] .../vim/lsp/rpc.lua:770	"rpc"	"/usr/bin/clangd-18"	"stderr"	"I[01:50:13.867] ASTWorker building file /home/sasha2k62024/GitHub/NeovimGUIManager/IDE/Neovim/main.cpp version 31 with command clangd fallback\n[/home/sasha2k62024/GitHub/NeovimGUIManager/IDE/Neovim]\n/usr/bin/clang -IHeaderFiles/rlImGui -resource-dir=/usr/lib/llvm-18/lib/clang/18 -- /home/sasha2k62024/GitHub/NeovimGUIManager/IDE/Neovim/main.cpp\n"
[ERROR][2025-03-26 01:50:13] .../vim/lsp/rpc.lua:770	"rpc"	"/usr/bin/clangd-18"	"stderr"	"I[01:50:13.877] --> textDocument/publishDiagnostics\n"
[ERROR][2025-03-26 01:50:13] .../vim/lsp/rpc.lua:770	"rpc"	"/usr/bin/clangd-18"	"stderr"	"I[01:50:13.968] <-- textDocument/didChange\n"
[ERROR][2025-03-26 01:50:14] .../vim/lsp/rpc.lua:770	"rpc"	"/usr/bin/clangd-18"	"stderr"	"I[01:50:14.018] Failed to find compilation database for /home/sasha2k62024/GitHub/NeovimGUIManager/IDE/Neovim/main.cpp\n"
[ERROR][2025-03-26 01:50:14] .../vim/lsp/rpc.lua:770	"rpc"	"/usr/bin/clangd-18"	"stderr"	"I[01:50:14.019] ASTWorker building file /home/sasha2k62024/GitHub/NeovimGUIManager/IDE/Neovim/main.cpp version 32 with command clangd fallback\n[/home/sasha2k62024/GitHub/NeovimGUIManager/IDE/Neovim]\n/usr/bin/clang -IHeaderFiles/rlImGui -resource-dir=/usr/lib/llvm-18/lib/clang/18 -- /home/sasha2k62024/GitHub/NeovimGUIManager/IDE/Neovim/main.cpp\n"
[ERROR][2025-03-26 01:50:14] .../vim/lsp/rpc.lua:770	"rpc"	"/usr/bin/clangd-18"	"stderr"	"I[01:50:14.035] --> textDocument/publishDiagnostics\n"
[ERROR][2025-03-26 01:50:14] .../vim/lsp/rpc.lua:770	"rpc"	"/usr/bin/clangd-18"	"stderr"	"I[01:50:14.037] <-- textDocument/semanticTokens/full/delta(14)\n"
[ERROR][2025-03-26 01:50:14] .../vim/lsp/rpc.lua:770	"rpc"	"/usr/bin/clangd-18"	"stderr"	"I[01:50:14.037] --> reply:textDocument/semanticTokens/full/delta(14) 0 ms\n"
[ERROR][2025-03-26 01:50:14] .../vim/lsp/rpc.lua:770	"rpc"	"/usr/bin/clangd-18"	"stderr"	"I[01:50:14.039] Built preamble of size 222236 for file /home/sasha2k62024/GitHub/NeovimGUIManager/IDE/Neovim/main.cpp version 32 in 0.01 seconds\n"
[ERROR][2025-03-26 01:50:14] .../vim/lsp/rpc.lua:770	"rpc"	"/usr/bin/clangd-18"	"stderr"	"I[01:50:14.039] --> workspace/semanticTokens/refresh(9)\n"
[ERROR][2025-03-26 01:50:14] .../vim/lsp/rpc.lua:770	"rpc"	"/usr/bin/clangd-18"	"stderr"	"I[01:50:14.043] <-- textDocument/semanticTokens/full/delta(15)\n"
[ERROR][2025-03-26 01:50:14] .../vim/lsp/rpc.lua:770	"rpc"	"/usr/bin/clangd-18"	"stderr"	"I[01:50:14.043] <-- reply(9)\n"
[ERROR][2025-03-26 01:50:14] .../vim/lsp/rpc.lua:770	"rpc"	"/usr/bin/clangd-18"	"stderr"	"I[01:50:14.046] --> textDocument/publishDiagnostics\n"
[ERROR][2025-03-26 01:50:14] .../vim/lsp/rpc.lua:770	"rpc"	"/usr/bin/clangd-18"	"stderr"	"I[01:50:14.046] --> reply:textDocument/semanticTokens/full/delta(15) 3 ms\n"
[ERROR][2025-03-26 01:50:15] .../vim/lsp/rpc.lua:770	"rpc"	"/usr/bin/clangd-18"	"stderr"	"I[01:50:15.121] <-- textDocument/didChange\n"
[ERROR][2025-03-26 01:50:15] .../vim/lsp/rpc.lua:770	"rpc"	"/usr/bin/clangd-18"	"stderr"	"I[01:50:15.122] <-- textDocument/semanticTokens/full/delta(16)\n"
[ERROR][2025-03-26 01:50:15] .../vim/lsp/rpc.lua:770	"rpc"	"/usr/bin/clangd-18"	"stderr"	"I[01:50:15.122] Failed to find compilation database for /home/sasha2k62024/GitHub/NeovimGUIManager/IDE/Neovim/main.cpp\n"
[ERROR][2025-03-26 01:50:15] .../vim/lsp/rpc.lua:770	"rpc"	"/usr/bin/clangd-18"	"stderr"	"I[01:50:15.122] ASTWorker building file /home/sasha2k62024/GitHub/NeovimGUIManager/IDE/Neovim/main.cpp version 48 with command clangd fallback\n[/home/sasha2k62024/GitHub/NeovimGUIManager/IDE/Neovim]\n/usr/bin/clang -IHeaderFiles/rlImGui -resource-dir=/usr/lib/llvm-18/lib/clang/18 -- /home/sasha2k62024/GitHub/NeovimGUIManager/IDE/Neovim/main.cpp\n"
[ERROR][2025-03-26 01:50:15] .../vim/lsp/rpc.lua:770	"rpc"	"/usr/bin/clangd-18"	"stderr"	"I[01:50:15.137] --> textDocument/publishDiagnostics\n"
[ERROR][2025-03-26 01:50:15] .../vim/lsp/rpc.lua:770	"rpc"	"/usr/bin/clangd-18"	"stderr"	"I[01:50:15.138] --> reply:textDocument/semanticTokens/full/delta(16) 16 ms\n"
[ERROR][2025-03-26 01:50:15] .../vim/lsp/rpc.lua:770	"rpc"	"/usr/bin/clangd-18"	"stderr"	"I[01:50:15.146] Built preamble of size 222228 for file /home/sasha2k62024/GitHub/NeovimGUIManager/IDE/Neovim/main.cpp version 48 in 0.02 seconds\n"
[ERROR][2025-03-26 01:50:15] .../vim/lsp/rpc.lua:770	"rpc"	"/usr/bin/clangd-18"	"stderr"	"I[01:50:15.146] --> workspace/semanticTokens/refresh(10)\n"
[ERROR][2025-03-26 01:50:15] .../vim/lsp/rpc.lua:770	"rpc"	"/usr/bin/clangd-18"	"stderr"	"I[01:50:15.149] <-- textDocument/semanticTokens/full/delta(17)\n"
[ERROR][2025-03-26 01:50:15] .../vim/lsp/rpc.lua:770	"rpc"	"/usr/bin/clangd-18"	"stderr"	"I[01:50:15.149] <-- reply(10)\n"
[ERROR][2025-03-26 01:50:15] .../vim/lsp/rpc.lua:770	"rpc"	"/usr/bin/clangd-18"	"stderr"	"I[01:50:15.165] --> textDocument/publishDiagnostics\n"
[ERROR][2025-03-26 01:50:15] .../vim/lsp/rpc.lua:770	"rpc"	"/usr/bin/clangd-18"	"stderr"	"I[01:50:15.165] --> reply:textDocument/semanticTokens/full/delta(17) 16 ms\n"
[ERROR][2025-03-26 01:50:16] .../vim/lsp/rpc.lua:770	"rpc"	"/usr/bin/clangd-18"	"stderr"	"I[01:50:16.865] <-- textDocument/didChange\n"
[ERROR][2025-03-26 01:50:16] .../vim/lsp/rpc.lua:770	"rpc"	"/usr/bin/clangd-18"	"stderr"	"I[01:50:16.917] Failed to find compilation database for /home/sasha2k62024/GitHub/NeovimGUIManager/IDE/Neovim/main.cpp\n"
[ERROR][2025-03-26 01:50:16] .../vim/lsp/rpc.lua:770	"rpc"	"/usr/bin/clangd-18"	"stderr"	"I[01:50:16.918] ASTWorker building file /home/sasha2k62024/GitHub/NeovimGUIManager/IDE/Neovim/main.cpp version 49 with command clangd fallback\n[/home/sasha2k62024/GitHub/NeovimGUIManager/IDE/Neovim]\n/usr/bin/clang -IHeaderFiles/rlImGui -resource-dir=/usr/lib/llvm-18/lib/clang/18 -- /home/sasha2k62024/GitHub/NeovimGUIManager/IDE/Neovim/main.cpp\n"
[ERROR][2025-03-26 01:50:16] .../vim/lsp/rpc.lua:770	"rpc"	"/usr/bin/clangd-18"	"stderr"	"I[01:50:16.939] --> textDocument/publishDiagnostics\n"
[ERROR][2025-03-26 01:50:16] .../vim/lsp/rpc.lua:770	"rpc"	"/usr/bin/clangd-18"	"stderr"	"I[01:50:16.947] Built preamble of size 222228 for file /home/sasha2k62024/GitHub/NeovimGUIManager/IDE/Neovim/main.cpp version 49 in 0.02 seconds\n"
[ERROR][2025-03-26 01:50:16] .../vim/lsp/rpc.lua:770	"rpc"	"/usr/bin/clangd-18"	"stderr"	"I[01:50:16.947] --> workspace/semanticTokens/refresh(11)\n"
[ERROR][2025-03-26 01:50:16] .../vim/lsp/rpc.lua:770	"rpc"	"/usr/bin/clangd-18"	"stderr"	"I[01:50:16.949] <-- textDocument/semanticTokens/full/delta(18)\nI[01:50:16.949] <-- reply(11)\n"
[ERROR][2025-03-26 01:50:16] .../vim/lsp/rpc.lua:770	"rpc"	"/usr/bin/clangd-18"	"stderr"	"I[01:50:16.955] --> textDocument/publishDiagnostics\n"
[ERROR][2025-03-26 01:50:16] .../vim/lsp/rpc.lua:770	"rpc"	"/usr/bin/clangd-18"	"stderr"	"I[01:50:16.955] --> reply:textDocument/semanticTokens/full/delta(18) 6 ms\n"
[ERROR][2025-03-26 01:50:17] .../vim/lsp/rpc.lua:770	"rpc"	"/usr/bin/clangd-18"	"stderr"	"I[01:50:17.785] <-- textDocument/didChange\n"
[ERROR][2025-03-26 01:50:17] .../vim/lsp/rpc.lua:770	"rpc"	"/usr/bin/clangd-18"	"stderr"	"I[01:50:17.838] Failed to find compilation database for /home/sasha2k62024/GitHub/NeovimGUIManager/IDE/Neovim/main.cpp\n"
[ERROR][2025-03-26 01:50:17] .../vim/lsp/rpc.lua:770	"rpc"	"/usr/bin/clangd-18"	"stderr"	"I[01:50:17.839] ASTWorker building file /home/sasha2k62024/GitHub/NeovimGUIManager/IDE/Neovim/main.cpp version 50 with command clangd fallback\n[/home/sasha2k62024/GitHub/NeovimGUIManager/IDE/Neovim]\n/usr/bin/clang -IHeaderFiles/rlImGui -resource-dir=/usr/lib/llvm-18/lib/clang/18 -- /home/sasha2k62024/GitHub/NeovimGUIManager/IDE/Neovim/main.cpp\n"
[ERROR][2025-03-26 01:50:17] .../vim/lsp/rpc.lua:770	"rpc"	"/usr/bin/clangd-18"	"stderr"	"I[01:50:17.862] --> textDocument/publishDiagnostics\n"
[ERROR][2025-03-26 01:50:17] .../vim/lsp/rpc.lua:770	"rpc"	"/usr/bin/clangd-18"	"stderr"	"I[01:50:17.871] Built preamble of size 222228 for file /home/sasha2k62024/GitHub/NeovimGUIManager/IDE/Neovim/main.cpp version 50 in 0.03 seconds\n"
[ERROR][2025-03-26 01:50:17] .../vim/lsp/rpc.lua:770	"rpc"	"/usr/bin/clangd-18"	"stderr"	"I[01:50:17.871] --> workspace/semanticTokens/refresh(12)\n"
[ERROR][2025-03-26 01:50:17] .../vim/lsp/rpc.lua:770	"rpc"	"/usr/bin/clangd-18"	"stderr"	"I[01:50:17.872] <-- textDocument/semanticTokens/full/delta(19)\nI[01:50:17.872] <-- reply(12)\n"
[ERROR][2025-03-26 01:50:17] .../vim/lsp/rpc.lua:770	"rpc"	"/usr/bin/clangd-18"	"stderr"	"I[01:50:17.882] --> textDocument/publishDiagnostics\n"
[ERROR][2025-03-26 01:50:17] .../vim/lsp/rpc.lua:770	"rpc"	"/usr/bin/clangd-18"	"stderr"	"I[01:50:17.882] --> reply:textDocument/semanticTokens/full/delta(19) 10 ms\n"
[ERROR][2025-03-26 01:50:18] .../vim/lsp/rpc.lua:770	"rpc"	"/usr/bin/clangd-18"	"stderr"	"I[01:50:18.005] <-- textDocument/didChange\n"
[ERROR][2025-03-26 01:50:18] .../vim/lsp/rpc.lua:770	"rpc"	"/usr/bin/clangd-18"	"stderr"	"I[01:50:18.056] Failed to find compilation database for /home/sasha2k62024/GitHub/NeovimGUIManager/IDE/Neovim/main.cpp\n"
[ERROR][2025-03-26 01:50:18] .../vim/lsp/rpc.lua:770	"rpc"	"/usr/bin/clangd-18"	"stderr"	"I[01:50:18.057] ASTWorker building file /home/sasha2k62024/GitHub/NeovimGUIManager/IDE/Neovim/main.cpp version 51 with command clangd fallback\n[/home/sasha2k62024/GitHub/NeovimGUIManager/IDE/Neovim]\n/usr/bin/clang -IHeaderFiles/rlImGui -resource-dir=/usr/lib/llvm-18/lib/clang/18 -- /home/sasha2k62024/GitHub/NeovimGUIManager/IDE/Neovim/main.cpp\n"
[ERROR][2025-03-26 01:50:18] .../vim/lsp/rpc.lua:770	"rpc"	"/usr/bin/clangd-18"	"stderr"	"I[01:50:18.075] --> textDocument/publishDiagnostics\n"
[ERROR][2025-03-26 01:50:18] .../vim/lsp/rpc.lua:770	"rpc"	"/usr/bin/clangd-18"	"stderr"	"I[01:50:18.156] <-- textDocument/didChange\n"
[ERROR][2025-03-26 01:50:18] .../vim/lsp/rpc.lua:770	"rpc"	"/usr/bin/clangd-18"	"stderr"	"I[01:50:18.207] Failed to find compilation database for /home/sasha2k62024/GitHub/NeovimGUIManager/IDE/Neovim/main.cpp\n"
[ERROR][2025-03-26 01:50:18] .../vim/lsp/rpc.lua:770	"rpc"	"/usr/bin/clangd-18"	"stderr"	"I[01:50:18.208] ASTWorker building file /home/sasha2k62024/GitHub/NeovimGUIManager/IDE/Neovim/main.cpp version 52 with command clangd fallback\n[/home/sasha2k62024/GitHub/NeovimGUIManager/IDE/Neovim]\n/usr/bin/clang -IHeaderFiles/rlImGui -resource-dir=/usr/lib/llvm-18/lib/clang/18 -- /home/sasha2k62024/GitHub/NeovimGUIManager/IDE/Neovim/main.cpp\n"
[ERROR][2025-03-26 01:50:18] .../vim/lsp/rpc.lua:770	"rpc"	"/usr/bin/clangd-18"	"stderr"	"I[01:50:18.234] --> textDocument/publishDiagnostics\n"
[ERROR][2025-03-26 01:50:18] .../vim/lsp/rpc.lua:770	"rpc"	"/usr/bin/clangd-18"	"stderr"	"I[01:50:18.306] <-- textDocument/didChange\n"
[ERROR][2025-03-26 01:50:18] .../vim/lsp/rpc.lua:770	"rpc"	"/usr/bin/clangd-18"	"stderr"	"I[01:50:18.357] Failed to find compilation database for /home/sasha2k62024/GitHub/NeovimGUIManager/IDE/Neovim/main.cpp\n"
[ERROR][2025-03-26 01:50:18] .../vim/lsp/rpc.lua:770	"rpc"	"/usr/bin/clangd-18"	"stderr"	"I[01:50:18.358] ASTWorker building file /home/sasha2k62024/GitHub/NeovimGUIManager/IDE/Neovim/main.cpp version 53 with command clangd fallback\n[/home/sasha2k62024/GitHub/NeovimGUIManager/IDE/Neovim]\n/usr/bin/clang -IHeaderFiles/rlImGui -resource-dir=/usr/lib/llvm-18/lib/clang/18 -- /home/sasha2k62024/GitHub/NeovimGUIManager/IDE/Neovim/main.cpp\n"
[ERROR][2025-03-26 01:50:18] .../vim/lsp/rpc.lua:770	"rpc"	"/usr/bin/clangd-18"	"stderr"	"I[01:50:18.381] --> textDocument/publishDiagnostics\n"
[ERROR][2025-03-26 01:50:18] .../vim/lsp/rpc.lua:770	"rpc"	"/usr/bin/clangd-18"	"stderr"	"I[01:50:18.457] <-- textDocument/didChange\n"
[ERROR][2025-03-26 01:50:18] .../vim/lsp/rpc.lua:770	"rpc"	"/usr/bin/clangd-18"	"stderr"	"I[01:50:18.508] Failed to find compilation database for /home/sasha2k62024/GitHub/NeovimGUIManager/IDE/Neovim/main.cpp\n"
[ERROR][2025-03-26 01:50:18] .../vim/lsp/rpc.lua:770	"rpc"	"/usr/bin/clangd-18"	"stderr"	"I[01:50:18.509] ASTWorker building file /home/sasha2k62024/GitHub/NeovimGUIManager/IDE/Neovim/main.cpp version 54 with command clangd fallback\n[/home/sasha2k62024/GitHub/NeovimGUIManager/IDE/Neovim]\n/usr/bin/clang -IHeaderFiles/rlImGui -resource-dir=/usr/lib/llvm-18/lib/clang/18 -- /home/sasha2k62024/GitHub/NeovimGUIManager/IDE/Neovim/main.cpp\n"
[ERROR][2025-03-26 01:50:18] .../vim/lsp/rpc.lua:770	"rpc"	"/usr/bin/clangd-18"	"stderr"	"I[01:50:18.518] --> textDocument/publishDiagnostics\n"
[ERROR][2025-03-26 01:50:18] .../vim/lsp/rpc.lua:770	"rpc"	"/usr/bin/clangd-18"	"stderr"	"I[01:50:18.610] <-- textDocument/didChange\n"
[ERROR][2025-03-26 01:50:18] .../vim/lsp/rpc.lua:770	"rpc"	"/usr/bin/clangd-18"	"stderr"	"I[01:50:18.662] Failed to find compilation database for /home/sasha2k62024/GitHub/NeovimGUIManager/IDE/Neovim/main.cpp\n"
[ERROR][2025-03-26 01:50:18] .../vim/lsp/rpc.lua:770	"rpc"	"/usr/bin/clangd-18"	"stderr"	"I[01:50:18.663] ASTWorker building file /home/sasha2k62024/GitHub/NeovimGUIManager/IDE/Neovim/main.cpp version 57 with command clangd fallback\n[/home/sasha2k62024/GitHub/NeovimGUIManager/IDE/Neovim]\n/usr/bin/clang -IHeaderFiles/rlImGui -resource-dir=/usr/lib/llvm-18/lib/clang/18 -- /home/sasha2k62024/GitHub/NeovimGUIManager/IDE/Neovim/main.cpp\n"
[ERROR][2025-03-26 01:50:18] .../vim/lsp/rpc.lua:770	"rpc"	"/usr/bin/clangd-18"	"stderr"	"I[01:50:18.684] --> textDocument/publishDiagnostics\n"
[ERROR][2025-03-26 01:50:18] .../vim/lsp/rpc.lua:770	"rpc"	"/usr/bin/clangd-18"	"stderr"	"I[01:50:18.695] Built preamble of size 222236 for file /home/sasha2k62024/GitHub/NeovimGUIManager/IDE/Neovim/main.cpp version 57 in 0.03 seconds\n"
[ERROR][2025-03-26 01:50:18] .../vim/lsp/rpc.lua:770	"rpc"	"/usr/bin/clangd-18"	"stderr"	"I[01:50:18.695] --> workspace/semanticTokens/refresh(13)\n"
[ERROR][2025-03-26 01:50:18] .../vim/lsp/rpc.lua:770	"rpc"	"/usr/bin/clangd-18"	"stderr"	"I[01:50:18.697] <-- textDocument/semanticTokens/full/delta(20)\nI[01:50:18.698] <-- reply(13)\n"
[ERROR][2025-03-26 01:50:18] .../vim/lsp/rpc.lua:770	"rpc"	"/usr/bin/clangd-18"	"stderr"	"I[01:50:18.713] --> textDocument/publishDiagnostics\n"
[ERROR][2025-03-26 01:50:18] .../vim/lsp/rpc.lua:770	"rpc"	"/usr/bin/clangd-18"	"stderr"	"I[01:50:18.713] --> reply:textDocument/semanticTokens/full/delta(20) 15 ms\n"
[ERROR][2025-03-26 01:50:18] .../vim/lsp/rpc.lua:770	"rpc"	"/usr/bin/clangd-18"	"stderr"	"I[01:50:18.758] <-- textDocument/didChange\n"
[ERROR][2025-03-26 01:50:18] .../vim/lsp/rpc.lua:770	"rpc"	"/usr/bin/clangd-18"	"stderr"	"I[01:50:18.810] Failed to find compilation database for /home/sasha2k62024/GitHub/NeovimGUIManager/IDE/Neovim/main.cpp\n"
[ERROR][2025-03-26 01:50:18] .../vim/lsp/rpc.lua:770	"rpc"	"/usr/bin/clangd-18"	"stderr"	"I[01:50:18.810] ASTWorker building file /home/sasha2k62024/GitHub/NeovimGUIManager/IDE/Neovim/main.cpp version 58 with command clangd fallback\n[/home/sasha2k62024/GitHub/NeovimGUIManager/IDE/Neovim]\n/usr/bin/clang -IHeaderFiles/rlImGui -resource-dir=/usr/lib/llvm-18/lib/clang/18 -- /home/sasha2k62024/GitHub/NeovimGUIManager/IDE/Neovim/main.cpp\n"
[ERROR][2025-03-26 01:50:18] .../vim/lsp/rpc.lua:770	"rpc"	"/usr/bin/clangd-18"	"stderr"	"I[01:50:18.818] --> textDocument/publishDiagnostics\n"
[ERROR][2025-03-26 01:50:18] .../vim/lsp/rpc.lua:770	"rpc"	"/usr/bin/clangd-18"	"stderr"	"I[01:50:18.821] Built preamble of size 222236 for file /home/sasha2k62024/GitHub/NeovimGUIManager/IDE/Neovim/main.cpp version 58 in 0.01 seconds\n"
[ERROR][2025-03-26 01:50:18] .../vim/lsp/rpc.lua:770	"rpc"	"/usr/bin/clangd-18"	"stderr"	"I[01:50:18.822] --> workspace/semanticTokens/refresh(14)\n"
[ERROR][2025-03-26 01:50:18] .../vim/lsp/rpc.lua:770	"rpc"	"/usr/bin/clangd-18"	"stderr"	"I[01:50:18.822] <-- textDocument/semanticTokens/full/delta(21)\nI[01:50:18.822] <-- reply(14)\n"
[ERROR][2025-03-26 01:50:18] .../vim/lsp/rpc.lua:770	"rpc"	"/usr/bin/clangd-18"	"stderr"	"I[01:50:18.829] --> textDocument/publishDiagnostics\n"
[ERROR][2025-03-26 01:50:18] .../vim/lsp/rpc.lua:770	"rpc"	"/usr/bin/clangd-18"	"stderr"	"I[01:50:18.829] --> reply:textDocument/semanticTokens/full/delta(21) 6 ms\n"
[ERROR][2025-03-26 01:50:19] .../vim/lsp/rpc.lua:770	"rpc"	"/usr/bin/clangd-18"	"stderr"	"I[01:50:19.027] <-- textDocument/didChange\n"
[ERROR][2025-03-26 01:50:19] .../vim/lsp/rpc.lua:770	"rpc"	"/usr/bin/clangd-18"	"stderr"	"I[01:50:19.077] Failed to find compilation database for /home/sasha2k62024/GitHub/NeovimGUIManager/IDE/Neovim/main.cpp\n"
[ERROR][2025-03-26 01:50:19] .../vim/lsp/rpc.lua:770	"rpc"	"/usr/bin/clangd-18"	"stderr"	"I[01:50:19.078] ASTWorker building file /home/sasha2k62024/GitHub/NeovimGUIManager/IDE/Neovim/main.cpp version 59 with command clangd fallback\n[/home/sasha2k62024/GitHub/NeovimGUIManager/IDE/Neovim]\n/usr/bin/clang -IHeaderFiles/rlImGui -resource-dir=/usr/lib/llvm-18/lib/clang/18 -- /home/sasha2k62024/GitHub/NeovimGUIManager/IDE/Neovim/main.cpp\n"
[ERROR][2025-03-26 01:50:19] .../vim/lsp/rpc.lua:770	"rpc"	"/usr/bin/clangd-18"	"stderr"	"I[01:50:19.099] --> textDocument/publishDiagnostics\n"
[ERROR][2025-03-26 01:50:19] .../vim/lsp/rpc.lua:770	"rpc"	"/usr/bin/clangd-18"	"stderr"	"I[01:50:19.102] Built preamble of size 222236 for file /home/sasha2k62024/GitHub/NeovimGUIManager/IDE/Neovim/main.cpp version 59 in 0.02 seconds\n"
[ERROR][2025-03-26 01:50:19] .../vim/lsp/rpc.lua:770	"rpc"	"/usr/bin/clangd-18"	"stderr"	"I[01:50:19.103] --> workspace/semanticTokens/refresh(15)\n"
[ERROR][2025-03-26 01:50:19] .../vim/lsp/rpc.lua:770	"rpc"	"/usr/bin/clangd-18"	"stderr"	"I[01:50:19.103] <-- textDocument/semanticTokens/full/delta(22)\n"
[ERROR][2025-03-26 01:50:19] .../vim/lsp/rpc.lua:770	"rpc"	"/usr/bin/clangd-18"	"stderr"	"I[01:50:19.104] <-- reply(15)\n"
[ERROR][2025-03-26 01:50:19] .../vim/lsp/rpc.lua:770	"rpc"	"/usr/bin/clangd-18"	"stderr"	"I[01:50:19.110] --> textDocument/publishDiagnostics\n"
[ERROR][2025-03-26 01:50:19] .../vim/lsp/rpc.lua:770	"rpc"	"/usr/bin/clangd-18"	"stderr"	"I[01:50:19.110] --> reply:textDocument/semanticTokens/full/delta(22) 6 ms\n"
[ERROR][2025-03-26 01:50:19] .../vim/lsp/rpc.lua:770	"rpc"	"/usr/bin/clangd-18"	"stderr"	"I[01:50:19.312] <-- textDocument/completion(23)\n"
[ERROR][2025-03-26 01:50:19] .../vim/lsp/rpc.lua:770	"rpc"	"/usr/bin/clangd-18"	"stderr"	"I[01:50:19.322] Code complete: sema context PreprocessorDirective, query scopes [] (AnyScope=true), expected type <none>\n"
[ERROR][2025-03-26 01:50:19] .../vim/lsp/rpc.lua:770	"rpc"	"/usr/bin/clangd-18"	"stderr"	"I[01:50:19.322] Code complete: 4 results from Sema, 0 from Index, 0 matched, 0 from identifiers, 4 returned.\n"
[ERROR][2025-03-26 01:50:19] .../vim/lsp/rpc.lua:770	"rpc"	"/usr/bin/clangd-18"	"stderr"	"I[01:50:19.322] --> reply:textDocument/completion(23) 10 ms\n"
[ERROR][2025-03-26 01:50:20] .../vim/lsp/rpc.lua:770	"rpc"	"/usr/bin/clangd-18"	"stderr"	"I[01:50:20.435] <-- textDocument/didChange\n"
[ERROR][2025-03-26 01:50:20] .../vim/lsp/rpc.lua:770	"rpc"	"/usr/bin/clangd-18"	"stderr"	"I[01:50:20.485] Failed to find compilation database for /home/sasha2k62024/GitHub/NeovimGUIManager/IDE/Neovim/main.cpp\n"
[ERROR][2025-03-26 01:50:20] .../vim/lsp/rpc.lua:770	"rpc"	"/usr/bin/clangd-18"	"stderr"	"I[01:50:20.486] ASTWorker building file /home/sasha2k62024/GitHub/NeovimGUIManager/IDE/Neovim/main.cpp version 60 with command clangd fallback\n[/home/sasha2k62024/GitHub/NeovimGUIManager/IDE/Neovim]\n/usr/bin/clang -IHeaderFiles/rlImGui -resource-dir=/usr/lib/llvm-18/lib/clang/18 -- /home/sasha2k62024/GitHub/NeovimGUIManager/IDE/Neovim/main.cpp\n"
[ERROR][2025-03-26 01:50:20] .../vim/lsp/rpc.lua:770	"rpc"	"/usr/bin/clangd-18"	"stderr"	"I[01:50:20.493] --> textDocument/publishDiagnostics\n"
[ERROR][2025-03-26 01:50:20] .../vim/lsp/rpc.lua:770	"rpc"	"/usr/bin/clangd-18"	"stderr"	"I[01:50:20.497] Built preamble of size 222228 for file /home/sasha2k62024/GitHub/NeovimGUIManager/IDE/Neovim/main.cpp version 60 in 0.01 seconds\n"
[ERROR][2025-03-26 01:50:20] .../vim/lsp/rpc.lua:770	"rpc"	"/usr/bin/clangd-18"	"stderr"	"I[01:50:20.497] --> workspace/semanticTokens/refresh(16)\n"
[ERROR][2025-03-26 01:50:20] .../vim/lsp/rpc.lua:770	"rpc"	"/usr/bin/clangd-18"	"stderr"	"I[01:50:20.505] --> textDocument/publishDiagnostics\n"
[ERROR][2025-03-26 01:50:21] .../vim/lsp/rpc.lua:770	"rpc"	"/usr/bin/clangd-18"	"stderr"	"I[01:50:21.472] <-- textDocument/didChange\nI[01:50:21.472] <-- textDocument/semanticTokens/full/delta(24)\nI[01:50:21.472] <-- reply(16)\nI[01:50:21.472] Failed to find compilation database for /home/sasha2k62024/GitHub/NeovimGUIManager/IDE/Neovim/main.cpp\n"
[ERROR][2025-03-26 01:50:21] .../vim/lsp/rpc.lua:770	"rpc"	"/usr/bin/clangd-18"	"stderr"	"I[01:50:21.473] ASTWorker building file /home/sasha2k62024/GitHub/NeovimGUIManager/IDE/Neovim/main.cpp version 78 with command clangd fallback\n[/home/sasha2k62024/GitHub/NeovimGUIManager/IDE/Neovim]\n/usr/bin/clang -IHeaderFiles/rlImGui -resource-dir=/usr/lib/llvm-18/lib/clang/18 -- /home/sasha2k62024/GitHub/NeovimGUIManager/IDE/Neovim/main.cpp\n"
[ERROR][2025-03-26 01:50:21] .../vim/lsp/rpc.lua:770	"rpc"	"/usr/bin/clangd-18"	"stderr"	"I[01:50:21.496] --> textDocument/publishDiagnostics\n"
[ERROR][2025-03-26 01:50:21] .../vim/lsp/rpc.lua:770	"rpc"	"/usr/bin/clangd-18"	"stderr"	"I[01:50:21.496] --> reply:textDocument/semanticTokens/full/delta(24) 24 ms\n"
[ERROR][2025-03-26 01:50:47] .../vim/lsp/rpc.lua:770	"rpc"	"/usr/bin/clangd-18"	"stderr"	"I[01:50:47.184] <-- shutdown(25)\nI[01:50:47.185] --> reply:shutdown(25) 0 ms\n"
[START][2025-03-26 01:51:34] LSP logging initiated
[ERROR][2025-03-26 01:51:34] .../vim/lsp/rpc.lua:770	"rpc"	"/usr/bin/clangd-18"	"stderr"	"I[01:51:34.890] Debian clangd version 18.1.8 (++20240731024826+3b5b5c1ec4a3-1~exp1~20240731144843.145)\nI[01:51:34.890] Features: linux+grpc\nI[01:51:34.890] PID: 4468\n"
[ERROR][2025-03-26 01:51:34] .../vim/lsp/rpc.lua:770	"rpc"	"/usr/bin/clangd-18"	"stderr"	"I[01:51:34.890] Working directory: /home/sasha2k62024/GitHub/NeovimGUIManager\nI[01:51:34.890] argv[0]: /usr/bin/clangd-18\nI[01:51:34.890] Starting LSP over stdin/stdout\n"
[ERROR][2025-03-26 01:51:34] .../vim/lsp/rpc.lua:770	"rpc"	"/usr/bin/clangd-18"	"stderr"	"I[01:51:34.892] <-- initialize(1)\n"
[ERROR][2025-03-26 01:51:34] .../vim/lsp/rpc.lua:770	"rpc"	"/usr/bin/clangd-18"	"stderr"	"I[01:51:34.894] --> reply:initialize(1) 1 ms\n"
[ERROR][2025-03-26 01:51:34] .../vim/lsp/rpc.lua:770	"rpc"	"/usr/bin/clangd-18"	"stderr"	"I[01:51:34.894] <-- initialized\nI[01:51:34.895] <-- textDocument/didOpen\nI[01:51:34.896] --> textDocument/publishDiagnostics\nI[01:51:34.897] Failed to find compilation database for /home/sasha2k62024/GitHub/NeovimGUIManager/IDE/Neovim/main.cpp\nI[01:51:34.897] ASTWorker building file /home/sasha2k62024/GitHub/NeovimGUIManager/IDE/Neovim/main.cpp version 0 with command clangd fallback\n[/home/sasha2k62024/GitHub/NeovimGUIManager/IDE/Neovim]\n/usr/bin/clang -IHeaderFiles/rlImGui -resource-dir=/usr/lib/llvm-18/lib/clang/18 -- /home/sasha2k62024/GitHub/NeovimGUIManager/IDE/Neovim/main.cpp\n"
[ERROR][2025-03-26 01:51:34] .../vim/lsp/rpc.lua:770	"rpc"	"/usr/bin/clangd-18"	"stderr"	"I[01:51:34.907] <-- textDocument/semanticTokens/full(2)\n"
[ERROR][2025-03-26 01:51:34] .../vim/lsp/rpc.lua:770	"rpc"	"/usr/bin/clangd-18"	"stderr"	"I[01:51:34.915] Built preamble of size 222228 for file /home/sasha2k62024/GitHub/NeovimGUIManager/IDE/Neovim/main.cpp version 0 in 0.01 seconds\n"
[ERROR][2025-03-26 01:51:34] .../vim/lsp/rpc.lua:770	"rpc"	"/usr/bin/clangd-18"	"stderr"	"I[01:51:34.916] --> workspace/semanticTokens/refresh(0)\n"
[ERROR][2025-03-26 01:51:34] .../vim/lsp/rpc.lua:770	"rpc"	"/usr/bin/clangd-18"	"stderr"	"I[01:51:34.919] Indexing c++17 standard library in the context of /home/sasha2k62024/GitHub/NeovimGUIManager/IDE/Neovim/main.cpp\n"
[ERROR][2025-03-26 01:51:34] .../vim/lsp/rpc.lua:770	"rpc"	"/usr/bin/clangd-18"	"stderr"	"I[01:51:34.919] <-- $/cancelRequest\n"
[ERROR][2025-03-26 01:51:34] .../vim/lsp/rpc.lua:770	"rpc"	"/usr/bin/clangd-18"	"stderr"	"I[01:51:34.919] <-- textDocument/semanticTokens/full(3)\n"
[ERROR][2025-03-26 01:51:34] .../vim/lsp/rpc.lua:770	"rpc"	"/usr/bin/clangd-18"	"stderr"	"I[01:51:34.919] <-- reply(0)\n"
[ERROR][2025-03-26 01:51:34] .../vim/lsp/rpc.lua:770	"rpc"	"/usr/bin/clangd-18"	"stderr"	"I[01:51:34.927] --> textDocument/publishDiagnostics\n"
[ERROR][2025-03-26 01:51:34] .../vim/lsp/rpc.lua:770	"rpc"	"/usr/bin/clangd-18"	"stderr"	"I[01:51:34.927] --> reply:textDocument/semanticTokens/full(2) 19 ms, error: Task was cancelled.\nI[01:51:34.927] --> reply:textDocument/semanticTokens/full(3) 7 ms\n"
[ERROR][2025-03-26 01:51:36] .../vim/lsp/rpc.lua:770	"rpc"	"/usr/bin/clangd-18"	"stderr"	"I[01:51:36.099] <-- textDocument/didChange\n"
[ERROR][2025-03-26 01:51:36] .../vim/lsp/rpc.lua:770	"rpc"	"/usr/bin/clangd-18"	"stderr"	"I[01:51:36.149] <-- textDocument/semanticTokens/full/delta(4)\n"
[ERROR][2025-03-26 01:51:36] .../vim/lsp/rpc.lua:770	"rpc"	"/usr/bin/clangd-18"	"stderr"	"I[01:51:36.149] Failed to find compilation database for /home/sasha2k62024/GitHub/NeovimGUIManager/IDE/Neovim/main.cpp\n"
[ERROR][2025-03-26 01:51:36] .../vim/lsp/rpc.lua:770	"rpc"	"/usr/bin/clangd-18"	"stderr"	"I[01:51:36.149] ASTWorker building file /home/sasha2k62024/GitHub/NeovimGUIManager/IDE/Neovim/main.cpp version 5 with command clangd fallback\n[/home/sasha2k62024/GitHub/NeovimGUIManager/IDE/Neovim]\n/usr/bin/clang -IHeaderFiles/rlImGui -resource-dir=/usr/lib/llvm-18/lib/clang/18 -- /home/sasha2k62024/GitHub/NeovimGUIManager/IDE/Neovim/main.cpp\n"
[ERROR][2025-03-26 01:51:36] .../vim/lsp/rpc.lua:770	"rpc"	"/usr/bin/clangd-18"	"stderr"	"I[01:51:36.158] --> textDocument/publishDiagnostics\n"
[ERROR][2025-03-26 01:51:36] .../vim/lsp/rpc.lua:770	"rpc"	"/usr/bin/clangd-18"	"stderr"	"I[01:51:36.158] --> reply:textDocument/semanticTokens/full/delta(4) 8 ms\n"
[ERROR][2025-03-26 01:51:36] .../vim/lsp/rpc.lua:770	"rpc"	"/usr/bin/clangd-18"	"stderr"	"I[01:51:36.165] Built preamble of size 222228 for file /home/sasha2k62024/GitHub/NeovimGUIManager/IDE/Neovim/main.cpp version 5 in 0.01 seconds\n"
[ERROR][2025-03-26 01:51:36] .../vim/lsp/rpc.lua:770	"rpc"	"/usr/bin/clangd-18"	"stderr"	"I[01:51:36.165] --> workspace/semanticTokens/refresh(1)\n"
[ERROR][2025-03-26 01:51:36] .../vim/lsp/rpc.lua:770	"rpc"	"/usr/bin/clangd-18"	"stderr"	"I[01:51:36.168] <-- textDocument/semanticTokens/full/delta(5)\nI[01:51:36.168] <-- reply(1)\n"
[ERROR][2025-03-26 01:51:36] .../vim/lsp/rpc.lua:770	"rpc"	"/usr/bin/clangd-18"	"stderr"	"I[01:51:36.172] --> textDocument/publishDiagnostics\n"
[ERROR][2025-03-26 01:51:36] .../vim/lsp/rpc.lua:770	"rpc"	"/usr/bin/clangd-18"	"stderr"	"I[01:51:36.173] --> reply:textDocument/semanticTokens/full/delta(5) 4 ms\n"
[ERROR][2025-03-26 01:51:36] .../vim/lsp/rpc.lua:770	"rpc"	"/usr/bin/clangd-18"	"stderr"	"I[01:51:36.559] <-- textDocument/didChange\n"
[ERROR][2025-03-26 01:51:36] .../vim/lsp/rpc.lua:770	"rpc"	"/usr/bin/clangd-18"	"stderr"	"I[01:51:36.610] Failed to find compilation database for /home/sasha2k62024/GitHub/NeovimGUIManager/IDE/Neovim/main.cpp\n"
[ERROR][2025-03-26 01:51:36] .../vim/lsp/rpc.lua:770	"rpc"	"/usr/bin/clangd-18"	"stderr"	"I[01:51:36.610] ASTWorker building file /home/sasha2k62024/GitHub/NeovimGUIManager/IDE/Neovim/main.cpp version 6 with command clangd fallback\n[/home/sasha2k62024/GitHub/NeovimGUIManager/IDE/Neovim]\n/usr/bin/clang -IHeaderFiles/rlImGui -resource-dir=/usr/lib/llvm-18/lib/clang/18 -- /home/sasha2k62024/GitHub/NeovimGUIManager/IDE/Neovim/main.cpp\n"
[ERROR][2025-03-26 01:51:36] .../vim/lsp/rpc.lua:770	"rpc"	"/usr/bin/clangd-18"	"stderr"	"I[01:51:36.620] --> textDocument/publishDiagnostics\n"
[ERROR][2025-03-26 01:51:36] .../vim/lsp/rpc.lua:770	"rpc"	"/usr/bin/clangd-18"	"stderr"	"I[01:51:36.626] Built preamble of size 222228 for file /home/sasha2k62024/GitHub/NeovimGUIManager/IDE/Neovim/main.cpp version 6 in 0.01 seconds\n"
[ERROR][2025-03-26 01:51:36] .../vim/lsp/rpc.lua:770	"rpc"	"/usr/bin/clangd-18"	"stderr"	"I[01:51:36.626] --> workspace/semanticTokens/refresh(2)\n"
[ERROR][2025-03-26 01:51:36] .../vim/lsp/rpc.lua:770	"rpc"	"/usr/bin/clangd-18"	"stderr"	"I[01:51:36.629] <-- textDocument/semanticTokens/full/delta(6)\nI[01:51:36.629] <-- reply(2)\n"
[ERROR][2025-03-26 01:51:36] .../vim/lsp/rpc.lua:770	"rpc"	"/usr/bin/clangd-18"	"stderr"	"I[01:51:36.633] --> textDocument/publishDiagnostics\n"
[ERROR][2025-03-26 01:51:36] .../vim/lsp/rpc.lua:770	"rpc"	"/usr/bin/clangd-18"	"stderr"	"I[01:51:36.633] --> reply:textDocument/semanticTokens/full/delta(6) 4 ms\n"
[ERROR][2025-03-26 01:51:37] .../vim/lsp/rpc.lua:770	"rpc"	"/usr/bin/clangd-18"	"stderr"	"I[01:51:37.842] <-- textDocument/didChange\n"
[ERROR][2025-03-26 01:51:37] .../vim/lsp/rpc.lua:770	"rpc"	"/usr/bin/clangd-18"	"stderr"	"I[01:51:37.892] Failed to find compilation database for /home/sasha2k62024/GitHub/NeovimGUIManager/IDE/Neovim/main.cpp\n"
[ERROR][2025-03-26 01:51:37] .../vim/lsp/rpc.lua:770	"rpc"	"/usr/bin/clangd-18"	"stderr"	"I[01:51:37.893] ASTWorker building file /home/sasha2k62024/GitHub/NeovimGUIManager/IDE/Neovim/main.cpp version 7 with command clangd fallback\n[/home/sasha2k62024/GitHub/NeovimGUIManager/IDE/Neovim]\n/usr/bin/clang -IHeaderFiles/rlImGui -resource-dir=/usr/lib/llvm-18/lib/clang/18 -- /home/sasha2k62024/GitHub/NeovimGUIManager/IDE/Neovim/main.cpp\n"
[ERROR][2025-03-26 01:51:37] .../vim/lsp/rpc.lua:770	"rpc"	"/usr/bin/clangd-18"	"stderr"	"I[01:51:37.901] --> textDocument/publishDiagnostics\n"
[ERROR][2025-03-26 01:51:37] .../vim/lsp/rpc.lua:770	"rpc"	"/usr/bin/clangd-18"	"stderr"	"I[01:51:37.904] Built preamble of size 222228 for file /home/sasha2k62024/GitHub/NeovimGUIManager/IDE/Neovim/main.cpp version 7 in 0.01 seconds\n"
[ERROR][2025-03-26 01:51:37] .../vim/lsp/rpc.lua:770	"rpc"	"/usr/bin/clangd-18"	"stderr"	"I[01:51:37.905] --> workspace/semanticTokens/refresh(3)\n"
[ERROR][2025-03-26 01:51:37] .../vim/lsp/rpc.lua:770	"rpc"	"/usr/bin/clangd-18"	"stderr"	"I[01:51:37.907] <-- textDocument/semanticTokens/full/delta(7)\nI[01:51:37.907] <-- reply(3)\n"
[ERROR][2025-03-26 01:51:37] .../vim/lsp/rpc.lua:770	"rpc"	"/usr/bin/clangd-18"	"stderr"	"I[01:51:37.912] --> textDocument/publishDiagnostics\n"
[ERROR][2025-03-26 01:51:37] .../vim/lsp/rpc.lua:770	"rpc"	"/usr/bin/clangd-18"	"stderr"	"I[01:51:37.912] --> reply:textDocument/semanticTokens/full/delta(7) 4 ms\n"
[ERROR][2025-03-26 01:51:38] .../vim/lsp/rpc.lua:770	"rpc"	"/usr/bin/clangd-18"	"stderr"	"I[01:51:38.118] <-- textDocument/didChange\nI[01:51:38.120] <-- textDocument/completion(8)\n"
[ERROR][2025-03-26 01:51:38] .../vim/lsp/rpc.lua:770	"rpc"	"/usr/bin/clangd-18"	"stderr"	"I[01:51:38.133] Code complete: sema context PreprocessorDirective, query scopes [] (AnyScope=true), expected type <none>\n"
[ERROR][2025-03-26 01:51:38] .../vim/lsp/rpc.lua:770	"rpc"	"/usr/bin/clangd-18"	"stderr"	"I[01:51:38.134] Code complete: 7 results from Sema, 0 from Index, 0 matched, 0 from identifiers, 7 returned.\n"
[ERROR][2025-03-26 01:51:38] .../vim/lsp/rpc.lua:770	"rpc"	"/usr/bin/clangd-18"	"stderr"	"I[01:51:38.134] --> reply:textDocument/completion(8) 13 ms\n"
[ERROR][2025-03-26 01:51:38] .../vim/lsp/rpc.lua:770	"rpc"	"/usr/bin/clangd-18"	"stderr"	"I[01:51:38.169] Failed to find compilation database for /home/sasha2k62024/GitHub/NeovimGUIManager/IDE/Neovim/main.cpp\n"
[ERROR][2025-03-26 01:51:38] .../vim/lsp/rpc.lua:770	"rpc"	"/usr/bin/clangd-18"	"stderr"	"I[01:51:38.170] ASTWorker building file /home/sasha2k62024/GitHub/NeovimGUIManager/IDE/Neovim/main.cpp version 8 with command clangd fallback\n[/home/sasha2k62024/GitHub/NeovimGUIManager/IDE/Neovim]\n/usr/bin/clang -IHeaderFiles/rlImGui -resource-dir=/usr/lib/llvm-18/lib/clang/18 -- /home/sasha2k62024/GitHub/NeovimGUIManager/IDE/Neovim/main.cpp\n"
[ERROR][2025-03-26 01:51:38] .../vim/lsp/rpc.lua:770	"rpc"	"/usr/bin/clangd-18"	"stderr"	"I[01:51:38.178] --> textDocument/publishDiagnostics\n"
[ERROR][2025-03-26 01:51:38] .../vim/lsp/rpc.lua:770	"rpc"	"/usr/bin/clangd-18"	"stderr"	"I[01:51:38.268] <-- textDocument/didChange\n"
[ERROR][2025-03-26 01:51:38] .../vim/lsp/rpc.lua:770	"rpc"	"/usr/bin/clangd-18"	"stderr"	"I[01:51:38.319] Failed to find compilation database for /home/sasha2k62024/GitHub/NeovimGUIManager/IDE/Neovim/main.cpp\n"
[ERROR][2025-03-26 01:51:38] .../vim/lsp/rpc.lua:770	"rpc"	"/usr/bin/clangd-18"	"stderr"	"I[01:51:38.319] ASTWorker building file /home/sasha2k62024/GitHub/NeovimGUIManager/IDE/Neovim/main.cpp version 9 with command clangd fallback\n[/home/sasha2k62024/GitHub/NeovimGUIManager/IDE/Neovim]\n/usr/bin/clang -IHeaderFiles/rlImGui -resource-dir=/usr/lib/llvm-18/lib/clang/18 -- /home/sasha2k62024/GitHub/NeovimGUIManager/IDE/Neovim/main.cpp\n"
[ERROR][2025-03-26 01:51:38] .../vim/lsp/rpc.lua:770	"rpc"	"/usr/bin/clangd-18"	"stderr"	"I[01:51:38.340] --> textDocument/publishDiagnostics\n"
[ERROR][2025-03-26 01:51:38] .../vim/lsp/rpc.lua:770	"rpc"	"/usr/bin/clangd-18"	"stderr"	"I[01:51:38.417] <-- textDocument/didChange\n"
[ERROR][2025-03-26 01:51:38] .../vim/lsp/rpc.lua:770	"rpc"	"/usr/bin/clangd-18"	"stderr"	"I[01:51:38.469] Failed to find compilation database for /home/sasha2k62024/GitHub/NeovimGUIManager/IDE/Neovim/main.cpp\nI[01:51:38.469] ASTWorker building file /home/sasha2k62024/GitHub/NeovimGUIManager/IDE/Neovim/main.cpp version 10 with command clangd fallback\n[/home/sasha2k62024/GitHub/NeovimGUIManager/IDE/Neovim]\n/usr/bin/clang -IHeaderFiles/rlImGui -resource-dir=/usr/lib/llvm-18/lib/clang/18 -- /home/sasha2k62024/GitHub/NeovimGUIManager/IDE/Neovim/main.cpp\n"
[ERROR][2025-03-26 01:51:38] .../vim/lsp/rpc.lua:770	"rpc"	"/usr/bin/clangd-18"	"stderr"	"I[01:51:38.484] --> textDocument/publishDiagnostics\n"
[ERROR][2025-03-26 01:51:38] .../vim/lsp/rpc.lua:770	"rpc"	"/usr/bin/clangd-18"	"stderr"	"I[01:51:38.567] <-- textDocument/didChange\n"
[ERROR][2025-03-26 01:51:38] .../vim/lsp/rpc.lua:770	"rpc"	"/usr/bin/clangd-18"	"stderr"	"I[01:51:38.618] Failed to find compilation database for /home/sasha2k62024/GitHub/NeovimGUIManager/IDE/Neovim/main.cpp\n"
[ERROR][2025-03-26 01:51:38] .../vim/lsp/rpc.lua:770	"rpc"	"/usr/bin/clangd-18"	"stderr"	"I[01:51:38.619] ASTWorker building file /home/sasha2k62024/GitHub/NeovimGUIManager/IDE/Neovim/main.cpp version 11 with command clangd fallback\n[/home/sasha2k62024/GitHub/NeovimGUIManager/IDE/Neovim]\n/usr/bin/clang -IHeaderFiles/rlImGui -resource-dir=/usr/lib/llvm-18/lib/clang/18 -- /home/sasha2k62024/GitHub/NeovimGUIManager/IDE/Neovim/main.cpp\n"
[ERROR][2025-03-26 01:51:38] .../vim/lsp/rpc.lua:770	"rpc"	"/usr/bin/clangd-18"	"stderr"	"I[01:51:38.627] --> textDocument/publishDiagnostics\n"
[ERROR][2025-03-26 01:51:38] .../vim/lsp/rpc.lua:770	"rpc"	"/usr/bin/clangd-18"	"stderr"	"I[01:51:38.664] <-- textDocument/semanticTokens/full/delta(9)\n"
[ERROR][2025-03-26 01:51:38] .../vim/lsp/rpc.lua:770	"rpc"	"/usr/bin/clangd-18"	"stderr"	"I[01:51:38.664] --> reply:textDocument/semanticTokens/full/delta(9) 0 ms\n"
[ERROR][2025-03-26 01:51:38] .../vim/lsp/rpc.lua:770	"rpc"	"/usr/bin/clangd-18"	"stderr"	"I[01:51:38.718] <-- textDocument/didChange\n"
[ERROR][2025-03-26 01:51:38] .../vim/lsp/rpc.lua:770	"rpc"	"/usr/bin/clangd-18"	"stderr"	"I[01:51:38.768] Failed to find compilation database for /home/sasha2k62024/GitHub/NeovimGUIManager/IDE/Neovim/main.cpp\n"
[ERROR][2025-03-26 01:51:38] .../vim/lsp/rpc.lua:770	"rpc"	"/usr/bin/clangd-18"	"stderr"	"I[01:51:38.769] ASTWorker building file /home/sasha2k62024/GitHub/NeovimGUIManager/IDE/Neovim/main.cpp version 12 with command clangd fallback\n[/home/sasha2k62024/GitHub/NeovimGUIManager/IDE/Neovim]\n/usr/bin/clang -IHeaderFiles/rlImGui -resource-dir=/usr/lib/llvm-18/lib/clang/18 -- /home/sasha2k62024/GitHub/NeovimGUIManager/IDE/Neovim/main.cpp\n"
[ERROR][2025-03-26 01:51:38] .../vim/lsp/rpc.lua:770	"rpc"	"/usr/bin/clangd-18"	"stderr"	"I[01:51:38.776] --> textDocument/publishDiagnostics\n"
[ERROR][2025-03-26 01:51:38] .../vim/lsp/rpc.lua:770	"rpc"	"/usr/bin/clangd-18"	"stderr"	"I[01:51:38.868] <-- textDocument/didChange\n"
[ERROR][2025-03-26 01:51:38] .../vim/lsp/rpc.lua:770	"rpc"	"/usr/bin/clangd-18"	"stderr"	"I[01:51:38.919] Failed to find compilation database for /home/sasha2k62024/GitHub/NeovimGUIManager/IDE/Neovim/main.cpp\n"
[ERROR][2025-03-26 01:51:38] .../vim/lsp/rpc.lua:770	"rpc"	"/usr/bin/clangd-18"	"stderr"	"I[01:51:38.920] ASTWorker building file /home/sasha2k62024/GitHub/NeovimGUIManager/IDE/Neovim/main.cpp version 14 with command clangd fallback\n[/home/sasha2k62024/GitHub/NeovimGUIManager/IDE/Neovim]\n/usr/bin/clang -IHeaderFiles/rlImGui -resource-dir=/usr/lib/llvm-18/lib/clang/18 -- /home/sasha2k62024/GitHub/NeovimGUIManager/IDE/Neovim/main.cpp\n"
[ERROR][2025-03-26 01:51:38] .../vim/lsp/rpc.lua:770	"rpc"	"/usr/bin/clangd-18"	"stderr"	"I[01:51:38.928] --> textDocument/publishDiagnostics\n"
[ERROR][2025-03-26 01:51:38] .../vim/lsp/rpc.lua:770	"rpc"	"/usr/bin/clangd-18"	"stderr"	"I[01:51:38.931] Built preamble of size 222236 for file /home/sasha2k62024/GitHub/NeovimGUIManager/IDE/Neovim/main.cpp version 14 in 0.01 seconds\n"
[ERROR][2025-03-26 01:51:38] .../vim/lsp/rpc.lua:770	"rpc"	"/usr/bin/clangd-18"	"stderr"	"I[01:51:38.931] --> workspace/semanticTokens/refresh(4)\n"
[ERROR][2025-03-26 01:51:38] .../vim/lsp/rpc.lua:770	"rpc"	"/usr/bin/clangd-18"	"stderr"	"I[01:51:38.932] <-- textDocument/semanticTokens/full/delta(10)\n"
[ERROR][2025-03-26 01:51:38] .../vim/lsp/rpc.lua:770	"rpc"	"/usr/bin/clangd-18"	"stderr"	"I[01:51:38.932] <-- reply(4)\n"
[ERROR][2025-03-26 01:51:38] .../vim/lsp/rpc.lua:770	"rpc"	"/usr/bin/clangd-18"	"stderr"	"I[01:51:38.939] --> textDocument/publishDiagnostics\n"
[ERROR][2025-03-26 01:51:38] .../vim/lsp/rpc.lua:770	"rpc"	"/usr/bin/clangd-18"	"stderr"	"I[01:51:38.939] --> reply:textDocument/semanticTokens/full/delta(10) 7 ms\n"
[ERROR][2025-03-26 01:51:39] .../vim/lsp/rpc.lua:770	"rpc"	"/usr/bin/clangd-18"	"stderr"	"I[01:51:39.239] <-- textDocument/didChange\n"
[ERROR][2025-03-26 01:51:39] .../vim/lsp/rpc.lua:770	"rpc"	"/usr/bin/clangd-18"	"stderr"	"I[01:51:39.264] <-- textDocument/didChange\n"
[ERROR][2025-03-26 01:51:39] .../vim/lsp/rpc.lua:770	"rpc"	"/usr/bin/clangd-18"	"stderr"	"I[01:51:39.264] <-- textDocument/completion(11)\n"
[ERROR][2025-03-26 01:51:39] .../vim/lsp/rpc.lua:770	"rpc"	"/usr/bin/clangd-18"	"stderr"	"I[01:51:39.302] Code complete: sema context IncludedFile, query scopes [] (AnyScope=true), expected type <none>\n"
[ERROR][2025-03-26 01:51:39] .../vim/lsp/rpc.lua:770	"rpc"	"/usr/bin/clangd-18"	"stderr"	"I[01:51:39.302] Code complete: 578 results from Sema, 0 from Index, 0 matched, 0 from identifiers, 100 returned (incomplete).\n"
[ERROR][2025-03-26 01:51:39] .../vim/lsp/rpc.lua:770	"rpc"	"/usr/bin/clangd-18"	"stderr"	"I[01:51:39.312] --> reply:textDocument/completion(11) 48 ms\n"
[ERROR][2025-03-26 01:51:39] .../vim/lsp/rpc.lua:770	"rpc"	"/usr/bin/clangd-18"	"stderr"	"I[01:51:39.314] Failed to find compilation database for /home/sasha2k62024/GitHub/NeovimGUIManager/IDE/Neovim/main.cpp\nI[01:51:39.315] ASTWorker building file /home/sasha2k62024/GitHub/NeovimGUIManager/IDE/Neovim/main.cpp version 31 with command clangd fallback\n[/home/sasha2k62024/GitHub/NeovimGUIManager/IDE/Neovim]\n/usr/bin/clang -IHeaderFiles/rlImGui -resource-dir=/usr/lib/llvm-18/lib/clang/18 -- /home/sasha2k62024/GitHub/NeovimGUIManager/IDE/Neovim/main.cpp\n"
[ERROR][2025-03-26 01:51:39] .../vim/lsp/rpc.lua:770	"rpc"	"/usr/bin/clangd-18"	"stderr"	"I[01:51:39.323] --> textDocument/publishDiagnostics\n"
[ERROR][2025-03-26 01:51:39] .../vim/lsp/rpc.lua:770	"rpc"	"/usr/bin/clangd-18"	"stderr"	"I[01:51:39.327] Built preamble of size 222240 for file /home/sasha2k62024/GitHub/NeovimGUIManager/IDE/Neovim/main.cpp version 31 in 0.01 seconds\nI[01:51:39.327] --> workspace/semanticTokens/refresh(5)\n"
[ERROR][2025-03-26 01:51:39] .../vim/lsp/rpc.lua:770	"rpc"	"/usr/bin/clangd-18"	"stderr"	"I[01:51:39.331] <-- textDocument/semanticTokens/full/delta(12)\nI[01:51:39.331] <-- reply(5)\n"
[ERROR][2025-03-26 01:51:39] .../vim/lsp/rpc.lua:770	"rpc"	"/usr/bin/clangd-18"	"stderr"	"I[01:51:39.336] --> textDocument/publishDiagnostics\n"
[ERROR][2025-03-26 01:51:39] .../vim/lsp/rpc.lua:770	"rpc"	"/usr/bin/clangd-18"	"stderr"	"I[01:51:39.336] --> reply:textDocument/semanticTokens/full/delta(12) 4 ms\n"
[ERROR][2025-03-26 01:51:39] .../vim/lsp/rpc.lua:770	"rpc"	"/usr/bin/clangd-18"	"stderr"	"I[01:51:39.738] Indexed c++17 standard library (incomplete due to errors): 13650 symbols, 1810 filtered\n"
[ERROR][2025-03-26 01:51:40] .../vim/lsp/rpc.lua:770	"rpc"	"/usr/bin/clangd-18"	"stderr"	"I[01:51:40.086] <-- textDocument/didChange\n"
[ERROR][2025-03-26 01:51:40] .../vim/lsp/rpc.lua:770	"rpc"	"/usr/bin/clangd-18"	"stderr"	"I[01:51:40.093] <-- textDocument/completion(13)\n"
[ERROR][2025-03-26 01:51:40] .../vim/lsp/rpc.lua:770	"rpc"	"/usr/bin/clangd-18"	"stderr"	"I[01:51:40.113] Code complete: sema context IncludedFile, query scopes [] (AnyScope=true), expected type <none>\n"
[ERROR][2025-03-26 01:51:40] .../vim/lsp/rpc.lua:770	"rpc"	"/usr/bin/clangd-18"	"stderr"	"I[01:51:40.114] Code complete: 22 results from Sema, 0 from Index, 0 matched, 0 from identifiers, 22 returned.\n"
[ERROR][2025-03-26 01:51:40] .../vim/lsp/rpc.lua:770	"rpc"	"/usr/bin/clangd-18"	"stderr"	"I[01:51:40.114] --> reply:textDocument/completion(13) 21 ms\n"
[ERROR][2025-03-26 01:51:40] .../vim/lsp/rpc.lua:770	"rpc"	"/usr/bin/clangd-18"	"stderr"	"I[01:51:40.137] Failed to find compilation database for /home/sasha2k62024/GitHub/NeovimGUIManager/IDE/Neovim/main.cpp\n"
[ERROR][2025-03-26 01:51:40] .../vim/lsp/rpc.lua:770	"rpc"	"/usr/bin/clangd-18"	"stderr"	"I[01:51:40.138] ASTWorker building file /home/sasha2k62024/GitHub/NeovimGUIManager/IDE/Neovim/main.cpp version 32 with command clangd fallback\n[/home/sasha2k62024/GitHub/NeovimGUIManager/IDE/Neovim]\n/usr/bin/clang -IHeaderFiles/rlImGui -resource-dir=/usr/lib/llvm-18/lib/clang/18 -- /home/sasha2k62024/GitHub/NeovimGUIManager/IDE/Neovim/main.cpp\n"
[ERROR][2025-03-26 01:51:40] .../vim/lsp/rpc.lua:770	"rpc"	"/usr/bin/clangd-18"	"stderr"	"E[01:51:40.160] IncludeCleaner: Failed to get an entry for resolved path : No such file or directory\n"
[ERROR][2025-03-26 01:51:40] .../vim/lsp/rpc.lua:770	"rpc"	"/usr/bin/clangd-18"	"stderr"	"I[01:51:40.162] --> textDocument/publishDiagnostics\n"
[ERROR][2025-03-26 01:51:40] .../vim/lsp/rpc.lua:770	"rpc"	"/usr/bin/clangd-18"	"stderr"	"I[01:51:40.172] Built preamble of size 222240 for file /home/sasha2k62024/GitHub/NeovimGUIManager/IDE/Neovim/main.cpp version 32 in 0.03 seconds\n"
[ERROR][2025-03-26 01:51:40] .../vim/lsp/rpc.lua:770	"rpc"	"/usr/bin/clangd-18"	"stderr"	"I[01:51:40.172] --> workspace/semanticTokens/refresh(6)\n"
[ERROR][2025-03-26 01:51:40] .../vim/lsp/rpc.lua:770	"rpc"	"/usr/bin/clangd-18"	"stderr"	"I[01:51:40.173] <-- textDocument/semanticTokens/full/delta(14)\nI[01:51:40.173] <-- reply(6)\n"
[ERROR][2025-03-26 01:51:40] .../vim/lsp/rpc.lua:770	"rpc"	"/usr/bin/clangd-18"	"stderr"	"E[01:51:40.182] IncludeCleaner: Failed to get an entry for resolved path : No such file or directory\nI[01:51:40.183] --> textDocument/publishDiagnostics\nI[01:51:40.183] --> reply:textDocument/semanticTokens/full/delta(14) 9 ms\n"
[ERROR][2025-03-26 01:51:40] .../vim/lsp/rpc.lua:770	"rpc"	"/usr/bin/clangd-18"	"stderr"	"I[01:51:40.239] <-- textDocument/didChange\n"
[ERROR][2025-03-26 01:51:40] .../vim/lsp/rpc.lua:770	"rpc"	"/usr/bin/clangd-18"	"stderr"	"I[01:51:40.291] Failed to find compilation database for /home/sasha2k62024/GitHub/NeovimGUIManager/IDE/Neovim/main.cpp\n"
[ERROR][2025-03-26 01:51:40] .../vim/lsp/rpc.lua:770	"rpc"	"/usr/bin/clangd-18"	"stderr"	"I[01:51:40.292] ASTWorker building file /home/sasha2k62024/GitHub/NeovimGUIManager/IDE/Neovim/main.cpp version 33 with command clangd fallback\n[/home/sasha2k62024/GitHub/NeovimGUIManager/IDE/Neovim]\n/usr/bin/clang -IHeaderFiles/rlImGui -resource-dir=/usr/lib/llvm-18/lib/clang/18 -- /home/sasha2k62024/GitHub/NeovimGUIManager/IDE/Neovim/main.cpp\n"
[ERROR][2025-03-26 01:51:40] .../vim/lsp/rpc.lua:770	"rpc"	"/usr/bin/clangd-18"	"stderr"	"E[01:51:40.309] IncludeCleaner: Failed to get an entry for resolved path : No such file or directory\nI[01:51:40.310] --> textDocument/publishDiagnostics\n"
[ERROR][2025-03-26 01:51:40] .../vim/lsp/rpc.lua:770	"rpc"	"/usr/bin/clangd-18"	"stderr"	"I[01:51:40.312] Built preamble of size 222240 for file /home/sasha2k62024/GitHub/NeovimGUIManager/IDE/Neovim/main.cpp version 33 in 0.01 seconds\n"
[ERROR][2025-03-26 01:51:40] .../vim/lsp/rpc.lua:770	"rpc"	"/usr/bin/clangd-18"	"stderr"	"I[01:51:40.312] --> workspace/semanticTokens/refresh(7)\n"
[ERROR][2025-03-26 01:51:40] .../vim/lsp/rpc.lua:770	"rpc"	"/usr/bin/clangd-18"	"stderr"	"I[01:51:40.314] <-- textDocument/didChange\n"
[ERROR][2025-03-26 01:51:40] .../vim/lsp/rpc.lua:770	"rpc"	"/usr/bin/clangd-18"	"stderr"	"I[01:51:40.314] <-- textDocument/semanticTokens/full/delta(15)\n"
[ERROR][2025-03-26 01:51:40] .../vim/lsp/rpc.lua:770	"rpc"	"/usr/bin/clangd-18"	"stderr"	"I[01:51:40.315] <-- reply(7)\n"
[ERROR][2025-03-26 01:51:40] .../vim/lsp/rpc.lua:770	"rpc"	"/usr/bin/clangd-18"	"stderr"	"E[01:51:40.322] IncludeCleaner: Failed to get an entry for resolved path : No such file or directory\n"
[ERROR][2025-03-26 01:51:40] .../vim/lsp/rpc.lua:770	"rpc"	"/usr/bin/clangd-18"	"stderr"	"I[01:51:40.323] --> textDocument/publishDiagnostics\n"
[ERROR][2025-03-26 01:51:40] .../vim/lsp/rpc.lua:770	"rpc"	"/usr/bin/clangd-18"	"stderr"	"I[01:51:40.323] Failed to find compilation database for /home/sasha2k62024/GitHub/NeovimGUIManager/IDE/Neovim/main.cpp\nI[01:51:40.324] ASTWorker building file /home/sasha2k62024/GitHub/NeovimGUIManager/IDE/Neovim/main.cpp version 34 with command clangd fallback\n[/home/sasha2k62024/GitHub/NeovimGUIManager/IDE/Neovim]\n/usr/bin/clang -IHeaderFiles/rlImGui -resource-dir=/usr/lib/llvm-18/lib/clang/18 -- /home/sasha2k62024/GitHub/NeovimGUIManager/IDE/Neovim/main.cpp\n"
[ERROR][2025-03-26 01:51:40] .../vim/lsp/rpc.lua:770	"rpc"	"/usr/bin/clangd-18"	"stderr"	"I[01:51:40.479] <-- textDocument/didChange\n"
[ERROR][2025-03-26 01:51:40] .../vim/lsp/rpc.lua:770	"rpc"	"/usr/bin/clangd-18"	"stderr"	"I[01:51:40.630] <-- textDocument/didChange\n"
[ERROR][2025-03-26 01:51:40] .../vim/lsp/rpc.lua:770	"rpc"	"/usr/bin/clangd-18"	"stderr"	"I[01:51:40.781] <-- textDocument/didChange\n"
[ERROR][2025-03-26 01:51:40] .../vim/lsp/rpc.lua:770	"rpc"	"/usr/bin/clangd-18"	"stderr"	"I[01:51:40.931] <-- textDocument/didChange\n"
[ERROR][2025-03-26 01:51:40] .../vim/lsp/rpc.lua:770	"rpc"	"/usr/bin/clangd-18"	"stderr"	"I[01:51:40.960] <-- textDocument/didChange\n"
[ERROR][2025-03-26 01:51:40] .../vim/lsp/rpc.lua:770	"rpc"	"/usr/bin/clangd-18"	"stderr"	"I[01:51:40.962] <-- textDocument/completion(16)\nI[01:51:40.962] --> reply:textDocument/completion(16) 0 ms\n"
[ERROR][2025-03-26 01:51:41] .../vim/lsp/rpc.lua:770	"rpc"	"/usr/bin/clangd-18"	"stderr"	"I[01:51:41.040] Built preamble of size 2945892 for file /home/sasha2k62024/GitHub/NeovimGUIManager/IDE/Neovim/main.cpp version 34 in 0.71 seconds\n"
[ERROR][2025-03-26 01:51:41] .../vim/lsp/rpc.lua:770	"rpc"	"/usr/bin/clangd-18"	"stderr"	"I[01:51:41.040] --> workspace/semanticTokens/refresh(8)\n"
[ERROR][2025-03-26 01:51:41] .../vim/lsp/rpc.lua:770	"rpc"	"/usr/bin/clangd-18"	"stderr"	"I[01:51:41.041] <-- $/cancelRequest\nI[01:51:41.042] <-- textDocument/semanticTokens/full/delta(17)\nI[01:51:41.042] <-- reply(8)\n"
[ERROR][2025-03-26 01:51:41] .../vim/lsp/rpc.lua:770	"rpc"	"/usr/bin/clangd-18"	"stderr"	"I[01:51:41.218] --> textDocument/publishDiagnostics\n"
[ERROR][2025-03-26 01:51:41] .../vim/lsp/rpc.lua:770	"rpc"	"/usr/bin/clangd-18"	"stderr"	"I[01:51:41.231] --> textDocument/publishDiagnostics\n"
[ERROR][2025-03-26 01:51:41] .../vim/lsp/rpc.lua:770	"rpc"	"/usr/bin/clangd-18"	"stderr"	"I[01:51:41.231] --> reply:textDocument/semanticTokens/full/delta(15) 917 ms, error: Task was cancelled.\nI[01:51:41.232] Failed to find compilation database for /home/sasha2k62024/GitHub/NeovimGUIManager/IDE/Neovim/main.cpp\nI[01:51:41.232] ASTWorker building file /home/sasha2k62024/GitHub/NeovimGUIManager/IDE/Neovim/main.cpp version 55 with command clangd fallback\n[/home/sasha2k62024/GitHub/NeovimGUIManager/IDE/Neovim]\n/usr/bin/clang -IHeaderFiles/rlImGui -resource-dir=/usr/lib/llvm-18/lib/clang/18 -- /home/sasha2k62024/GitHub/NeovimGUIManager/IDE/Neovim/main.cpp\n"
[ERROR][2025-03-26 01:51:41] .../vim/lsp/rpc.lua:770	"rpc"	"/usr/bin/clangd-18"	"stderr"	"I[01:51:41.285] <-- textDocument/didChange\n"
[ERROR][2025-03-26 01:51:41] .../vim/lsp/rpc.lua:770	"rpc"	"/usr/bin/clangd-18"	"stderr"	"I[01:51:41.314] --> textDocument/publishDiagnostics\nI[01:51:41.315] --> reply:textDocument/semanticTokens/full/delta(17) 272 ms, error: Task was cancelled.\n"
[ERROR][2025-03-26 01:51:41] .../vim/lsp/rpc.lua:770	"rpc"	"/usr/bin/clangd-18"	"stderr"	"I[01:51:41.337] Failed to find compilation database for /home/sasha2k62024/GitHub/NeovimGUIManager/IDE/Neovim/main.cpp\n"
[ERROR][2025-03-26 01:51:41] .../vim/lsp/rpc.lua:770	"rpc"	"/usr/bin/clangd-18"	"stderr"	"I[01:51:41.338] ASTWorker building file /home/sasha2k62024/GitHub/NeovimGUIManager/IDE/Neovim/main.cpp version 56 with command clangd fallback\n[/home/sasha2k62024/GitHub/NeovimGUIManager/IDE/Neovim]\n/usr/bin/clang -IHeaderFiles/rlImGui -resource-dir=/usr/lib/llvm-18/lib/clang/18 -- /home/sasha2k62024/GitHub/NeovimGUIManager/IDE/Neovim/main.cpp\n"
[ERROR][2025-03-26 01:51:41] .../vim/lsp/rpc.lua:770	"rpc"	"/usr/bin/clangd-18"	"stderr"	"I[01:51:41.414] --> textDocument/publishDiagnostics\n"
[ERROR][2025-03-26 01:51:41] .../vim/lsp/rpc.lua:770	"rpc"	"/usr/bin/clangd-18"	"stderr"	"I[01:51:41.485] <-- $/cancelRequest\n"
[ERROR][2025-03-26 01:51:41] .../vim/lsp/rpc.lua:770	"rpc"	"/usr/bin/clangd-18"	"stderr"	"I[01:51:41.486] <-- textDocument/semanticTokens/full/delta(18)\n"
[ERROR][2025-03-26 01:51:41] .../vim/lsp/rpc.lua:770	"rpc"	"/usr/bin/clangd-18"	"stderr"	"I[01:51:41.486] --> reply:textDocument/semanticTokens/full/delta(18) 0 ms\n"
[ERROR][2025-03-26 01:51:41] .../vim/lsp/rpc.lua:770	"rpc"	"/usr/bin/clangd-18"	"stderr"	"I[01:51:41.719] <-- textDocument/didChange\n"
[ERROR][2025-03-26 01:51:41] .../vim/lsp/rpc.lua:770	"rpc"	"/usr/bin/clangd-18"	"stderr"	"I[01:51:41.794] Failed to find compilation database for /home/sasha2k62024/GitHub/NeovimGUIManager/IDE/Neovim/main.cpp\n"
[ERROR][2025-03-26 01:51:41] .../vim/lsp/rpc.lua:770	"rpc"	"/usr/bin/clangd-18"	"stderr"	"I[01:51:41.795] ASTWorker building file /home/sasha2k62024/GitHub/NeovimGUIManager/IDE/Neovim/main.cpp version 57 with command clangd fallback\n[/home/sasha2k62024/GitHub/NeovimGUIManager/IDE/Neovim]\n/usr/bin/clang -IHeaderFiles/rlImGui -resource-dir=/usr/lib/llvm-18/lib/clang/18 -- /home/sasha2k62024/GitHub/NeovimGUIManager/IDE/Neovim/main.cpp\n"
[ERROR][2025-03-26 01:51:41] .../vim/lsp/rpc.lua:770	"rpc"	"/usr/bin/clangd-18"	"stderr"	"I[01:51:41.843] Built preamble of size 3071176 for file /home/sasha2k62024/GitHub/NeovimGUIManager/IDE/Neovim/main.cpp version 55 in 0.61 seconds\n"
[ERROR][2025-03-26 01:51:41] .../vim/lsp/rpc.lua:770	"rpc"	"/usr/bin/clangd-18"	"stderr"	"I[01:51:41.844] --> workspace/semanticTokens/refresh(9)\n"
[ERROR][2025-03-26 01:51:41] .../vim/lsp/rpc.lua:770	"rpc"	"/usr/bin/clangd-18"	"stderr"	"I[01:51:41.844] <-- textDocument/semanticTokens/full/delta(19)\n"
[ERROR][2025-03-26 01:51:41] .../vim/lsp/rpc.lua:770	"rpc"	"/usr/bin/clangd-18"	"stderr"	"I[01:51:41.845] <-- reply(9)\n"
[ERROR][2025-03-26 01:51:41] .../vim/lsp/rpc.lua:770	"rpc"	"/usr/bin/clangd-18"	"stderr"	"I[01:51:41.878] --> textDocument/publishDiagnostics\n"
[ERROR][2025-03-26 01:51:41] .../vim/lsp/rpc.lua:770	"rpc"	"/usr/bin/clangd-18"	"stderr"	"I[01:51:41.888] --> textDocument/publishDiagnostics\n"
[ERROR][2025-03-26 01:51:41] .../vim/lsp/rpc.lua:770	"rpc"	"/usr/bin/clangd-18"	"stderr"	"I[01:51:41.888] --> reply:textDocument/semanticTokens/full/delta(19) 43 ms\n"
[ERROR][2025-03-26 01:51:42] .../vim/lsp/rpc.lua:770	"rpc"	"/usr/bin/clangd-18"	"stderr"	"I[01:51:42.027] <-- textDocument/didChange\n"
[ERROR][2025-03-26 01:51:42] .../vim/lsp/rpc.lua:770	"rpc"	"/usr/bin/clangd-18"	"stderr"	"I[01:51:42.032] <-- textDocument/completion(20)\n"
[ERROR][2025-03-26 01:51:42] .../vim/lsp/rpc.lua:770	"rpc"	"/usr/bin/clangd-18"	"stderr"	"I[01:51:42.051] Code complete: sema context TopLevel, query scopes [] (AnyScope=true), expected type <none>\n"
[ERROR][2025-03-26 01:51:42] .../vim/lsp/rpc.lua:770	"rpc"	"/usr/bin/clangd-18"	"stderr"	"I[01:51:42.052] Code complete: 6 results from Sema, 95 from Index, 0 matched, 0 from identifiers, 100 returned (incomplete).\n"
[ERROR][2025-03-26 01:51:42] .../vim/lsp/rpc.lua:770	"rpc"	"/usr/bin/clangd-18"	"stderr"	"I[01:51:42.068] --> reply:textDocument/completion(20) 35 ms\n"
[ERROR][2025-03-26 01:51:42] .../vim/lsp/rpc.lua:770	"rpc"	"/usr/bin/clangd-18"	"stderr"	"I[01:51:42.099] <-- textDocument/didChange\nI[01:51:42.099] <-- textDocument/completion(21)\n"
[ERROR][2025-03-26 01:51:42] .../vim/lsp/rpc.lua:770	"rpc"	"/usr/bin/clangd-18"	"stderr"	"I[01:51:42.117] Code complete: sema context TopLevel, query scopes [] (AnyScope=true), expected type <none>\n"
[ERROR][2025-03-26 01:51:42] .../vim/lsp/rpc.lua:770	"rpc"	"/usr/bin/clangd-18"	"stderr"	"I[01:51:42.117] Code complete: 3 results from Sema, 15 from Index, 0 matched, 0 from identifiers, 18 returned (incomplete).\nI[01:51:42.118] --> reply:textDocument/completion(21) 19 ms\n"
[ERROR][2025-03-26 01:51:42] .../vim/lsp/rpc.lua:770	"rpc"	"/usr/bin/clangd-18"	"stderr"	"I[01:51:42.180] Failed to find compilation database for /home/sasha2k62024/GitHub/NeovimGUIManager/IDE/Neovim/main.cpp\n"
[ERROR][2025-03-26 01:51:42] .../vim/lsp/rpc.lua:770	"rpc"	"/usr/bin/clangd-18"	"stderr"	"I[01:51:42.180] ASTWorker building file /home/sasha2k62024/GitHub/NeovimGUIManager/IDE/Neovim/main.cpp version 59 with command clangd fallback\n[/home/sasha2k62024/GitHub/NeovimGUIManager/IDE/Neovim]\n/usr/bin/clang -IHeaderFiles/rlImGui -resource-dir=/usr/lib/llvm-18/lib/clang/18 -- /home/sasha2k62024/GitHub/NeovimGUIManager/IDE/Neovim/main.cpp\n"
[ERROR][2025-03-26 01:51:42] .../vim/lsp/rpc.lua:770	"rpc"	"/usr/bin/clangd-18"	"stderr"	"I[01:51:42.188] <-- textDocument/didChange\nI[01:51:42.189] <-- textDocument/completion(22)\nI[01:51:42.192] --> textDocument/publishDiagnostics\n"
[ERROR][2025-03-26 01:51:42] .../vim/lsp/rpc.lua:770	"rpc"	"/usr/bin/clangd-18"	"stderr"	"I[01:51:42.202] Code complete: sema context TopLevel, query scopes [] (AnyScope=true), expected type <none>\nI[01:51:42.203] Code complete: 3 results from Sema, 0 from Index, 0 matched, 0 from identifiers, 3 returned.\nI[01:51:42.204] --> reply:textDocument/completion(22) 14 ms\n"
[ERROR][2025-03-26 01:51:42] .../vim/lsp/rpc.lua:770	"rpc"	"/usr/bin/clangd-18"	"stderr"	"I[01:51:42.263] Failed to find compilation database for /home/sasha2k62024/GitHub/NeovimGUIManager/IDE/Neovim/main.cpp\n"
[ERROR][2025-03-26 01:51:42] .../vim/lsp/rpc.lua:770	"rpc"	"/usr/bin/clangd-18"	"stderr"	"I[01:51:42.263] ASTWorker building file /home/sasha2k62024/GitHub/NeovimGUIManager/IDE/Neovim/main.cpp version 60 with command clangd fallback\n[/home/sasha2k62024/GitHub/NeovimGUIManager/IDE/Neovim]\n/usr/bin/clang -IHeaderFiles/rlImGui -resource-dir=/usr/lib/llvm-18/lib/clang/18 -- /home/sasha2k62024/GitHub/NeovimGUIManager/IDE/Neovim/main.cpp\n"
[ERROR][2025-03-26 01:51:42] .../vim/lsp/rpc.lua:770	"rpc"	"/usr/bin/clangd-18"	"stderr"	"I[01:51:42.274] --> textDocument/publishDiagnostics\n"
[ERROR][2025-03-26 01:51:42] .../vim/lsp/rpc.lua:770	"rpc"	"/usr/bin/clangd-18"	"stderr"	"I[01:51:42.338] <-- textDocument/didChange\n"
[ERROR][2025-03-26 01:51:42] .../vim/lsp/rpc.lua:770	"rpc"	"/usr/bin/clangd-18"	"stderr"	"I[01:51:42.412] Failed to find compilation database for /home/sasha2k62024/GitHub/NeovimGUIManager/IDE/Neovim/main.cpp\n"
[ERROR][2025-03-26 01:51:42] .../vim/lsp/rpc.lua:770	"rpc"	"/usr/bin/clangd-18"	"stderr"	"I[01:51:42.413] ASTWorker building file /home/sasha2k62024/GitHub/NeovimGUIManager/IDE/Neovim/main.cpp version 61 with command clangd fallback\n[/home/sasha2k62024/GitHub/NeovimGUIManager/IDE/Neovim]\n/usr/bin/clang -IHeaderFiles/rlImGui -resource-dir=/usr/lib/llvm-18/lib/clang/18 -- /home/sasha2k62024/GitHub/NeovimGUIManager/IDE/Neovim/main.cpp\n"
[ERROR][2025-03-26 01:51:42] .../vim/lsp/rpc.lua:770	"rpc"	"/usr/bin/clangd-18"	"stderr"	"I[01:51:42.424] --> textDocument/publishDiagnostics\n"
[ERROR][2025-03-26 01:51:42] .../vim/lsp/rpc.lua:770	"rpc"	"/usr/bin/clangd-18"	"stderr"	"I[01:51:42.488] <-- textDocument/didChange\n"
[ERROR][2025-03-26 01:51:42] .../vim/lsp/rpc.lua:770	"rpc"	"/usr/bin/clangd-18"	"stderr"	"I[01:51:42.531] Built preamble of size 3071180 for file /home/sasha2k62024/GitHub/NeovimGUIManager/IDE/Neovim/main.cpp version 57 in 0.69 seconds\n"
[ERROR][2025-03-26 01:51:42] .../vim/lsp/rpc.lua:770	"rpc"	"/usr/bin/clangd-18"	"stderr"	"I[01:51:42.531] --> workspace/semanticTokens/refresh(10)\n"
[ERROR][2025-03-26 01:51:42] .../vim/lsp/rpc.lua:770	"rpc"	"/usr/bin/clangd-18"	"stderr"	"I[01:51:42.532] <-- textDocument/semanticTokens/full/delta(23)\nI[01:51:42.532] <-- reply(10)\n"
[ERROR][2025-03-26 01:51:42] .../vim/lsp/rpc.lua:770	"rpc"	"/usr/bin/clangd-18"	"stderr"	"I[01:51:42.542] --> textDocument/publishDiagnostics\n"
[ERROR][2025-03-26 01:51:42] .../vim/lsp/rpc.lua:770	"rpc"	"/usr/bin/clangd-18"	"stderr"	"I[01:51:42.542] Failed to find compilation database for /home/sasha2k62024/GitHub/NeovimGUIManager/IDE/Neovim/main.cpp\n"
[ERROR][2025-03-26 01:51:42] .../vim/lsp/rpc.lua:770	"rpc"	"/usr/bin/clangd-18"	"stderr"	"I[01:51:42.545] ASTWorker building file /home/sasha2k62024/GitHub/NeovimGUIManager/IDE/Neovim/main.cpp version 63 with command clangd fallback\n[/home/sasha2k62024/GitHub/NeovimGUIManager/IDE/Neovim]\n/usr/bin/clang -IHeaderFiles/rlImGui -resource-dir=/usr/lib/llvm-18/lib/clang/18 -- /home/sasha2k62024/GitHub/NeovimGUIManager/IDE/Neovim/main.cpp\n"
[ERROR][2025-03-26 01:51:42] .../vim/lsp/rpc.lua:770	"rpc"	"/usr/bin/clangd-18"	"stderr"	"I[01:51:42.550] <-- textDocument/didChange\nI[01:51:42.550] <-- textDocument/completion(24)\nI[01:51:42.556] --> textDocument/publishDiagnostics\nI[01:51:42.556] --> reply:textDocument/semanticTokens/full/delta(23) 23 ms, error: Task was cancelled.\n"
[ERROR][2025-03-26 01:51:42] .../vim/lsp/rpc.lua:770	"rpc"	"/usr/bin/clangd-18"	"stderr"	"I[01:51:42.573] Code complete: sema context SymbolOrNewName, query scopes [] (AnyScope=true), expected type <none>, inside using declaration\nI[01:51:42.574] Code complete: 1 results from Sema, 97 from Index, 0 matched, 0 from identifiers, 98 returned (incomplete).\n"
[ERROR][2025-03-26 01:51:42] .../vim/lsp/rpc.lua:770	"rpc"	"/usr/bin/clangd-18"	"stderr"	"I[01:51:42.581] --> reply:textDocument/completion(24) 30 ms\n"
[ERROR][2025-03-26 01:51:42] .../vim/lsp/rpc.lua:770	"rpc"	"/usr/bin/clangd-18"	"stderr"	"I[01:51:42.601] Failed to find compilation database for /home/sasha2k62024/GitHub/NeovimGUIManager/IDE/Neovim/main.cpp\n"
[ERROR][2025-03-26 01:51:42] .../vim/lsp/rpc.lua:770	"rpc"	"/usr/bin/clangd-18"	"stderr"	"I[01:51:42.602] ASTWorker building file /home/sasha2k62024/GitHub/NeovimGUIManager/IDE/Neovim/main.cpp version 64 with command clangd fallback\n[/home/sasha2k62024/GitHub/NeovimGUIManager/IDE/Neovim]\n/usr/bin/clang -IHeaderFiles/rlImGui -resource-dir=/usr/lib/llvm-18/lib/clang/18 -- /home/sasha2k62024/GitHub/NeovimGUIManager/IDE/Neovim/main.cpp\n"
[ERROR][2025-03-26 01:51:42] .../vim/lsp/rpc.lua:770	"rpc"	"/usr/bin/clangd-18"	"stderr"	"I[01:51:42.612] --> textDocument/publishDiagnostics\n"
[ERROR][2025-03-26 01:51:42] .../vim/lsp/rpc.lua:770	"rpc"	"/usr/bin/clangd-18"	"stderr"	"I[01:51:42.650] <-- textDocument/didChange\nI[01:51:42.650] <-- textDocument/completion(25)\n"
[ERROR][2025-03-26 01:51:42] .../vim/lsp/rpc.lua:770	"rpc"	"/usr/bin/clangd-18"	"stderr"	"I[01:51:42.670] Code complete: sema context SymbolOrNewName, query scopes [] (AnyScope=true), expected type <none>, inside using declaration\nI[01:51:42.671] Code complete: 1 results from Sema, 24 from Index, 0 matched, 0 from identifiers, 25 returned (incomplete).\n"
[ERROR][2025-03-26 01:51:42] .../vim/lsp/rpc.lua:770	"rpc"	"/usr/bin/clangd-18"	"stderr"	"I[01:51:42.672] --> reply:textDocument/completion(25) 21 ms\n"
[ERROR][2025-03-26 01:51:42] .../vim/lsp/rpc.lua:770	"rpc"	"/usr/bin/clangd-18"	"stderr"	"I[01:51:42.701] Failed to find compilation database for /home/sasha2k62024/GitHub/NeovimGUIManager/IDE/Neovim/main.cpp\n"
[ERROR][2025-03-26 01:51:42] .../vim/lsp/rpc.lua:770	"rpc"	"/usr/bin/clangd-18"	"stderr"	"I[01:51:42.701] ASTWorker building file /home/sasha2k62024/GitHub/NeovimGUIManager/IDE/Neovim/main.cpp version 65 with command clangd fallback\n[/home/sasha2k62024/GitHub/NeovimGUIManager/IDE/Neovim]\n/usr/bin/clang -IHeaderFiles/rlImGui -resource-dir=/usr/lib/llvm-18/lib/clang/18 -- /home/sasha2k62024/GitHub/NeovimGUIManager/IDE/Neovim/main.cpp\n"
[ERROR][2025-03-26 01:51:42] .../vim/lsp/rpc.lua:770	"rpc"	"/usr/bin/clangd-18"	"stderr"	"I[01:51:42.712] --> textDocument/publishDiagnostics\nI[01:51:42.715] <-- textDocument/didChange\nI[01:51:42.715] <-- textDocument/completion(26)\n"
[ERROR][2025-03-26 01:51:42] .../vim/lsp/rpc.lua:770	"rpc"	"/usr/bin/clangd-18"	"stderr"	"I[01:51:42.728] Code complete: sema context SymbolOrNewName, query scopes [] (AnyScope=true), expected type <none>, inside using declaration\nI[01:51:42.729] Code complete: 1 results from Sema, 3 from Index, 0 matched, 0 from identifiers, 4 returned.\nI[01:51:42.729] --> reply:textDocument/completion(26) 13 ms\n"
[ERROR][2025-03-26 01:51:42] .../vim/lsp/rpc.lua:770	"rpc"	"/usr/bin/clangd-18"	"stderr"	"I[01:51:42.766] Failed to find compilation database for /home/sasha2k62024/GitHub/NeovimGUIManager/IDE/Neovim/main.cpp\n"
[ERROR][2025-03-26 01:51:42] .../vim/lsp/rpc.lua:770	"rpc"	"/usr/bin/clangd-18"	"stderr"	"I[01:51:42.767] ASTWorker building file /home/sasha2k62024/GitHub/NeovimGUIManager/IDE/Neovim/main.cpp version 66 with command clangd fallback\n[/home/sasha2k62024/GitHub/NeovimGUIManager/IDE/Neovim]\n/usr/bin/clang -IHeaderFiles/rlImGui -resource-dir=/usr/lib/llvm-18/lib/clang/18 -- /home/sasha2k62024/GitHub/NeovimGUIManager/IDE/Neovim/main.cpp\n"
[ERROR][2025-03-26 01:51:42] .../vim/lsp/rpc.lua:770	"rpc"	"/usr/bin/clangd-18"	"stderr"	"I[01:51:42.778] --> textDocument/publishDiagnostics\n"
[ERROR][2025-03-26 01:51:42] .../vim/lsp/rpc.lua:770	"rpc"	"/usr/bin/clangd-18"	"stderr"	"I[01:51:42.861] <-- textDocument/didChange\n"
[ERROR][2025-03-26 01:51:42] .../vim/lsp/rpc.lua:770	"rpc"	"/usr/bin/clangd-18"	"stderr"	"I[01:51:42.912] Failed to find compilation database for /home/sasha2k62024/GitHub/NeovimGUIManager/IDE/Neovim/main.cpp\n"
[ERROR][2025-03-26 01:51:42] .../vim/lsp/rpc.lua:770	"rpc"	"/usr/bin/clangd-18"	"stderr"	"I[01:51:42.912] ASTWorker building file /home/sasha2k62024/GitHub/NeovimGUIManager/IDE/Neovim/main.cpp version 67 with command clangd fallback\n[/home/sasha2k62024/GitHub/NeovimGUIManager/IDE/Neovim]\n/usr/bin/clang -IHeaderFiles/rlImGui -resource-dir=/usr/lib/llvm-18/lib/clang/18 -- /home/sasha2k62024/GitHub/NeovimGUIManager/IDE/Neovim/main.cpp\n"
[ERROR][2025-03-26 01:51:42] .../vim/lsp/rpc.lua:770	"rpc"	"/usr/bin/clangd-18"	"stderr"	"I[01:51:42.922] --> textDocument/publishDiagnostics\n"
[ERROR][2025-03-26 01:51:43] .../vim/lsp/rpc.lua:770	"rpc"	"/usr/bin/clangd-18"	"stderr"	"I[01:51:43.011] <-- textDocument/didChange\n"
[ERROR][2025-03-26 01:51:43] .../vim/lsp/rpc.lua:770	"rpc"	"/usr/bin/clangd-18"	"stderr"	"I[01:51:43.062] Failed to find compilation database for /home/sasha2k62024/GitHub/NeovimGUIManager/IDE/Neovim/main.cpp\nI[01:51:43.062] ASTWorker building file /home/sasha2k62024/GitHub/NeovimGUIManager/IDE/Neovim/main.cpp version 68 with command clangd fallback\n[/home/sasha2k62024/GitHub/NeovimGUIManager/IDE/Neovim]\n/usr/bin/clang -IHeaderFiles/rlImGui -resource-dir=/usr/lib/llvm-18/lib/clang/18 -- /home/sasha2k62024/GitHub/NeovimGUIManager/IDE/Neovim/main.cpp\n"
[ERROR][2025-03-26 01:51:43] .../vim/lsp/rpc.lua:770	"rpc"	"/usr/bin/clangd-18"	"stderr"	"I[01:51:43.074] --> textDocument/publishDiagnostics\n"
[ERROR][2025-03-26 01:51:43] .../vim/lsp/rpc.lua:770	"rpc"	"/usr/bin/clangd-18"	"stderr"	"I[01:51:43.161] <-- textDocument/didChange\n"
[ERROR][2025-03-26 01:51:43] .../vim/lsp/rpc.lua:770	"rpc"	"/usr/bin/clangd-18"	"stderr"	"I[01:51:43.203] Built preamble of size 3071180 for file /home/sasha2k62024/GitHub/NeovimGUIManager/IDE/Neovim/main.cpp version 61 in 0.67 seconds\n"
[ERROR][2025-03-26 01:51:43] .../vim/lsp/rpc.lua:770	"rpc"	"/usr/bin/clangd-18"	"stderr"	"I[01:51:43.203] --> workspace/semanticTokens/refresh(11)\n"
[ERROR][2025-03-26 01:51:43] .../vim/lsp/rpc.lua:770	"rpc"	"/usr/bin/clangd-18"	"stderr"	"I[01:51:43.204] <-- $/cancelRequest\nI[01:51:43.205] <-- textDocument/didChange\nI[01:51:43.206] <-- textDocument/semanticTokens/full/delta(27)\nI[01:51:43.206] <-- reply(11)\n"
[ERROR][2025-03-26 01:51:43] .../vim/lsp/rpc.lua:770	"rpc"	"/usr/bin/clangd-18"	"stderr"	"I[01:51:43.213] --> textDocument/publishDiagnostics\n"
[ERROR][2025-03-26 01:51:43] .../vim/lsp/rpc.lua:770	"rpc"	"/usr/bin/clangd-18"	"stderr"	"I[01:51:43.214] Failed to find compilation database for /home/sasha2k62024/GitHub/NeovimGUIManager/IDE/Neovim/main.cpp\n"
[ERROR][2025-03-26 01:51:43] .../vim/lsp/rpc.lua:770	"rpc"	"/usr/bin/clangd-18"	"stderr"	"I[01:51:43.214] ASTWorker building file /home/sasha2k62024/GitHub/NeovimGUIManager/IDE/Neovim/main.cpp version 71 with command clangd fallback\n[/home/sasha2k62024/GitHub/NeovimGUIManager/IDE/Neovim]\n/usr/bin/clang -IHeaderFiles/rlImGui -resource-dir=/usr/lib/llvm-18/lib/clang/18 -- /home/sasha2k62024/GitHub/NeovimGUIManager/IDE/Neovim/main.cpp\n"
[ERROR][2025-03-26 01:51:43] .../vim/lsp/rpc.lua:770	"rpc"	"/usr/bin/clangd-18"	"stderr"	"I[01:51:43.224] --> textDocument/publishDiagnostics\n"
[ERROR][2025-03-26 01:51:43] .../vim/lsp/rpc.lua:770	"rpc"	"/usr/bin/clangd-18"	"stderr"	"I[01:51:43.224] --> reply:textDocument/semanticTokens/full/delta(27) 17 ms\n"
[ERROR][2025-03-26 01:51:43] .../vim/lsp/rpc.lua:770	"rpc"	"/usr/bin/clangd-18"	"stderr"	"I[01:51:43.355] <-- textDocument/didChange\n"
[ERROR][2025-03-26 01:51:43] .../vim/lsp/rpc.lua:770	"rpc"	"/usr/bin/clangd-18"	"stderr"	"I[01:51:43.405] Failed to find compilation database for /home/sasha2k62024/GitHub/NeovimGUIManager/IDE/Neovim/main.cpp\n"
[ERROR][2025-03-26 01:51:43] .../vim/lsp/rpc.lua:770	"rpc"	"/usr/bin/clangd-18"	"stderr"	"I[01:51:43.406] ASTWorker building file /home/sasha2k62024/GitHub/NeovimGUIManager/IDE/Neovim/main.cpp version 72 with command clangd fallback\n[/home/sasha2k62024/GitHub/NeovimGUIManager/IDE/Neovim]\n/usr/bin/clang -IHeaderFiles/rlImGui -resource-dir=/usr/lib/llvm-18/lib/clang/18 -- /home/sasha2k62024/GitHub/NeovimGUIManager/IDE/Neovim/main.cpp\n"
[ERROR][2025-03-26 01:51:43] .../vim/lsp/rpc.lua:770	"rpc"	"/usr/bin/clangd-18"	"stderr"	"I[01:51:43.416] --> textDocument/publishDiagnostics\n"
[ERROR][2025-03-26 01:51:43] .../vim/lsp/rpc.lua:770	"rpc"	"/usr/bin/clangd-18"	"stderr"	"I[01:51:43.507] <-- textDocument/didChange\n"
[ERROR][2025-03-26 01:51:43] .../vim/lsp/rpc.lua:770	"rpc"	"/usr/bin/clangd-18"	"stderr"	"I[01:51:43.558] Failed to find compilation database for /home/sasha2k62024/GitHub/NeovimGUIManager/IDE/Neovim/main.cpp\n"
[ERROR][2025-03-26 01:51:43] .../vim/lsp/rpc.lua:770	"rpc"	"/usr/bin/clangd-18"	"stderr"	"I[01:51:43.559] ASTWorker building file /home/sasha2k62024/GitHub/NeovimGUIManager/IDE/Neovim/main.cpp version 92 with command clangd fallback\n[/home/sasha2k62024/GitHub/NeovimGUIManager/IDE/Neovim]\n/usr/bin/clang -IHeaderFiles/rlImGui -resource-dir=/usr/lib/llvm-18/lib/clang/18 -- /home/sasha2k62024/GitHub/NeovimGUIManager/IDE/Neovim/main.cpp\n"
[ERROR][2025-03-26 01:51:43] .../vim/lsp/rpc.lua:770	"rpc"	"/usr/bin/clangd-18"	"stderr"	"I[01:51:43.586] <-- textDocument/semanticTokens/full/delta(28)\n"
[ERROR][2025-03-26 01:51:43] .../vim/lsp/rpc.lua:770	"rpc"	"/usr/bin/clangd-18"	"stderr"	"I[01:51:43.586] --> reply:textDocument/semanticTokens/full/delta(28) 0 ms\n"
[ERROR][2025-03-26 01:51:43] .../vim/lsp/rpc.lua:770	"rpc"	"/usr/bin/clangd-18"	"stderr"	"I[01:51:43.732] <-- textDocument/didChange\n"
[ERROR][2025-03-26 01:51:43] .../vim/lsp/rpc.lua:770	"rpc"	"/usr/bin/clangd-18"	"stderr"	"I[01:51:43.784] Failed to find compilation database for /home/sasha2k62024/GitHub/NeovimGUIManager/IDE/Neovim/main.cpp\n"
[ERROR][2025-03-26 01:51:43] .../vim/lsp/rpc.lua:770	"rpc"	"/usr/bin/clangd-18"	"stderr"	"I[01:51:43.785] ASTWorker building file /home/sasha2k62024/GitHub/NeovimGUIManager/IDE/Neovim/main.cpp version 93 with command clangd fallback\n[/home/sasha2k62024/GitHub/NeovimGUIManager/IDE/Neovim]\n/usr/bin/clang -IHeaderFiles/rlImGui -resource-dir=/usr/lib/llvm-18/lib/clang/18 -- /home/sasha2k62024/GitHub/NeovimGUIManager/IDE/Neovim/main.cpp\n"
[ERROR][2025-03-26 01:51:43] .../vim/lsp/rpc.lua:770	"rpc"	"/usr/bin/clangd-18"	"stderr"	"I[01:51:43.811] --> textDocument/publishDiagnostics\n"
[ERROR][2025-03-26 01:51:43] .../vim/lsp/rpc.lua:770	"rpc"	"/usr/bin/clangd-18"	"stderr"	"I[01:51:43.882] <-- textDocument/didChange\n"
[ERROR][2025-03-26 01:51:43] .../vim/lsp/rpc.lua:770	"rpc"	"/usr/bin/clangd-18"	"stderr"	"I[01:51:43.886] <-- textDocument/completion(29)\n"
[ERROR][2025-03-26 01:51:43] .../vim/lsp/rpc.lua:770	"rpc"	"/usr/bin/clangd-18"	"stderr"	"I[01:51:43.903] Code complete: sema context Namespace, query scopes [] (AnyScope=true), expected type <none>\n"
[ERROR][2025-03-26 01:51:43] .../vim/lsp/rpc.lua:770	"rpc"	"/usr/bin/clangd-18"	"stderr"	"I[01:51:43.904] Code complete: 1 results from Sema, 94 from Index, 0 matched, 0 from identifiers, 95 returned (incomplete).\n"
[ERROR][2025-03-26 01:51:43] .../vim/lsp/rpc.lua:770	"rpc"	"/usr/bin/clangd-18"	"stderr"	"I[01:51:43.909] --> reply:textDocument/completion(29) 23 ms\n"
[ERROR][2025-03-26 01:51:43] .../vim/lsp/rpc.lua:770	"rpc"	"/usr/bin/clangd-18"	"stderr"	"I[01:51:43.933] Failed to find compilation database for /home/sasha2k62024/GitHub/NeovimGUIManager/IDE/Neovim/main.cpp\nI[01:51:43.933] ASTWorker building file /home/sasha2k62024/GitHub/NeovimGUIManager/IDE/Neovim/main.cpp version 94 with command clangd fallback\n[/home/sasha2k62024/GitHub/NeovimGUIManager/IDE/Neovim]\n/usr/bin/clang -IHeaderFiles/rlImGui -resource-dir=/usr/lib/llvm-18/lib/clang/18 -- /home/sasha2k62024/GitHub/NeovimGUIManager/IDE/Neovim/main.cpp\nI[01:51:43.948] --> textDocument/publishDiagnostics\n"
[ERROR][2025-03-26 01:51:44] .../vim/lsp/rpc.lua:770	"rpc"	"/usr/bin/clangd-18"	"stderr"	"I[01:51:44.082] <-- textDocument/semanticTokens/full/delta(30)\n"
[ERROR][2025-03-26 01:51:44] .../vim/lsp/rpc.lua:770	"rpc"	"/usr/bin/clangd-18"	"stderr"	"I[01:51:44.082] --> reply:textDocument/semanticTokens/full/delta(30) 0 ms\n"
[ERROR][2025-03-26 01:51:44] .../vim/lsp/rpc.lua:770	"rpc"	"/usr/bin/clangd-18"	"stderr"	"I[01:51:44.086] <-- textDocument/didChange\n"
[ERROR][2025-03-26 01:51:44] .../vim/lsp/rpc.lua:770	"rpc"	"/usr/bin/clangd-18"	"stderr"	"I[01:51:44.088] <-- textDocument/completion(31)\n"
[ERROR][2025-03-26 01:51:44] .../vim/lsp/rpc.lua:770	"rpc"	"/usr/bin/clangd-18"	"stderr"	"I[01:51:44.103] Code complete: sema context Namespace, query scopes [] (AnyScope=true), expected type <none>\n"
[ERROR][2025-03-26 01:51:44] .../vim/lsp/rpc.lua:770	"rpc"	"/usr/bin/clangd-18"	"stderr"	"I[01:51:44.104] Code complete: 1 results from Sema, 84 from Index, 1 matched, 0 from identifiers, 84 returned (incomplete).\n"
[ERROR][2025-03-26 01:51:44] .../vim/lsp/rpc.lua:770	"rpc"	"/usr/bin/clangd-18"	"stderr"	"I[01:51:44.108] --> reply:textDocument/completion(31) 20 ms\n"
[ERROR][2025-03-26 01:51:44] .../vim/lsp/rpc.lua:770	"rpc"	"/usr/bin/clangd-18"	"stderr"	"I[01:51:44.136] Failed to find compilation database for /home/sasha2k62024/GitHub/NeovimGUIManager/IDE/Neovim/main.cpp\n"
[ERROR][2025-03-26 01:51:44] .../vim/lsp/rpc.lua:770	"rpc"	"/usr/bin/clangd-18"	"stderr"	"I[01:51:44.137] ASTWorker building file /home/sasha2k62024/GitHub/NeovimGUIManager/IDE/Neovim/main.cpp version 95 with command clangd fallback\n[/home/sasha2k62024/GitHub/NeovimGUIManager/IDE/Neovim]\n/usr/bin/clang -IHeaderFiles/rlImGui -resource-dir=/usr/lib/llvm-18/lib/clang/18 -- /home/sasha2k62024/GitHub/NeovimGUIManager/IDE/Neovim/main.cpp\n"
[ERROR][2025-03-26 01:51:44] .../vim/lsp/rpc.lua:770	"rpc"	"/usr/bin/clangd-18"	"stderr"	"I[01:51:44.148] --> textDocument/publishDiagnostics\n"
[ERROR][2025-03-26 01:51:44] .../vim/lsp/rpc.lua:770	"rpc"	"/usr/bin/clangd-18"	"stderr"	"I[01:51:44.258] <-- textDocument/didChange\n"
[ERROR][2025-03-26 01:51:44] .../vim/lsp/rpc.lua:770	"rpc"	"/usr/bin/clangd-18"	"stderr"	"I[01:51:44.264] <-- textDocument/completion(32)\n"
[ERROR][2025-03-26 01:51:44] .../vim/lsp/rpc.lua:770	"rpc"	"/usr/bin/clangd-18"	"stderr"	"I[01:51:44.289] Code complete: sema context Namespace, query scopes [] (AnyScope=true), expected type <none>\n"
[ERROR][2025-03-26 01:51:44] .../vim/lsp/rpc.lua:770	"rpc"	"/usr/bin/clangd-18"	"stderr"	"I[01:51:44.290] Code complete: 1 results from Sema, 8 from Index, 1 matched, 0 from identifiers, 8 returned.\n"
[ERROR][2025-03-26 01:51:44] .../vim/lsp/rpc.lua:770	"rpc"	"/usr/bin/clangd-18"	"stderr"	"I[01:51:44.291] --> reply:textDocument/completion(32) 27 ms\n"
[ERROR][2025-03-26 01:51:44] .../vim/lsp/rpc.lua:770	"rpc"	"/usr/bin/clangd-18"	"stderr"	"I[01:51:44.309] Failed to find compilation database for /home/sasha2k62024/GitHub/NeovimGUIManager/IDE/Neovim/main.cpp\n"
[ERROR][2025-03-26 01:51:44] .../vim/lsp/rpc.lua:770	"rpc"	"/usr/bin/clangd-18"	"stderr"	"I[01:51:44.311] ASTWorker building file /home/sasha2k62024/GitHub/NeovimGUIManager/IDE/Neovim/main.cpp version 96 with command clangd fallback\n[/home/sasha2k62024/GitHub/NeovimGUIManager/IDE/Neovim]\n/usr/bin/clang -IHeaderFiles/rlImGui -resource-dir=/usr/lib/llvm-18/lib/clang/18 -- /home/sasha2k62024/GitHub/NeovimGUIManager/IDE/Neovim/main.cpp\n"
[ERROR][2025-03-26 01:51:44] .../vim/lsp/rpc.lua:770	"rpc"	"/usr/bin/clangd-18"	"stderr"	"I[01:51:44.332] --> textDocument/publishDiagnostics\n"
[ERROR][2025-03-26 01:51:44] .../vim/lsp/rpc.lua:770	"rpc"	"/usr/bin/clangd-18"	"stderr"	"I[01:51:44.406] <-- textDocument/didChange\n"
[ERROR][2025-03-26 01:51:44] .../vim/lsp/rpc.lua:770	"rpc"	"/usr/bin/clangd-18"	"stderr"	"I[01:51:44.457] Failed to find compilation database for /home/sasha2k62024/GitHub/NeovimGUIManager/IDE/Neovim/main.cpp\n"
[ERROR][2025-03-26 01:51:44] .../vim/lsp/rpc.lua:770	"rpc"	"/usr/bin/clangd-18"	"stderr"	"I[01:51:44.458] ASTWorker building file /home/sasha2k62024/GitHub/NeovimGUIManager/IDE/Neovim/main.cpp version 97 with command clangd fallback\n[/home/sasha2k62024/GitHub/NeovimGUIManager/IDE/Neovim]\n/usr/bin/clang -IHeaderFiles/rlImGui -resource-dir=/usr/lib/llvm-18/lib/clang/18 -- /home/sasha2k62024/GitHub/NeovimGUIManager/IDE/Neovim/main.cpp\n"
[ERROR][2025-03-26 01:51:44] .../vim/lsp/rpc.lua:770	"rpc"	"/usr/bin/clangd-18"	"stderr"	"I[01:51:44.480] --> textDocument/publishDiagnostics\n"
[ERROR][2025-03-26 01:51:44] .../vim/lsp/rpc.lua:770	"rpc"	"/usr/bin/clangd-18"	"stderr"	"I[01:51:44.578] <-- textDocument/semanticTokens/full/delta(33)\n"
[ERROR][2025-03-26 01:51:44] .../vim/lsp/rpc.lua:770	"rpc"	"/usr/bin/clangd-18"	"stderr"	"I[01:51:44.578] --> reply:textDocument/semanticTokens/full/delta(33) 0 ms\n"
[ERROR][2025-03-26 01:51:44] .../vim/lsp/rpc.lua:770	"rpc"	"/usr/bin/clangd-18"	"stderr"	"I[01:51:44.694] <-- textDocument/didChange\n"
[ERROR][2025-03-26 01:51:44] .../vim/lsp/rpc.lua:770	"rpc"	"/usr/bin/clangd-18"	"stderr"	"I[01:51:44.745] Failed to find compilation database for /home/sasha2k62024/GitHub/NeovimGUIManager/IDE/Neovim/main.cpp\n"
[ERROR][2025-03-26 01:51:44] .../vim/lsp/rpc.lua:770	"rpc"	"/usr/bin/clangd-18"	"stderr"	"I[01:51:44.746] ASTWorker building file /home/sasha2k62024/GitHub/NeovimGUIManager/IDE/Neovim/main.cpp version 98 with command clangd fallback\n[/home/sasha2k62024/GitHub/NeovimGUIManager/IDE/Neovim]\n/usr/bin/clang -IHeaderFiles/rlImGui -resource-dir=/usr/lib/llvm-18/lib/clang/18 -- /home/sasha2k62024/GitHub/NeovimGUIManager/IDE/Neovim/main.cpp\n"
[ERROR][2025-03-26 01:51:44] .../vim/lsp/rpc.lua:770	"rpc"	"/usr/bin/clangd-18"	"stderr"	"I[01:51:44.764] --> textDocument/publishDiagnostics\n"
[ERROR][2025-03-26 01:51:44] .../vim/lsp/rpc.lua:770	"rpc"	"/usr/bin/clangd-18"	"stderr"	"I[01:51:44.850] <-- textDocument/didChange\n"
[ERROR][2025-03-26 01:51:44] .../vim/lsp/rpc.lua:770	"rpc"	"/usr/bin/clangd-18"	"stderr"	"I[01:51:44.901] Failed to find compilation database for /home/sasha2k62024/GitHub/NeovimGUIManager/IDE/Neovim/main.cpp\n"
[ERROR][2025-03-26 01:51:44] .../vim/lsp/rpc.lua:770	"rpc"	"/usr/bin/clangd-18"	"stderr"	"I[01:51:44.902] ASTWorker building file /home/sasha2k62024/GitHub/NeovimGUIManager/IDE/Neovim/main.cpp version 99 with command clangd fallback\n[/home/sasha2k62024/GitHub/NeovimGUIManager/IDE/Neovim]\n/usr/bin/clang -IHeaderFiles/rlImGui -resource-dir=/usr/lib/llvm-18/lib/clang/18 -- /home/sasha2k62024/GitHub/NeovimGUIManager/IDE/Neovim/main.cpp\n"
[ERROR][2025-03-26 01:51:44] .../vim/lsp/rpc.lua:770	"rpc"	"/usr/bin/clangd-18"	"stderr"	"I[01:51:44.917] --> textDocument/publishDiagnostics\n"
[ERROR][2025-03-26 01:51:45] .../vim/lsp/rpc.lua:770	"rpc"	"/usr/bin/clangd-18"	"stderr"	"I[01:51:45.048] <-- textDocument/semanticTokens/full/delta(34)\n"
[ERROR][2025-03-26 01:51:45] .../vim/lsp/rpc.lua:770	"rpc"	"/usr/bin/clangd-18"	"stderr"	"I[01:51:45.049] --> reply:textDocument/semanticTokens/full/delta(34) 0 ms\n"
[ERROR][2025-03-26 01:51:45] .../vim/lsp/rpc.lua:770	"rpc"	"/usr/bin/clangd-18"	"stderr"	"I[01:51:45.151] <-- textDocument/didChange\n"
[ERROR][2025-03-26 01:51:45] .../vim/lsp/rpc.lua:770	"rpc"	"/usr/bin/clangd-18"	"stderr"	"I[01:51:45.156] <-- textDocument/completion(35)\n"
[ERROR][2025-03-26 01:51:45] .../vim/lsp/rpc.lua:770	"rpc"	"/usr/bin/clangd-18"	"stderr"	"I[01:51:45.198] Code complete: sema context TopLevel, query scopes [,std::] (AnyScope=true), expected type <none>\n"
[ERROR][2025-03-26 01:51:45] .../vim/lsp/rpc.lua:770	"rpc"	"/usr/bin/clangd-18"	"stderr"	"I[01:51:45.199] Code complete: 3 results from Sema, 89 from Index, 0 matched, 0 from identifiers, 92 returned (incomplete).\n"
[ERROR][2025-03-26 01:51:45] .../vim/lsp/rpc.lua:770	"rpc"	"/usr/bin/clangd-18"	"stderr"	"I[01:51:45.202] Failed to find compilation database for /home/sasha2k62024/GitHub/NeovimGUIManager/IDE/Neovim/main.cpp\n"
[ERROR][2025-03-26 01:51:45] .../vim/lsp/rpc.lua:770	"rpc"	"/usr/bin/clangd-18"	"stderr"	"I[01:51:45.203] ASTWorker building file /home/sasha2k62024/GitHub/NeovimGUIManager/IDE/Neovim/main.cpp version 100 with command clangd fallback\n[/home/sasha2k62024/GitHub/NeovimGUIManager/IDE/Neovim]\n/usr/bin/clang -IHeaderFiles/rlImGui -resource-dir=/usr/lib/llvm-18/lib/clang/18 -- /home/sasha2k62024/GitHub/NeovimGUIManager/IDE/Neovim/main.cpp\n"
[ERROR][2025-03-26 01:51:45] .../vim/lsp/rpc.lua:770	"rpc"	"/usr/bin/clangd-18"	"stderr"	"I[01:51:45.214] --> reply:textDocument/completion(35) 57 ms\n"
[ERROR][2025-03-26 01:51:45] .../vim/lsp/rpc.lua:770	"rpc"	"/usr/bin/clangd-18"	"stderr"	"I[01:51:45.229] --> textDocument/publishDiagnostics\n"
[ERROR][2025-03-26 01:51:45] .../vim/lsp/rpc.lua:770	"rpc"	"/usr/bin/clangd-18"	"stderr"	"I[01:51:45.329] <-- textDocument/didChange\n"
[ERROR][2025-03-26 01:51:45] .../vim/lsp/rpc.lua:770	"rpc"	"/usr/bin/clangd-18"	"stderr"	"I[01:51:45.341] <-- textDocument/completion(36)\n"
[ERROR][2025-03-26 01:51:45] .../vim/lsp/rpc.lua:770	"rpc"	"/usr/bin/clangd-18"	"stderr"	"I[01:51:45.361] Code complete: sema context TopLevel, query scopes [,std::] (AnyScope=true), expected type <none>\n"
[ERROR][2025-03-26 01:51:45] .../vim/lsp/rpc.lua:770	"rpc"	"/usr/bin/clangd-18"	"stderr"	"I[01:51:45.362] Code complete: 2 results from Sema, 81 from Index, 0 matched, 0 from identifiers, 83 returned (incomplete).\n"
[ERROR][2025-03-26 01:51:45] .../vim/lsp/rpc.lua:770	"rpc"	"/usr/bin/clangd-18"	"stderr"	"I[01:51:45.369] --> reply:textDocument/completion(36) 28 ms\n"
[ERROR][2025-03-26 01:51:45] .../vim/lsp/rpc.lua:770	"rpc"	"/usr/bin/clangd-18"	"stderr"	"I[01:51:45.380] Failed to find compilation database for /home/sasha2k62024/GitHub/NeovimGUIManager/IDE/Neovim/main.cpp\nI[01:51:45.381] ASTWorker building file /home/sasha2k62024/GitHub/NeovimGUIManager/IDE/Neovim/main.cpp version 101 with command clangd fallback\n[/home/sasha2k62024/GitHub/NeovimGUIManager/IDE/Neovim]\n/usr/bin/clang -IHeaderFiles/rlImGui -resource-dir=/usr/lib/llvm-18/lib/clang/18 -- /home/sasha2k62024/GitHub/NeovimGUIManager/IDE/Neovim/main.cpp\n"
[ERROR][2025-03-26 01:51:45] .../vim/lsp/rpc.lua:770	"rpc"	"/usr/bin/clangd-18"	"stderr"	"I[01:51:45.394] --> textDocument/publishDiagnostics\nI[01:51:45.395] <-- textDocument/didChange\nI[01:51:45.395] <-- textDocument/completion(37)\n"
[ERROR][2025-03-26 01:51:45] .../vim/lsp/rpc.lua:770	"rpc"	"/usr/bin/clangd-18"	"stderr"	"I[01:51:45.409] Code complete: sema context TopLevel, query scopes [,std::] (AnyScope=true), expected type <none>\n"
[ERROR][2025-03-26 01:51:45] .../vim/lsp/rpc.lua:770	"rpc"	"/usr/bin/clangd-18"	"stderr"	"I[01:51:45.410] Code complete: 1 results from Sema, 98 from Index, 0 matched, 0 from identifiers, 99 returned (incomplete).\n"
[ERROR][2025-03-26 01:51:45] .../vim/lsp/rpc.lua:770	"rpc"	"/usr/bin/clangd-18"	"stderr"	"I[01:51:45.416] --> reply:textDocument/completion(37) 20 ms\n"
[ERROR][2025-03-26 01:51:45] .../vim/lsp/rpc.lua:770	"rpc"	"/usr/bin/clangd-18"	"stderr"	"I[01:51:45.446] Failed to find compilation database for /home/sasha2k62024/GitHub/NeovimGUIManager/IDE/Neovim/main.cpp\n"
[ERROR][2025-03-26 01:51:45] .../vim/lsp/rpc.lua:770	"rpc"	"/usr/bin/clangd-18"	"stderr"	"I[01:51:45.446] ASTWorker building file /home/sasha2k62024/GitHub/NeovimGUIManager/IDE/Neovim/main.cpp version 102 with command clangd fallback\n[/home/sasha2k62024/GitHub/NeovimGUIManager/IDE/Neovim]\n/usr/bin/clang -IHeaderFiles/rlImGui -resource-dir=/usr/lib/llvm-18/lib/clang/18 -- /home/sasha2k62024/GitHub/NeovimGUIManager/IDE/Neovim/main.cpp\n"
[ERROR][2025-03-26 01:51:45] .../vim/lsp/rpc.lua:770	"rpc"	"/usr/bin/clangd-18"	"stderr"	"I[01:51:45.460] --> textDocument/publishDiagnostics\n"
[ERROR][2025-03-26 01:51:45] .../vim/lsp/rpc.lua:770	"rpc"	"/usr/bin/clangd-18"	"stderr"	"I[01:51:45.545] <-- textDocument/didChange\n"
[ERROR][2025-03-26 01:51:45] .../vim/lsp/rpc.lua:770	"rpc"	"/usr/bin/clangd-18"	"stderr"	"I[01:51:45.548] <-- textDocument/didChange\nI[01:51:45.548] <-- textDocument/completion(38)\n"
[ERROR][2025-03-26 01:51:45] .../vim/lsp/rpc.lua:770	"rpc"	"/usr/bin/clangd-18"	"stderr"	"I[01:51:45.564] Code complete: sema context SymbolOrNewName, query scopes [,std::] (AnyScope=true), expected type <none>\n"
[ERROR][2025-03-26 01:51:45] .../vim/lsp/rpc.lua:770	"rpc"	"/usr/bin/clangd-18"	"stderr"	"I[01:51:45.565] Code complete: 0 results from Sema, 82 from Index, 0 matched, 0 from identifiers, 82 returned (incomplete).\n"
[ERROR][2025-03-26 01:51:45] .../vim/lsp/rpc.lua:770	"rpc"	"/usr/bin/clangd-18"	"stderr"	"I[01:51:45.570] --> reply:textDocument/completion(38) 21 ms\n"
[ERROR][2025-03-26 01:51:45] .../vim/lsp/rpc.lua:770	"rpc"	"/usr/bin/clangd-18"	"stderr"	"I[01:51:45.599] Failed to find compilation database for /home/sasha2k62024/GitHub/NeovimGUIManager/IDE/Neovim/main.cpp\n"
[ERROR][2025-03-26 01:51:45] .../vim/lsp/rpc.lua:770	"rpc"	"/usr/bin/clangd-18"	"stderr"	"I[01:51:45.600] ASTWorker building file /home/sasha2k62024/GitHub/NeovimGUIManager/IDE/Neovim/main.cpp version 104 with command clangd fallback\n[/home/sasha2k62024/GitHub/NeovimGUIManager/IDE/Neovim]\n/usr/bin/clang -IHeaderFiles/rlImGui -resource-dir=/usr/lib/llvm-18/lib/clang/18 -- /home/sasha2k62024/GitHub/NeovimGUIManager/IDE/Neovim/main.cpp\n"
[ERROR][2025-03-26 01:51:45] .../vim/lsp/rpc.lua:770	"rpc"	"/usr/bin/clangd-18"	"stderr"	"I[01:51:45.616] --> textDocument/publishDiagnostics\n"
[ERROR][2025-03-26 01:51:45] .../vim/lsp/rpc.lua:770	"rpc"	"/usr/bin/clangd-18"	"stderr"	"I[01:51:45.693] <-- textDocument/didChange\nI[01:51:45.695] <-- textDocument/completion(39)\n"
[ERROR][2025-03-26 01:51:45] .../vim/lsp/rpc.lua:770	"rpc"	"/usr/bin/clangd-18"	"stderr"	"I[01:51:45.717] Code complete: sema context SymbolOrNewName, query scopes [,std::] (AnyScope=true), expected type <none>\n"
[ERROR][2025-03-26 01:51:45] .../vim/lsp/rpc.lua:770	"rpc"	"/usr/bin/clangd-18"	"stderr"	"I[01:51:45.718] Code complete: 0 results from Sema, 78 from Index, 0 matched, 0 from identifiers, 78 returned (incomplete).\n"
[ERROR][2025-03-26 01:51:45] .../vim/lsp/rpc.lua:770	"rpc"	"/usr/bin/clangd-18"	"stderr"	"I[01:51:45.726] --> reply:textDocument/completion(39) 30 ms\n"
[ERROR][2025-03-26 01:51:45] .../vim/lsp/rpc.lua:770	"rpc"	"/usr/bin/clangd-18"	"stderr"	"I[01:51:45.744] Failed to find compilation database for /home/sasha2k62024/GitHub/NeovimGUIManager/IDE/Neovim/main.cpp\nI[01:51:45.745] ASTWorker building file /home/sasha2k62024/GitHub/NeovimGUIManager/IDE/Neovim/main.cpp version 105 with command clangd fallback\n[/home/sasha2k62024/GitHub/NeovimGUIManager/IDE/Neovim]\n/usr/bin/clang -IHeaderFiles/rlImGui -resource-dir=/usr/lib/llvm-18/lib/clang/18 -- /home/sasha2k62024/GitHub/NeovimGUIManager/IDE/Neovim/main.cpp\nI[01:51:45.763] --> textDocument/publishDiagnostics\nI[01:51:45.764] <-- textDocument/didChange\n"
[ERROR][2025-03-26 01:51:45] .../vim/lsp/rpc.lua:770	"rpc"	"/usr/bin/clangd-18"	"stderr"	"I[01:51:45.765] <-- textDocument/completion(40)\n"
[ERROR][2025-03-26 01:51:45] .../vim/lsp/rpc.lua:770	"rpc"	"/usr/bin/clangd-18"	"stderr"	"I[01:51:45.776] Code complete: sema context SymbolOrNewName, query scopes [,std::] (AnyScope=true), expected type <none>\n"
[ERROR][2025-03-26 01:51:45] .../vim/lsp/rpc.lua:770	"rpc"	"/usr/bin/clangd-18"	"stderr"	"I[01:51:45.777] Code complete: 0 results from Sema, 2 from Index, 0 matched, 0 from identifiers, 2 returned.\nI[01:51:45.777] --> reply:textDocument/completion(40) 12 ms\n"
[ERROR][2025-03-26 01:51:45] .../vim/lsp/rpc.lua:770	"rpc"	"/usr/bin/clangd-18"	"stderr"	"I[01:51:45.816] Failed to find compilation database for /home/sasha2k62024/GitHub/NeovimGUIManager/IDE/Neovim/main.cpp\n"
[ERROR][2025-03-26 01:51:45] .../vim/lsp/rpc.lua:770	"rpc"	"/usr/bin/clangd-18"	"stderr"	"I[01:51:45.817] ASTWorker building file /home/sasha2k62024/GitHub/NeovimGUIManager/IDE/Neovim/main.cpp version 106 with command clangd fallback\n[/home/sasha2k62024/GitHub/NeovimGUIManager/IDE/Neovim]\n/usr/bin/clang -IHeaderFiles/rlImGui -resource-dir=/usr/lib/llvm-18/lib/clang/18 -- /home/sasha2k62024/GitHub/NeovimGUIManager/IDE/Neovim/main.cpp\n"
[ERROR][2025-03-26 01:51:45] .../vim/lsp/rpc.lua:770	"rpc"	"/usr/bin/clangd-18"	"stderr"	"I[01:51:45.831] --> textDocument/publishDiagnostics\n"
[ERROR][2025-03-26 01:51:45] .../vim/lsp/rpc.lua:770	"rpc"	"/usr/bin/clangd-18"	"stderr"	"I[01:51:45.915] <-- textDocument/didChange\n"
[ERROR][2025-03-26 01:51:45] .../vim/lsp/rpc.lua:770	"rpc"	"/usr/bin/clangd-18"	"stderr"	"I[01:51:45.966] Failed to find compilation database for /home/sasha2k62024/GitHub/NeovimGUIManager/IDE/Neovim/main.cpp\n"
[ERROR][2025-03-26 01:51:45] .../vim/lsp/rpc.lua:770	"rpc"	"/usr/bin/clangd-18"	"stderr"	"I[01:51:45.967] ASTWorker building file /home/sasha2k62024/GitHub/NeovimGUIManager/IDE/Neovim/main.cpp version 107 with command clangd fallback\n[/home/sasha2k62024/GitHub/NeovimGUIManager/IDE/Neovim]\n/usr/bin/clang -IHeaderFiles/rlImGui -resource-dir=/usr/lib/llvm-18/lib/clang/18 -- /home/sasha2k62024/GitHub/NeovimGUIManager/IDE/Neovim/main.cpp\n"
[ERROR][2025-03-26 01:51:45] .../vim/lsp/rpc.lua:770	"rpc"	"/usr/bin/clangd-18"	"stderr"	"I[01:51:45.993] --> textDocument/publishDiagnostics\n"
[ERROR][2025-03-26 01:51:46] .../vim/lsp/rpc.lua:770	"rpc"	"/usr/bin/clangd-18"	"stderr"	"I[01:51:46.073] <-- textDocument/semanticTokens/full/delta(41)\n"
[ERROR][2025-03-26 01:51:46] .../vim/lsp/rpc.lua:770	"rpc"	"/usr/bin/clangd-18"	"stderr"	"I[01:51:46.074] --> reply:textDocument/semanticTokens/full/delta(41) 0 ms\n"
[ERROR][2025-03-26 01:51:46] .../vim/lsp/rpc.lua:770	"rpc"	"/usr/bin/clangd-18"	"stderr"	"I[01:51:46.085] <-- textDocument/didChange\n"
[ERROR][2025-03-26 01:51:46] .../vim/lsp/rpc.lua:770	"rpc"	"/usr/bin/clangd-18"	"stderr"	"I[01:51:46.136] Failed to find compilation database for /home/sasha2k62024/GitHub/NeovimGUIManager/IDE/Neovim/main.cpp\n"
[ERROR][2025-03-26 01:51:46] .../vim/lsp/rpc.lua:770	"rpc"	"/usr/bin/clangd-18"	"stderr"	"I[01:51:46.137] ASTWorker building file /home/sasha2k62024/GitHub/NeovimGUIManager/IDE/Neovim/main.cpp version 108 with command clangd fallback\n[/home/sasha2k62024/GitHub/NeovimGUIManager/IDE/Neovim]\n/usr/bin/clang -IHeaderFiles/rlImGui -resource-dir=/usr/lib/llvm-18/lib/clang/18 -- /home/sasha2k62024/GitHub/NeovimGUIManager/IDE/Neovim/main.cpp\n"
[ERROR][2025-03-26 01:51:46] .../vim/lsp/rpc.lua:770	"rpc"	"/usr/bin/clangd-18"	"stderr"	"I[01:51:46.164] --> textDocument/publishDiagnostics\n"
[ERROR][2025-03-26 01:51:46] .../vim/lsp/rpc.lua:770	"rpc"	"/usr/bin/clangd-18"	"stderr"	"I[01:51:46.274] <-- textDocument/didChange\n"
[ERROR][2025-03-26 01:51:46] .../vim/lsp/rpc.lua:770	"rpc"	"/usr/bin/clangd-18"	"stderr"	"I[01:51:46.279] <-- textDocument/completion(42)\n"
[ERROR][2025-03-26 01:51:46] .../vim/lsp/rpc.lua:770	"rpc"	"/usr/bin/clangd-18"	"stderr"	"I[01:51:46.321] Code complete: sema context Expression, query scopes [,std::] (AnyScope=true), expected type int\n"
[ERROR][2025-03-26 01:51:46] .../vim/lsp/rpc.lua:770	"rpc"	"/usr/bin/clangd-18"	"stderr"	"I[01:51:46.322] Code complete: 2 results from Sema, 78 from Index, 0 matched, 0 from identifiers, 80 returned (incomplete).\n"
[ERROR][2025-03-26 01:51:46] .../vim/lsp/rpc.lua:770	"rpc"	"/usr/bin/clangd-18"	"stderr"	"I[01:51:46.325] Failed to find compilation database for /home/sasha2k62024/GitHub/NeovimGUIManager/IDE/Neovim/main.cpp\n"
[ERROR][2025-03-26 01:51:46] .../vim/lsp/rpc.lua:770	"rpc"	"/usr/bin/clangd-18"	"stderr"	"I[01:51:46.325] ASTWorker building file /home/sasha2k62024/GitHub/NeovimGUIManager/IDE/Neovim/main.cpp version 109 with command clangd fallback\n[/home/sasha2k62024/GitHub/NeovimGUIManager/IDE/Neovim]\n/usr/bin/clang -IHeaderFiles/rlImGui -resource-dir=/usr/lib/llvm-18/lib/clang/18 -- /home/sasha2k62024/GitHub/NeovimGUIManager/IDE/Neovim/main.cpp\n"
[ERROR][2025-03-26 01:51:46] .../vim/lsp/rpc.lua:770	"rpc"	"/usr/bin/clangd-18"	"stderr"	"I[01:51:46.327] --> reply:textDocument/completion(42) 47 ms\n"
[ERROR][2025-03-26 01:51:46] .../vim/lsp/rpc.lua:770	"rpc"	"/usr/bin/clangd-18"	"stderr"	"I[01:51:46.339] --> textDocument/publishDiagnostics\nI[01:51:46.340] <-- textDocument/didChange\nI[01:51:46.340] <-- textDocument/completion(43)\n"
[ERROR][2025-03-26 01:51:46] .../vim/lsp/rpc.lua:770	"rpc"	"/usr/bin/clangd-18"	"stderr"	"I[01:51:46.354] Code complete: sema context Expression, query scopes [,std::] (AnyScope=true), expected type int\nI[01:51:46.354] Code complete: 2 results from Sema, 9 from Index, 0 matched, 0 from identifiers, 11 returned (incomplete).\n"
[ERROR][2025-03-26 01:51:46] .../vim/lsp/rpc.lua:770	"rpc"	"/usr/bin/clangd-18"	"stderr"	"I[01:51:46.355] --> reply:textDocument/completion(43) 14 ms\n"
[ERROR][2025-03-26 01:51:46] .../vim/lsp/rpc.lua:770	"rpc"	"/usr/bin/clangd-18"	"stderr"	"I[01:51:46.391] Failed to find compilation database for /home/sasha2k62024/GitHub/NeovimGUIManager/IDE/Neovim/main.cpp\n"
[ERROR][2025-03-26 01:51:46] .../vim/lsp/rpc.lua:770	"rpc"	"/usr/bin/clangd-18"	"stderr"	"I[01:51:46.391] ASTWorker building file /home/sasha2k62024/GitHub/NeovimGUIManager/IDE/Neovim/main.cpp version 110 with command clangd fallback\n[/home/sasha2k62024/GitHub/NeovimGUIManager/IDE/Neovim]\n/usr/bin/clang -IHeaderFiles/rlImGui -resource-dir=/usr/lib/llvm-18/lib/clang/18 -- /home/sasha2k62024/GitHub/NeovimGUIManager/IDE/Neovim/main.cpp\n"
[ERROR][2025-03-26 01:51:46] .../vim/lsp/rpc.lua:770	"rpc"	"/usr/bin/clangd-18"	"stderr"	"I[01:51:46.404] --> textDocument/publishDiagnostics\n"
[ERROR][2025-03-26 01:51:46] .../vim/lsp/rpc.lua:770	"rpc"	"/usr/bin/clangd-18"	"stderr"	"I[01:51:46.473] <-- textDocument/didChange\nI[01:51:46.474] <-- textDocument/completion(44)\n"
[ERROR][2025-03-26 01:51:46] .../vim/lsp/rpc.lua:770	"rpc"	"/usr/bin/clangd-18"	"stderr"	"I[01:51:46.500] Code complete: sema context Expression, query scopes [,std::] (AnyScope=true), expected type int\n"
[ERROR][2025-03-26 01:51:46] .../vim/lsp/rpc.lua:770	"rpc"	"/usr/bin/clangd-18"	"stderr"	"I[01:51:46.502] Code complete: 1 results from Sema, 3 from Index, 0 matched, 0 from identifiers, 4 returned.\n"
[ERROR][2025-03-26 01:51:46] .../vim/lsp/rpc.lua:770	"rpc"	"/usr/bin/clangd-18"	"stderr"	"I[01:51:46.503] --> reply:textDocument/completion(44) 28 ms\n"
[ERROR][2025-03-26 01:51:46] .../vim/lsp/rpc.lua:770	"rpc"	"/usr/bin/clangd-18"	"stderr"	"I[01:51:46.524] Failed to find compilation database for /home/sasha2k62024/GitHub/NeovimGUIManager/IDE/Neovim/main.cpp\nI[01:51:46.525] ASTWorker building file /home/sasha2k62024/GitHub/NeovimGUIManager/IDE/Neovim/main.cpp version 111 with command clangd fallback\n[/home/sasha2k62024/GitHub/NeovimGUIManager/IDE/Neovim]\n/usr/bin/clang -IHeaderFiles/rlImGui -resource-dir=/usr/lib/llvm-18/lib/clang/18 -- /home/sasha2k62024/GitHub/NeovimGUIManager/IDE/Neovim/main.cpp\n"
[ERROR][2025-03-26 01:51:46] .../vim/lsp/rpc.lua:770	"rpc"	"/usr/bin/clangd-18"	"stderr"	"I[01:51:46.544] --> textDocument/publishDiagnostics\n"
[ERROR][2025-03-26 01:51:46] .../vim/lsp/rpc.lua:770	"rpc"	"/usr/bin/clangd-18"	"stderr"	"I[01:51:46.626] <-- textDocument/didChange\n"
[ERROR][2025-03-26 01:51:46] .../vim/lsp/rpc.lua:770	"rpc"	"/usr/bin/clangd-18"	"stderr"	"I[01:51:46.677] Failed to find compilation database for /home/sasha2k62024/GitHub/NeovimGUIManager/IDE/Neovim/main.cpp\n"
[ERROR][2025-03-26 01:51:46] .../vim/lsp/rpc.lua:770	"rpc"	"/usr/bin/clangd-18"	"stderr"	"I[01:51:46.678] ASTWorker building file /home/sasha2k62024/GitHub/NeovimGUIManager/IDE/Neovim/main.cpp version 112 with command clangd fallback\n[/home/sasha2k62024/GitHub/NeovimGUIManager/IDE/Neovim]\n/usr/bin/clang -IHeaderFiles/rlImGui -resource-dir=/usr/lib/llvm-18/lib/clang/18 -- /home/sasha2k62024/GitHub/NeovimGUIManager/IDE/Neovim/main.cpp\n"
[ERROR][2025-03-26 01:51:46] .../vim/lsp/rpc.lua:770	"rpc"	"/usr/bin/clangd-18"	"stderr"	"I[01:51:46.705] --> textDocument/publishDiagnostics\n"
[ERROR][2025-03-26 01:51:46] .../vim/lsp/rpc.lua:770	"rpc"	"/usr/bin/clangd-18"	"stderr"	"I[01:51:46.775] <-- textDocument/didChange\n"
[ERROR][2025-03-26 01:51:46] .../vim/lsp/rpc.lua:770	"rpc"	"/usr/bin/clangd-18"	"stderr"	"I[01:51:46.826] Failed to find compilation database for /home/sasha2k62024/GitHub/NeovimGUIManager/IDE/Neovim/main.cpp\n"
[ERROR][2025-03-26 01:51:46] .../vim/lsp/rpc.lua:770	"rpc"	"/usr/bin/clangd-18"	"stderr"	"I[01:51:46.827] ASTWorker building file /home/sasha2k62024/GitHub/NeovimGUIManager/IDE/Neovim/main.cpp version 113 with command clangd fallback\n[/home/sasha2k62024/GitHub/NeovimGUIManager/IDE/Neovim]\n/usr/bin/clang -IHeaderFiles/rlImGui -resource-dir=/usr/lib/llvm-18/lib/clang/18 -- /home/sasha2k62024/GitHub/NeovimGUIManager/IDE/Neovim/main.cpp\n"
[ERROR][2025-03-26 01:51:46] .../vim/lsp/rpc.lua:770	"rpc"	"/usr/bin/clangd-18"	"stderr"	"I[01:51:46.841] --> textDocument/publishDiagnostics\n"
[ERROR][2025-03-26 01:51:46] .../vim/lsp/rpc.lua:770	"rpc"	"/usr/bin/clangd-18"	"stderr"	"I[01:51:46.905] <-- textDocument/semanticTokens/full/delta(45)\n"
[ERROR][2025-03-26 01:51:46] .../vim/lsp/rpc.lua:770	"rpc"	"/usr/bin/clangd-18"	"stderr"	"I[01:51:46.905] --> reply:textDocument/semanticTokens/full/delta(45) 0 ms\n"
[ERROR][2025-03-26 01:51:47] .../vim/lsp/rpc.lua:770	"rpc"	"/usr/bin/clangd-18"	"stderr"	"I[01:51:47.031] <-- textDocument/didChange\n"
[ERROR][2025-03-26 01:51:47] .../vim/lsp/rpc.lua:770	"rpc"	"/usr/bin/clangd-18"	"stderr"	"I[01:51:47.082] Failed to find compilation database for /home/sasha2k62024/GitHub/NeovimGUIManager/IDE/Neovim/main.cpp\n"
[ERROR][2025-03-26 01:51:47] .../vim/lsp/rpc.lua:770	"rpc"	"/usr/bin/clangd-18"	"stderr"	"I[01:51:47.083] ASTWorker building file /home/sasha2k62024/GitHub/NeovimGUIManager/IDE/Neovim/main.cpp version 114 with command clangd fallback\n[/home/sasha2k62024/GitHub/NeovimGUIManager/IDE/Neovim]\n/usr/bin/clang -IHeaderFiles/rlImGui -resource-dir=/usr/lib/llvm-18/lib/clang/18 -- /home/sasha2k62024/GitHub/NeovimGUIManager/IDE/Neovim/main.cpp\n"
[ERROR][2025-03-26 01:51:47] .../vim/lsp/rpc.lua:770	"rpc"	"/usr/bin/clangd-18"	"stderr"	"I[01:51:47.110] --> textDocument/publishDiagnostics\n"
[ERROR][2025-03-26 01:51:47] .../vim/lsp/rpc.lua:770	"rpc"	"/usr/bin/clangd-18"	"stderr"	"I[01:51:47.230] <-- textDocument/semanticTokens/full/delta(46)\n"
[ERROR][2025-03-26 01:51:47] .../vim/lsp/rpc.lua:770	"rpc"	"/usr/bin/clangd-18"	"stderr"	"I[01:51:47.231] --> reply:textDocument/semanticTokens/full/delta(46) 0 ms\n"
[ERROR][2025-03-26 01:51:47] .../vim/lsp/rpc.lua:770	"rpc"	"/usr/bin/clangd-18"	"stderr"	"I[01:51:47.273] <-- textDocument/didChange\n"
[ERROR][2025-03-26 01:51:47] .../vim/lsp/rpc.lua:770	"rpc"	"/usr/bin/clangd-18"	"stderr"	"I[01:51:47.325] Failed to find compilation database for /home/sasha2k62024/GitHub/NeovimGUIManager/IDE/Neovim/main.cpp\n"
[ERROR][2025-03-26 01:51:47] .../vim/lsp/rpc.lua:770	"rpc"	"/usr/bin/clangd-18"	"stderr"	"I[01:51:47.326] ASTWorker building file /home/sasha2k62024/GitHub/NeovimGUIManager/IDE/Neovim/main.cpp version 115 with command clangd fallback\n[/home/sasha2k62024/GitHub/NeovimGUIManager/IDE/Neovim]\n/usr/bin/clang -IHeaderFiles/rlImGui -resource-dir=/usr/lib/llvm-18/lib/clang/18 -- /home/sasha2k62024/GitHub/NeovimGUIManager/IDE/Neovim/main.cpp\n"
[ERROR][2025-03-26 01:51:47] .../vim/lsp/rpc.lua:770	"rpc"	"/usr/bin/clangd-18"	"stderr"	"I[01:51:47.352] --> textDocument/publishDiagnostics\n"
[ERROR][2025-03-26 01:51:47] .../vim/lsp/rpc.lua:770	"rpc"	"/usr/bin/clangd-18"	"stderr"	"I[01:51:47.434] <-- textDocument/didChange\n"
[ERROR][2025-03-26 01:51:47] .../vim/lsp/rpc.lua:770	"rpc"	"/usr/bin/clangd-18"	"stderr"	"I[01:51:47.485] Failed to find compilation database for /home/sasha2k62024/GitHub/NeovimGUIManager/IDE/Neovim/main.cpp\n"
[ERROR][2025-03-26 01:51:47] .../vim/lsp/rpc.lua:770	"rpc"	"/usr/bin/clangd-18"	"stderr"	"I[01:51:47.486] ASTWorker building file /home/sasha2k62024/GitHub/NeovimGUIManager/IDE/Neovim/main.cpp version 116 with command clangd fallback\n[/home/sasha2k62024/GitHub/NeovimGUIManager/IDE/Neovim]\n/usr/bin/clang -IHeaderFiles/rlImGui -resource-dir=/usr/lib/llvm-18/lib/clang/18 -- /home/sasha2k62024/GitHub/NeovimGUIManager/IDE/Neovim/main.cpp\n"
[ERROR][2025-03-26 01:51:47] .../vim/lsp/rpc.lua:770	"rpc"	"/usr/bin/clangd-18"	"stderr"	"I[01:51:47.513] --> textDocument/publishDiagnostics\n"
[ERROR][2025-03-26 01:51:47] .../vim/lsp/rpc.lua:770	"rpc"	"/usr/bin/clangd-18"	"stderr"	"I[01:51:47.634] <-- textDocument/semanticTokens/full/delta(47)\n"
[ERROR][2025-03-26 01:51:47] .../vim/lsp/rpc.lua:770	"rpc"	"/usr/bin/clangd-18"	"stderr"	"I[01:51:47.635] --> reply:textDocument/semanticTokens/full/delta(47) 0 ms\n"
[ERROR][2025-03-26 01:51:47] .../vim/lsp/rpc.lua:770	"rpc"	"/usr/bin/clangd-18"	"stderr"	"I[01:51:47.648] <-- textDocument/didChange\n"
[ERROR][2025-03-26 01:51:47] .../vim/lsp/rpc.lua:770	"rpc"	"/usr/bin/clangd-18"	"stderr"	"I[01:51:47.700] Failed to find compilation database for /home/sasha2k62024/GitHub/NeovimGUIManager/IDE/Neovim/main.cpp\n"
[ERROR][2025-03-26 01:51:47] .../vim/lsp/rpc.lua:770	"rpc"	"/usr/bin/clangd-18"	"stderr"	"I[01:51:47.701] ASTWorker building file /home/sasha2k62024/GitHub/NeovimGUIManager/IDE/Neovim/main.cpp version 117 with command clangd fallback\n[/home/sasha2k62024/GitHub/NeovimGUIManager/IDE/Neovim]\n/usr/bin/clang -IHeaderFiles/rlImGui -resource-dir=/usr/lib/llvm-18/lib/clang/18 -- /home/sasha2k62024/GitHub/NeovimGUIManager/IDE/Neovim/main.cpp\n"
[ERROR][2025-03-26 01:51:47] .../vim/lsp/rpc.lua:770	"rpc"	"/usr/bin/clangd-18"	"stderr"	"I[01:51:47.728] --> textDocument/publishDiagnostics\n"
[ERROR][2025-03-26 01:51:47] .../vim/lsp/rpc.lua:770	"rpc"	"/usr/bin/clangd-18"	"stderr"	"I[01:51:47.791] <-- textDocument/didChange\n"
[ERROR][2025-03-26 01:51:47] .../vim/lsp/rpc.lua:770	"rpc"	"/usr/bin/clangd-18"	"stderr"	"I[01:51:47.841] Failed to find compilation database for /home/sasha2k62024/GitHub/NeovimGUIManager/IDE/Neovim/main.cpp\n"
[ERROR][2025-03-26 01:51:47] .../vim/lsp/rpc.lua:770	"rpc"	"/usr/bin/clangd-18"	"stderr"	"I[01:51:47.843] ASTWorker building file /home/sasha2k62024/GitHub/NeovimGUIManager/IDE/Neovim/main.cpp version 118 with command clangd fallback\n[/home/sasha2k62024/GitHub/NeovimGUIManager/IDE/Neovim]\n/usr/bin/clang -IHeaderFiles/rlImGui -resource-dir=/usr/lib/llvm-18/lib/clang/18 -- /home/sasha2k62024/GitHub/NeovimGUIManager/IDE/Neovim/main.cpp\n"
[ERROR][2025-03-26 01:51:47] .../vim/lsp/rpc.lua:770	"rpc"	"/usr/bin/clangd-18"	"stderr"	"I[01:51:47.845] <-- textDocument/semanticTokens/full/delta(48)\n"
[ERROR][2025-03-26 01:51:47] .../vim/lsp/rpc.lua:770	"rpc"	"/usr/bin/clangd-18"	"stderr"	"I[01:51:47.869] --> textDocument/publishDiagnostics\n"
[ERROR][2025-03-26 01:51:47] .../vim/lsp/rpc.lua:770	"rpc"	"/usr/bin/clangd-18"	"stderr"	"I[01:51:47.869] --> reply:textDocument/semanticTokens/full/delta(48) 24 ms\n"
[ERROR][2025-03-26 01:51:47] .../vim/lsp/rpc.lua:770	"rpc"	"/usr/bin/clangd-18"	"stderr"	"I[01:51:47.944] <-- textDocument/didChange\n"
[ERROR][2025-03-26 01:51:47] .../vim/lsp/rpc.lua:770	"rpc"	"/usr/bin/clangd-18"	"stderr"	"I[01:51:47.995] Failed to find compilation database for /home/sasha2k62024/GitHub/NeovimGUIManager/IDE/Neovim/main.cpp\n"
[ERROR][2025-03-26 01:51:47] .../vim/lsp/rpc.lua:770	"rpc"	"/usr/bin/clangd-18"	"stderr"	"I[01:51:47.996] ASTWorker building file /home/sasha2k62024/GitHub/NeovimGUIManager/IDE/Neovim/main.cpp version 120 with command clangd fallback\n[/home/sasha2k62024/GitHub/NeovimGUIManager/IDE/Neovim]\n/usr/bin/clang -IHeaderFiles/rlImGui -resource-dir=/usr/lib/llvm-18/lib/clang/18 -- /home/sasha2k62024/GitHub/NeovimGUIManager/IDE/Neovim/main.cpp\n"
[ERROR][2025-03-26 01:51:48] .../vim/lsp/rpc.lua:770	"rpc"	"/usr/bin/clangd-18"	"stderr"	"I[01:51:48.024] --> textDocument/publishDiagnostics\n"
[ERROR][2025-03-26 01:51:48] .../vim/lsp/rpc.lua:770	"rpc"	"/usr/bin/clangd-18"	"stderr"	"I[01:51:48.110] <-- textDocument/semanticTokens/full/delta(49)\n"
[ERROR][2025-03-26 01:51:48] .../vim/lsp/rpc.lua:770	"rpc"	"/usr/bin/clangd-18"	"stderr"	"I[01:51:48.110] --> reply:textDocument/semanticTokens/full/delta(49) 0 ms\n"
[ERROR][2025-03-26 01:51:49] .../vim/lsp/rpc.lua:770	"rpc"	"/usr/bin/clangd-18"	"stderr"	"I[01:51:49.955] <-- textDocument/didChange\n"
[ERROR][2025-03-26 01:51:50] .../vim/lsp/rpc.lua:770	"rpc"	"/usr/bin/clangd-18"	"stderr"	"I[01:51:50.006] Failed to find compilation database for /home/sasha2k62024/GitHub/NeovimGUIManager/IDE/Neovim/main.cpp\n"
[ERROR][2025-03-26 01:51:50] .../vim/lsp/rpc.lua:770	"rpc"	"/usr/bin/clangd-18"	"stderr"	"I[01:51:50.007] ASTWorker building file /home/sasha2k62024/GitHub/NeovimGUIManager/IDE/Neovim/main.cpp version 121 with command clangd fallback\n[/home/sasha2k62024/GitHub/NeovimGUIManager/IDE/Neovim]\n/usr/bin/clang -IHeaderFiles/rlImGui -resource-dir=/usr/lib/llvm-18/lib/clang/18 -- /home/sasha2k62024/GitHub/NeovimGUIManager/IDE/Neovim/main.cpp\n"
[ERROR][2025-03-26 01:51:50] .../vim/lsp/rpc.lua:770	"rpc"	"/usr/bin/clangd-18"	"stderr"	"I[01:51:50.032] --> textDocument/publishDiagnostics\n"
[ERROR][2025-03-26 01:51:50] .../vim/lsp/rpc.lua:770	"rpc"	"/usr/bin/clangd-18"	"stderr"	"I[01:51:50.153] <-- textDocument/semanticTokens/full/delta(50)\n"
[ERROR][2025-03-26 01:51:50] .../vim/lsp/rpc.lua:770	"rpc"	"/usr/bin/clangd-18"	"stderr"	"I[01:51:50.154] --> reply:textDocument/semanticTokens/full/delta(50) 0 ms\n"
[ERROR][2025-03-26 01:51:50] .../vim/lsp/rpc.lua:770	"rpc"	"/usr/bin/clangd-18"	"stderr"	"I[01:51:50.820] <-- textDocument/didChange\n"
[ERROR][2025-03-26 01:51:50] .../vim/lsp/rpc.lua:770	"rpc"	"/usr/bin/clangd-18"	"stderr"	"I[01:51:50.823] <-- textDocument/completion(51)\n"
[ERROR][2025-03-26 01:51:50] .../vim/lsp/rpc.lua:770	"rpc"	"/usr/bin/clangd-18"	"stderr"	"I[01:51:50.852] Code complete: sema context Statement, query scopes [,std::] (AnyScope=true), expected type <none>\n"
[ERROR][2025-03-26 01:51:50] .../vim/lsp/rpc.lua:770	"rpc"	"/usr/bin/clangd-18"	"stderr"	"I[01:51:50.852] Code complete: 2 results from Sema, 92 from Index, 0 matched, 0 from identifiers, 94 returned (incomplete).\n"
[ERROR][2025-03-26 01:51:50] .../vim/lsp/rpc.lua:770	"rpc"	"/usr/bin/clangd-18"	"stderr"	"I[01:51:50.857] --> reply:textDocument/completion(51) 34 ms\n"
[ERROR][2025-03-26 01:51:50] .../vim/lsp/rpc.lua:770	"rpc"	"/usr/bin/clangd-18"	"stderr"	"I[01:51:50.872] Failed to find compilation database for /home/sasha2k62024/GitHub/NeovimGUIManager/IDE/Neovim/main.cpp\nI[01:51:50.872] ASTWorker building file /home/sasha2k62024/GitHub/NeovimGUIManager/IDE/Neovim/main.cpp version 122 with command clangd fallback\n[/home/sasha2k62024/GitHub/NeovimGUIManager/IDE/Neovim]\n/usr/bin/clang -IHeaderFiles/rlImGui -resource-dir=/usr/lib/llvm-18/lib/clang/18 -- /home/sasha2k62024/GitHub/NeovimGUIManager/IDE/Neovim/main.cpp\n"
[ERROR][2025-03-26 01:51:50] .../vim/lsp/rpc.lua:770	"rpc"	"/usr/bin/clangd-18"	"stderr"	"I[01:51:50.890] <-- textDocument/didChange\nI[01:51:50.891] <-- textDocument/completion(52)\nI[01:51:50.892] --> textDocument/publishDiagnostics\n"
[ERROR][2025-03-26 01:51:50] .../vim/lsp/rpc.lua:770	"rpc"	"/usr/bin/clangd-18"	"stderr"	"I[01:51:50.915] Code complete: sema context Statement, query scopes [,std::] (AnyScope=true), expected type <none>\nI[01:51:50.915] Code complete: 2 results from Sema, 78 from Index, 0 matched, 0 from identifiers, 80 returned (incomplete).\nI[01:51:50.922] --> reply:textDocument/completion(52) 31 ms\n"
[ERROR][2025-03-26 01:51:50] .../vim/lsp/rpc.lua:770	"rpc"	"/usr/bin/clangd-18"	"stderr"	"I[01:51:50.941] Failed to find compilation database for /home/sasha2k62024/GitHub/NeovimGUIManager/IDE/Neovim/main.cpp\nI[01:51:50.941] ASTWorker building file /home/sasha2k62024/GitHub/NeovimGUIManager/IDE/Neovim/main.cpp version 123 with command clangd fallback\n[/home/sasha2k62024/GitHub/NeovimGUIManager/IDE/Neovim]\n/usr/bin/clang -IHeaderFiles/rlImGui -resource-dir=/usr/lib/llvm-18/lib/clang/18 -- /home/sasha2k62024/GitHub/NeovimGUIManager/IDE/Neovim/main.cpp\n"
[ERROR][2025-03-26 01:51:50] .../vim/lsp/rpc.lua:770	"rpc"	"/usr/bin/clangd-18"	"stderr"	"I[01:51:50.954] --> textDocument/publishDiagnostics\n"
[ERROR][2025-03-26 01:51:51] .../vim/lsp/rpc.lua:770	"rpc"	"/usr/bin/clangd-18"	"stderr"	"I[01:51:51.017] <-- textDocument/didChange\nI[01:51:51.017] <-- textDocument/completion(53)\n"
[ERROR][2025-03-26 01:51:51] .../vim/lsp/rpc.lua:770	"rpc"	"/usr/bin/clangd-18"	"stderr"	"I[01:51:51.030] Code complete: sema context Statement, query scopes [,std::] (AnyScope=true), expected type <none>\n"
[ERROR][2025-03-26 01:51:51] .../vim/lsp/rpc.lua:770	"rpc"	"/usr/bin/clangd-18"	"stderr"	"I[01:51:51.031] Code complete: 1 results from Sema, 17 from Index, 0 matched, 0 from identifiers, 18 returned.\n"
[ERROR][2025-03-26 01:51:51] .../vim/lsp/rpc.lua:770	"rpc"	"/usr/bin/clangd-18"	"stderr"	"I[01:51:51.032] --> reply:textDocument/completion(53) 14 ms\n"
[ERROR][2025-03-26 01:51:51] .../vim/lsp/rpc.lua:770	"rpc"	"/usr/bin/clangd-18"	"stderr"	"I[01:51:51.068] Failed to find compilation database for /home/sasha2k62024/GitHub/NeovimGUIManager/IDE/Neovim/main.cpp\n"
[ERROR][2025-03-26 01:51:51] .../vim/lsp/rpc.lua:770	"rpc"	"/usr/bin/clangd-18"	"stderr"	"I[01:51:51.069] ASTWorker building file /home/sasha2k62024/GitHub/NeovimGUIManager/IDE/Neovim/main.cpp version 124 with command clangd fallback\n[/home/sasha2k62024/GitHub/NeovimGUIManager/IDE/Neovim]\n/usr/bin/clang -IHeaderFiles/rlImGui -resource-dir=/usr/lib/llvm-18/lib/clang/18 -- /home/sasha2k62024/GitHub/NeovimGUIManager/IDE/Neovim/main.cpp\n"
[ERROR][2025-03-26 01:51:51] .../vim/lsp/rpc.lua:770	"rpc"	"/usr/bin/clangd-18"	"stderr"	"I[01:51:51.089] --> textDocument/publishDiagnostics\n"
[ERROR][2025-03-26 01:51:51] .../vim/lsp/rpc.lua:770	"rpc"	"/usr/bin/clangd-18"	"stderr"	"I[01:51:51.174] <-- textDocument/didChange\n"
[ERROR][2025-03-26 01:51:51] .../vim/lsp/rpc.lua:770	"rpc"	"/usr/bin/clangd-18"	"stderr"	"I[01:51:51.225] Failed to find compilation database for /home/sasha2k62024/GitHub/NeovimGUIManager/IDE/Neovim/main.cpp\n"
[ERROR][2025-03-26 01:51:51] .../vim/lsp/rpc.lua:770	"rpc"	"/usr/bin/clangd-18"	"stderr"	"I[01:51:51.226] ASTWorker building file /home/sasha2k62024/GitHub/NeovimGUIManager/IDE/Neovim/main.cpp version 125 with command clangd fallback\n[/home/sasha2k62024/GitHub/NeovimGUIManager/IDE/Neovim]\n/usr/bin/clang -IHeaderFiles/rlImGui -resource-dir=/usr/lib/llvm-18/lib/clang/18 -- /home/sasha2k62024/GitHub/NeovimGUIManager/IDE/Neovim/main.cpp\n"
[ERROR][2025-03-26 01:51:51] .../vim/lsp/rpc.lua:770	"rpc"	"/usr/bin/clangd-18"	"stderr"	"I[01:51:51.243] --> textDocument/publishDiagnostics\n"
[ERROR][2025-03-26 01:51:51] .../vim/lsp/rpc.lua:770	"rpc"	"/usr/bin/clangd-18"	"stderr"	"I[01:51:51.326] <-- textDocument/didChange\n"
[ERROR][2025-03-26 01:51:51] .../vim/lsp/rpc.lua:770	"rpc"	"/usr/bin/clangd-18"	"stderr"	"I[01:51:51.377] Failed to find compilation database for /home/sasha2k62024/GitHub/NeovimGUIManager/IDE/Neovim/main.cpp\n"
[ERROR][2025-03-26 01:51:51] .../vim/lsp/rpc.lua:770	"rpc"	"/usr/bin/clangd-18"	"stderr"	"I[01:51:51.379] ASTWorker building file /home/sasha2k62024/GitHub/NeovimGUIManager/IDE/Neovim/main.cpp version 126 with command clangd fallback\n[/home/sasha2k62024/GitHub/NeovimGUIManager/IDE/Neovim]\n/usr/bin/clang -IHeaderFiles/rlImGui -resource-dir=/usr/lib/llvm-18/lib/clang/18 -- /home/sasha2k62024/GitHub/NeovimGUIManager/IDE/Neovim/main.cpp\n"
[ERROR][2025-03-26 01:51:51] .../vim/lsp/rpc.lua:770	"rpc"	"/usr/bin/clangd-18"	"stderr"	"I[01:51:51.408] --> textDocument/publishDiagnostics\n"
[ERROR][2025-03-26 01:51:51] .../vim/lsp/rpc.lua:770	"rpc"	"/usr/bin/clangd-18"	"stderr"	"I[01:51:51.447] <-- textDocument/semanticTokens/full/delta(54)\n"
[ERROR][2025-03-26 01:51:51] .../vim/lsp/rpc.lua:770	"rpc"	"/usr/bin/clangd-18"	"stderr"	"I[01:51:51.447] --> reply:textDocument/semanticTokens/full/delta(54) 0 ms\n"
[ERROR][2025-03-26 01:51:51] .../vim/lsp/rpc.lua:770	"rpc"	"/usr/bin/clangd-18"	"stderr"	"I[01:51:51.654] <-- textDocument/didChange\n"
[ERROR][2025-03-26 01:51:51] .../vim/lsp/rpc.lua:770	"rpc"	"/usr/bin/clangd-18"	"stderr"	"I[01:51:51.705] Failed to find compilation database for /home/sasha2k62024/GitHub/NeovimGUIManager/IDE/Neovim/main.cpp\n"
[ERROR][2025-03-26 01:51:51] .../vim/lsp/rpc.lua:770	"rpc"	"/usr/bin/clangd-18"	"stderr"	"I[01:51:51.707] ASTWorker building file /home/sasha2k62024/GitHub/NeovimGUIManager/IDE/Neovim/main.cpp version 127 with command clangd fallback\n[/home/sasha2k62024/GitHub/NeovimGUIManager/IDE/Neovim]\n/usr/bin/clang -IHeaderFiles/rlImGui -resource-dir=/usr/lib/llvm-18/lib/clang/18 -- /home/sasha2k62024/GitHub/NeovimGUIManager/IDE/Neovim/main.cpp\n"
[ERROR][2025-03-26 01:51:51] .../vim/lsp/rpc.lua:770	"rpc"	"/usr/bin/clangd-18"	"stderr"	"I[01:51:51.733] --> textDocument/publishDiagnostics\n"
[ERROR][2025-03-26 01:51:51] .../vim/lsp/rpc.lua:770	"rpc"	"/usr/bin/clangd-18"	"stderr"	"I[01:51:51.853] <-- textDocument/semanticTokens/full/delta(55)\n"
[ERROR][2025-03-26 01:51:51] .../vim/lsp/rpc.lua:770	"rpc"	"/usr/bin/clangd-18"	"stderr"	"I[01:51:51.853] --> reply:textDocument/semanticTokens/full/delta(55) 0 ms\n"
[ERROR][2025-03-26 01:51:51] .../vim/lsp/rpc.lua:770	"rpc"	"/usr/bin/clangd-18"	"stderr"	"I[01:51:51.965] <-- textDocument/didChange\n"
[ERROR][2025-03-26 01:51:52] .../vim/lsp/rpc.lua:770	"rpc"	"/usr/bin/clangd-18"	"stderr"	"I[01:51:52.016] Failed to find compilation database for /home/sasha2k62024/GitHub/NeovimGUIManager/IDE/Neovim/main.cpp\n"
[ERROR][2025-03-26 01:51:52] .../vim/lsp/rpc.lua:770	"rpc"	"/usr/bin/clangd-18"	"stderr"	"I[01:51:52.017] ASTWorker building file /home/sasha2k62024/GitHub/NeovimGUIManager/IDE/Neovim/main.cpp version 128 with command clangd fallback\n[/home/sasha2k62024/GitHub/NeovimGUIManager/IDE/Neovim]\n/usr/bin/clang -IHeaderFiles/rlImGui -resource-dir=/usr/lib/llvm-18/lib/clang/18 -- /home/sasha2k62024/GitHub/NeovimGUIManager/IDE/Neovim/main.cpp\n"
[ERROR][2025-03-26 01:51:52] .../vim/lsp/rpc.lua:770	"rpc"	"/usr/bin/clangd-18"	"stderr"	"I[01:51:52.043] --> textDocument/publishDiagnostics\n"
[ERROR][2025-03-26 01:51:52] .../vim/lsp/rpc.lua:770	"rpc"	"/usr/bin/clangd-18"	"stderr"	"I[01:51:52.121] <-- textDocument/didChange\n"
[ERROR][2025-03-26 01:51:52] .../vim/lsp/rpc.lua:770	"rpc"	"/usr/bin/clangd-18"	"stderr"	"I[01:51:52.172] Failed to find compilation database for /home/sasha2k62024/GitHub/NeovimGUIManager/IDE/Neovim/main.cpp\n"
[ERROR][2025-03-26 01:51:52] .../vim/lsp/rpc.lua:770	"rpc"	"/usr/bin/clangd-18"	"stderr"	"I[01:51:52.173] ASTWorker building file /home/sasha2k62024/GitHub/NeovimGUIManager/IDE/Neovim/main.cpp version 142 with command clangd fallback\n[/home/sasha2k62024/GitHub/NeovimGUIManager/IDE/Neovim]\n/usr/bin/clang -IHeaderFiles/rlImGui -resource-dir=/usr/lib/llvm-18/lib/clang/18 -- /home/sasha2k62024/GitHub/NeovimGUIManager/IDE/Neovim/main.cpp\n"
[ERROR][2025-03-26 01:51:52] .../vim/lsp/rpc.lua:770	"rpc"	"/usr/bin/clangd-18"	"stderr"	"I[01:51:52.173] <-- textDocument/semanticTokens/full/delta(56)\n"
[ERROR][2025-03-26 01:51:52] .../vim/lsp/rpc.lua:770	"rpc"	"/usr/bin/clangd-18"	"stderr"	"I[01:51:52.187] --> textDocument/publishDiagnostics\n"
[ERROR][2025-03-26 01:51:52] .../vim/lsp/rpc.lua:770	"rpc"	"/usr/bin/clangd-18"	"stderr"	"I[01:51:52.187] --> reply:textDocument/semanticTokens/full/delta(56) 14 ms\n"
[ERROR][2025-03-26 01:51:52] .../vim/lsp/rpc.lua:770	"rpc"	"/usr/bin/clangd-18"	"stderr"	"I[01:51:52.499] <-- textDocument/didChange\nI[01:51:52.513] <-- textDocument/completion(57)\n"
[ERROR][2025-03-26 01:51:52] .../vim/lsp/rpc.lua:770	"rpc"	"/usr/bin/clangd-18"	"stderr"	"I[01:51:52.550] Failed to find compilation database for /home/sasha2k62024/GitHub/NeovimGUIManager/IDE/Neovim/main.cpp\n"
[ERROR][2025-03-26 01:51:52] .../vim/lsp/rpc.lua:770	"rpc"	"/usr/bin/clangd-18"	"stderr"	"I[01:51:52.551] ASTWorker building file /home/sasha2k62024/GitHub/NeovimGUIManager/IDE/Neovim/main.cpp version 143 with command clangd fallback\n[/home/sasha2k62024/GitHub/NeovimGUIManager/IDE/Neovim]\n/usr/bin/clang -IHeaderFiles/rlImGui -resource-dir=/usr/lib/llvm-18/lib/clang/18 -- /home/sasha2k62024/GitHub/NeovimGUIManager/IDE/Neovim/main.cpp\n"
[ERROR][2025-03-26 01:51:52] .../vim/lsp/rpc.lua:770	"rpc"	"/usr/bin/clangd-18"	"stderr"	"I[01:51:52.555] Code complete: sema context Expression, query scopes [,std::] (AnyScope=true), expected type int\n"
[ERROR][2025-03-26 01:51:52] .../vim/lsp/rpc.lua:770	"rpc"	"/usr/bin/clangd-18"	"stderr"	"I[01:51:52.556] Code complete: 1 results from Sema, 88 from Index, 0 matched, 0 from identifiers, 89 returned (incomplete).\n"
[ERROR][2025-03-26 01:51:52] .../vim/lsp/rpc.lua:770	"rpc"	"/usr/bin/clangd-18"	"stderr"	"I[01:51:52.565] --> reply:textDocument/completion(57) 52 ms\n"
[ERROR][2025-03-26 01:51:52] .../vim/lsp/rpc.lua:770	"rpc"	"/usr/bin/clangd-18"	"stderr"	"I[01:51:52.573] --> textDocument/publishDiagnostics\n"
[ERROR][2025-03-26 01:51:52] .../vim/lsp/rpc.lua:770	"rpc"	"/usr/bin/clangd-18"	"stderr"	"I[01:51:52.699] <-- textDocument/semanticTokens/full/delta(58)\n"
[ERROR][2025-03-26 01:51:52] .../vim/lsp/rpc.lua:770	"rpc"	"/usr/bin/clangd-18"	"stderr"	"I[01:51:52.699] --> reply:textDocument/semanticTokens/full/delta(58) 0 ms\n"
[ERROR][2025-03-26 01:51:52] .../vim/lsp/rpc.lua:770	"rpc"	"/usr/bin/clangd-18"	"stderr"	"I[01:51:52.706] <-- textDocument/didChange\n"
[ERROR][2025-03-26 01:51:52] .../vim/lsp/rpc.lua:770	"rpc"	"/usr/bin/clangd-18"	"stderr"	"I[01:51:52.716] <-- textDocument/completion(59)\n"
[ERROR][2025-03-26 01:51:52] .../vim/lsp/rpc.lua:770	"rpc"	"/usr/bin/clangd-18"	"stderr"	"I[01:51:52.740] Code complete: sema context Expression, query scopes [,std::] (AnyScope=true), expected type int\n"
[ERROR][2025-03-26 01:51:52] .../vim/lsp/rpc.lua:770	"rpc"	"/usr/bin/clangd-18"	"stderr"	"I[01:51:52.741] Code complete: 0 results from Sema, 79 from Index, 0 matched, 0 from identifiers, 79 returned (incomplete).\n"
[ERROR][2025-03-26 01:51:52] .../vim/lsp/rpc.lua:770	"rpc"	"/usr/bin/clangd-18"	"stderr"	"I[01:51:52.750] --> reply:textDocument/completion(59) 33 ms\n"
[ERROR][2025-03-26 01:51:52] .../vim/lsp/rpc.lua:770	"rpc"	"/usr/bin/clangd-18"	"stderr"	"I[01:51:52.757] Failed to find compilation database for /home/sasha2k62024/GitHub/NeovimGUIManager/IDE/Neovim/main.cpp\n"
[ERROR][2025-03-26 01:51:52] .../vim/lsp/rpc.lua:770	"rpc"	"/usr/bin/clangd-18"	"stderr"	"I[01:51:52.758] ASTWorker building file /home/sasha2k62024/GitHub/NeovimGUIManager/IDE/Neovim/main.cpp version 144 with command clangd fallback\n[/home/sasha2k62024/GitHub/NeovimGUIManager/IDE/Neovim]\n/usr/bin/clang -IHeaderFiles/rlImGui -resource-dir=/usr/lib/llvm-18/lib/clang/18 -- /home/sasha2k62024/GitHub/NeovimGUIManager/IDE/Neovim/main.cpp\n"
[ERROR][2025-03-26 01:51:52] .../vim/lsp/rpc.lua:770	"rpc"	"/usr/bin/clangd-18"	"stderr"	"I[01:51:52.778] --> textDocument/publishDiagnostics\n"
[ERROR][2025-03-26 01:51:52] .../vim/lsp/rpc.lua:770	"rpc"	"/usr/bin/clangd-18"	"stderr"	"I[01:51:52.806] <-- textDocument/didChange\nI[01:51:52.806] <-- textDocument/completion(60)\n"
[ERROR][2025-03-26 01:51:52] .../vim/lsp/rpc.lua:770	"rpc"	"/usr/bin/clangd-18"	"stderr"	"I[01:51:52.822] Code complete: sema context Expression, query scopes [,std::] (AnyScope=true), expected type int\nI[01:51:52.823] Code complete: 0 results from Sema, 24 from Index, 0 matched, 0 from identifiers, 24 returned.\nI[01:51:52.824] --> reply:textDocument/completion(60) 18 ms\n"
[ERROR][2025-03-26 01:51:52] .../vim/lsp/rpc.lua:770	"rpc"	"/usr/bin/clangd-18"	"stderr"	"I[01:51:52.856] Failed to find compilation database for /home/sasha2k62024/GitHub/NeovimGUIManager/IDE/Neovim/main.cpp\n"
[ERROR][2025-03-26 01:51:52] .../vim/lsp/rpc.lua:770	"rpc"	"/usr/bin/clangd-18"	"stderr"	"I[01:51:52.857] ASTWorker building file /home/sasha2k62024/GitHub/NeovimGUIManager/IDE/Neovim/main.cpp version 145 with command clangd fallback\n[/home/sasha2k62024/GitHub/NeovimGUIManager/IDE/Neovim]\n/usr/bin/clang -IHeaderFiles/rlImGui -resource-dir=/usr/lib/llvm-18/lib/clang/18 -- /home/sasha2k62024/GitHub/NeovimGUIManager/IDE/Neovim/main.cpp\n"
[ERROR][2025-03-26 01:51:52] .../vim/lsp/rpc.lua:770	"rpc"	"/usr/bin/clangd-18"	"stderr"	"I[01:51:52.873] --> textDocument/publishDiagnostics\n"
[ERROR][2025-03-26 01:51:52] .../vim/lsp/rpc.lua:770	"rpc"	"/usr/bin/clangd-18"	"stderr"	"I[01:51:52.960] <-- textDocument/didChange\n"
[ERROR][2025-03-26 01:51:53] .../vim/lsp/rpc.lua:770	"rpc"	"/usr/bin/clangd-18"	"stderr"	"I[01:51:53.011] Failed to find compilation database for /home/sasha2k62024/GitHub/NeovimGUIManager/IDE/Neovim/main.cpp\n"
[ERROR][2025-03-26 01:51:53] .../vim/lsp/rpc.lua:770	"rpc"	"/usr/bin/clangd-18"	"stderr"	"I[01:51:53.012] ASTWorker building file /home/sasha2k62024/GitHub/NeovimGUIManager/IDE/Neovim/main.cpp version 146 with command clangd fallback\n[/home/sasha2k62024/GitHub/NeovimGUIManager/IDE/Neovim]\n/usr/bin/clang -IHeaderFiles/rlImGui -resource-dir=/usr/lib/llvm-18/lib/clang/18 -- /home/sasha2k62024/GitHub/NeovimGUIManager/IDE/Neovim/main.cpp\n"
[ERROR][2025-03-26 01:51:53] .../vim/lsp/rpc.lua:770	"rpc"	"/usr/bin/clangd-18"	"stderr"	"I[01:51:53.033] --> textDocument/publishDiagnostics\n"
[ERROR][2025-03-26 01:51:53] .../vim/lsp/rpc.lua:770	"rpc"	"/usr/bin/clangd-18"	"stderr"	"I[01:51:53.161] <-- textDocument/semanticTokens/full/delta(61)\n"
[ERROR][2025-03-26 01:51:53] .../vim/lsp/rpc.lua:770	"rpc"	"/usr/bin/clangd-18"	"stderr"	"I[01:51:53.162] --> reply:textDocument/semanticTokens/full/delta(61) 0 ms\n"
[ERROR][2025-03-26 01:51:53] .../vim/lsp/rpc.lua:770	"rpc"	"/usr/bin/clangd-18"	"stderr"	"I[01:51:53.467] <-- textDocument/didChange\n"
[ERROR][2025-03-26 01:51:53] .../vim/lsp/rpc.lua:770	"rpc"	"/usr/bin/clangd-18"	"stderr"	"I[01:51:53.517] Failed to find compilation database for /home/sasha2k62024/GitHub/NeovimGUIManager/IDE/Neovim/main.cpp\n"
[ERROR][2025-03-26 01:51:53] .../vim/lsp/rpc.lua:770	"rpc"	"/usr/bin/clangd-18"	"stderr"	"I[01:51:53.518] ASTWorker building file /home/sasha2k62024/GitHub/NeovimGUIManager/IDE/Neovim/main.cpp version 147 with command clangd fallback\n[/home/sasha2k62024/GitHub/NeovimGUIManager/IDE/Neovim]\n/usr/bin/clang -IHeaderFiles/rlImGui -resource-dir=/usr/lib/llvm-18/lib/clang/18 -- /home/sasha2k62024/GitHub/NeovimGUIManager/IDE/Neovim/main.cpp\n"
[ERROR][2025-03-26 01:51:53] .../vim/lsp/rpc.lua:770	"rpc"	"/usr/bin/clangd-18"	"stderr"	"I[01:51:53.549] --> textDocument/publishDiagnostics\n"
[ERROR][2025-03-26 01:51:53] .../vim/lsp/rpc.lua:770	"rpc"	"/usr/bin/clangd-18"	"stderr"	"I[01:51:53.625] <-- textDocument/didChange\n"
[ERROR][2025-03-26 01:51:53] .../vim/lsp/rpc.lua:770	"rpc"	"/usr/bin/clangd-18"	"stderr"	"I[01:51:53.676] Failed to find compilation database for /home/sasha2k62024/GitHub/NeovimGUIManager/IDE/Neovim/main.cpp\n"
[ERROR][2025-03-26 01:51:53] .../vim/lsp/rpc.lua:770	"rpc"	"/usr/bin/clangd-18"	"stderr"	"I[01:51:53.677] ASTWorker building file /home/sasha2k62024/GitHub/NeovimGUIManager/IDE/Neovim/main.cpp version 148 with command clangd fallback\n[/home/sasha2k62024/GitHub/NeovimGUIManager/IDE/Neovim]\n/usr/bin/clang -IHeaderFiles/rlImGui -resource-dir=/usr/lib/llvm-18/lib/clang/18 -- /home/sasha2k62024/GitHub/NeovimGUIManager/IDE/Neovim/main.cpp\n"
[ERROR][2025-03-26 01:51:53] .../vim/lsp/rpc.lua:770	"rpc"	"/usr/bin/clangd-18"	"stderr"	"I[01:51:53.706] --> textDocument/publishDiagnostics\n"
[ERROR][2025-03-26 01:51:53] .../vim/lsp/rpc.lua:770	"rpc"	"/usr/bin/clangd-18"	"stderr"	"I[01:51:53.825] <-- textDocument/semanticTokens/full/delta(62)\n"
[ERROR][2025-03-26 01:51:53] .../vim/lsp/rpc.lua:770	"rpc"	"/usr/bin/clangd-18"	"stderr"	"I[01:51:53.826] --> reply:textDocument/semanticTokens/full/delta(62) 0 ms\n"
[ERROR][2025-03-26 01:51:53] .../vim/lsp/rpc.lua:770	"rpc"	"/usr/bin/clangd-18"	"stderr"	"I[01:51:53.986] <-- textDocument/didChange\n"
[ERROR][2025-03-26 01:51:54] .../vim/lsp/rpc.lua:770	"rpc"	"/usr/bin/clangd-18"	"stderr"	"I[01:51:54.037] Failed to find compilation database for /home/sasha2k62024/GitHub/NeovimGUIManager/IDE/Neovim/main.cpp\n"
[ERROR][2025-03-26 01:51:54] .../vim/lsp/rpc.lua:770	"rpc"	"/usr/bin/clangd-18"	"stderr"	"I[01:51:54.038] ASTWorker building file /home/sasha2k62024/GitHub/NeovimGUIManager/IDE/Neovim/main.cpp version 149 with command clangd fallback\n[/home/sasha2k62024/GitHub/NeovimGUIManager/IDE/Neovim]\n/usr/bin/clang -IHeaderFiles/rlImGui -resource-dir=/usr/lib/llvm-18/lib/clang/18 -- /home/sasha2k62024/GitHub/NeovimGUIManager/IDE/Neovim/main.cpp\n"
[ERROR][2025-03-26 01:51:54] .../vim/lsp/rpc.lua:770	"rpc"	"/usr/bin/clangd-18"	"stderr"	"I[01:51:54.068] --> textDocument/publishDiagnostics\n"
[ERROR][2025-03-26 01:51:54] .../vim/lsp/rpc.lua:770	"rpc"	"/usr/bin/clangd-18"	"stderr"	"I[01:51:54.147] <-- textDocument/didChange\n"
[ERROR][2025-03-26 01:51:54] .../vim/lsp/rpc.lua:770	"rpc"	"/usr/bin/clangd-18"	"stderr"	"I[01:51:54.198] Failed to find compilation database for /home/sasha2k62024/GitHub/NeovimGUIManager/IDE/Neovim/main.cpp\n"
[ERROR][2025-03-26 01:51:54] .../vim/lsp/rpc.lua:770	"rpc"	"/usr/bin/clangd-18"	"stderr"	"I[01:51:54.199] ASTWorker building file /home/sasha2k62024/GitHub/NeovimGUIManager/IDE/Neovim/main.cpp version 169 with command clangd fallback\n[/home/sasha2k62024/GitHub/NeovimGUIManager/IDE/Neovim]\n/usr/bin/clang -IHeaderFiles/rlImGui -resource-dir=/usr/lib/llvm-18/lib/clang/18 -- /home/sasha2k62024/GitHub/NeovimGUIManager/IDE/Neovim/main.cpp\n"
[ERROR][2025-03-26 01:51:54] .../vim/lsp/rpc.lua:770	"rpc"	"/usr/bin/clangd-18"	"stderr"	"I[01:51:54.200] <-- textDocument/semanticTokens/full/delta(63)\n"
[ERROR][2025-03-26 01:51:54] .../vim/lsp/rpc.lua:770	"rpc"	"/usr/bin/clangd-18"	"stderr"	"I[01:51:54.226] --> textDocument/publishDiagnostics\n"
[ERROR][2025-03-26 01:51:54] .../vim/lsp/rpc.lua:770	"rpc"	"/usr/bin/clangd-18"	"stderr"	"I[01:51:54.226] --> reply:textDocument/semanticTokens/full/delta(63) 26 ms\n"
[ERROR][2025-03-26 01:51:54] .../vim/lsp/rpc.lua:770	"rpc"	"/usr/bin/clangd-18"	"stderr"	"I[01:51:54.799] Built preamble of size 3075192 for file /home/sasha2k62024/GitHub/NeovimGUIManager/IDE/Neovim/main.cpp version 169 in 0.59 seconds\n"
[ERROR][2025-03-26 01:51:54] .../vim/lsp/rpc.lua:770	"rpc"	"/usr/bin/clangd-18"	"stderr"	"I[01:51:54.799] --> workspace/semanticTokens/refresh(12)\n"
[ERROR][2025-03-26 01:51:54] .../vim/lsp/rpc.lua:770	"rpc"	"/usr/bin/clangd-18"	"stderr"	"I[01:51:54.800] <-- textDocument/semanticTokens/full/delta(64)\nI[01:51:54.800] <-- reply(12)\n"
[ERROR][2025-03-26 01:51:54] .../vim/lsp/rpc.lua:770	"rpc"	"/usr/bin/clangd-18"	"stderr"	"I[01:51:54.809] --> textDocument/publishDiagnostics\n"
[ERROR][2025-03-26 01:51:54] .../vim/lsp/rpc.lua:770	"rpc"	"/usr/bin/clangd-18"	"stderr"	"I[01:51:54.809] --> reply:textDocument/semanticTokens/full/delta(64) 9 ms\n"
[ERROR][2025-03-26 01:51:56] .../vim/lsp/rpc.lua:770	"rpc"	"/usr/bin/clangd-18"	"stderr"	"I[01:51:56.155] <-- shutdown(65)\nI[01:51:56.155] --> reply:shutdown(65) 0 ms\n"
[START][2025-03-26 02:01:59] LSP logging initiated
[ERROR][2025-03-26 02:01:59] .../vim/lsp/rpc.lua:770	"rpc"	"/usr/bin/clangd-18"	"stderr"	"I[02:01:59.681] Debian clangd version 18.1.8 (++20240731024826+3b5b5c1ec4a3-1~exp1~20240731144843.145)\nI[02:01:59.681] Features: linux+grpc\n"
[ERROR][2025-03-26 02:01:59] .../vim/lsp/rpc.lua:770	"rpc"	"/usr/bin/clangd-18"	"stderr"	"I[02:01:59.681] PID: 4811\nI[02:01:59.681] Working directory: /home/sasha2k62024/GitHub/NeovimGUIManager\nI[02:01:59.681] argv[0]: /usr/bin/clangd-18\nI[02:01:59.681] Starting LSP over stdin/stdout\n"
[ERROR][2025-03-26 02:01:59] .../vim/lsp/rpc.lua:770	"rpc"	"/usr/bin/clangd-18"	"stderr"	"I[02:01:59.683] <-- initialize(1)\n"
[ERROR][2025-03-26 02:01:59] .../vim/lsp/rpc.lua:770	"rpc"	"/usr/bin/clangd-18"	"stderr"	"I[02:01:59.701] --> reply:initialize(1) 17 ms\n"
[ERROR][2025-03-26 02:01:59] .../vim/lsp/rpc.lua:770	"rpc"	"/usr/bin/clangd-18"	"stderr"	"I[02:01:59.702] <-- initialized\nI[02:01:59.703] <-- textDocument/didOpen\nI[02:01:59.706] --> textDocument/publishDiagnostics\nI[02:01:59.707] Failed to find compilation database for /home/sasha2k62024/GitHub/NeovimGUIManager/IDE/Neovim/main.cpp\nI[02:01:59.707] ASTWorker building file /home/sasha2k62024/GitHub/NeovimGUIManager/IDE/Neovim/main.cpp version 0 with command clangd fallback\n[/home/sasha2k62024/GitHub/NeovimGUIManager/IDE/Neovim]\n/usr/bin/clang -IHeaderFiles/rlImGui -resource-dir=/usr/lib/llvm-18/lib/clang/18 -- /home/sasha2k62024/GitHub/NeovimGUIManager/IDE/Neovim/main.cpp\n"
[ERROR][2025-03-26 02:01:59] .../vim/lsp/rpc.lua:770	"rpc"	"/usr/bin/clangd-18"	"stderr"	"I[02:01:59.723] <-- textDocument/semanticTokens/full(2)\n"
[ERROR][2025-03-26 02:01:59] .../vim/lsp/rpc.lua:770	"rpc"	"/usr/bin/clangd-18"	"stderr"	"I[02:01:59.743] Built preamble of size 222228 for file /home/sasha2k62024/GitHub/NeovimGUIManager/IDE/Neovim/main.cpp version 0 in 0.03 seconds\n"
[ERROR][2025-03-26 02:01:59] .../vim/lsp/rpc.lua:770	"rpc"	"/usr/bin/clangd-18"	"stderr"	"I[02:01:59.744] --> workspace/semanticTokens/refresh(0)\n"
[ERROR][2025-03-26 02:01:59] .../vim/lsp/rpc.lua:770	"rpc"	"/usr/bin/clangd-18"	"stderr"	"I[02:01:59.749] <-- $/cancelRequest\n"
[ERROR][2025-03-26 02:01:59] .../vim/lsp/rpc.lua:770	"rpc"	"/usr/bin/clangd-18"	"stderr"	"I[02:01:59.749] <-- textDocument/semanticTokens/full(3)\n"
[ERROR][2025-03-26 02:01:59] .../vim/lsp/rpc.lua:770	"rpc"	"/usr/bin/clangd-18"	"stderr"	"I[02:01:59.749] <-- reply(0)\n"
[ERROR][2025-03-26 02:01:59] .../vim/lsp/rpc.lua:770	"rpc"	"/usr/bin/clangd-18"	"stderr"	"I[02:01:59.751] Indexing c++17 standard library in the context of /home/sasha2k62024/GitHub/NeovimGUIManager/IDE/Neovim/main.cpp\n"
[ERROR][2025-03-26 02:01:59] .../vim/lsp/rpc.lua:770	"rpc"	"/usr/bin/clangd-18"	"stderr"	"I[02:01:59.781] --> textDocument/publishDiagnostics\n"
[ERROR][2025-03-26 02:01:59] .../vim/lsp/rpc.lua:770	"rpc"	"/usr/bin/clangd-18"	"stderr"	"I[02:01:59.782] --> reply:textDocument/semanticTokens/full(2) 58 ms, error: Task was cancelled.\nI[02:01:59.782] --> reply:textDocument/semanticTokens/full(3) 32 ms\n"
[ERROR][2025-03-26 02:02:01] .../vim/lsp/rpc.lua:770	"rpc"	"/usr/bin/clangd-18"	"stderr"	"I[02:02:01.454] <-- textDocument/didChange\n"
[ERROR][2025-03-26 02:02:01] .../vim/lsp/rpc.lua:770	"rpc"	"/usr/bin/clangd-18"	"stderr"	"I[02:02:01.490] <-- textDocument/didChange\nI[02:02:01.490] <-- textDocument/completion(4)\n"
[ERROR][2025-03-26 02:02:01] .../vim/lsp/rpc.lua:770	"rpc"	"/usr/bin/clangd-18"	"stderr"	"I[02:02:01.542] Code complete: sema context PreprocessorDirective, query scopes [] (AnyScope=true), expected type <none>\n"
[ERROR][2025-03-26 02:02:01] .../vim/lsp/rpc.lua:770	"rpc"	"/usr/bin/clangd-18"	"stderr"	"I[02:02:01.543] Code complete: 7 results from Sema, 0 from Index, 0 matched, 0 from identifiers, 7 returned.\n"
[ERROR][2025-03-26 02:02:01] .../vim/lsp/rpc.lua:770	"rpc"	"/usr/bin/clangd-18"	"stderr"	"I[02:02:01.543] Failed to find compilation database for /home/sasha2k62024/GitHub/NeovimGUIManager/IDE/Neovim/main.cpp\n"
[ERROR][2025-03-26 02:02:01] .../vim/lsp/rpc.lua:770	"rpc"	"/usr/bin/clangd-18"	"stderr"	"I[02:02:01.544] ASTWorker building file /home/sasha2k62024/GitHub/NeovimGUIManager/IDE/Neovim/main.cpp version 6 with command clangd fallback\n[/home/sasha2k62024/GitHub/NeovimGUIManager/IDE/Neovim]\n/usr/bin/clang -IHeaderFiles/rlImGui -resource-dir=/usr/lib/llvm-18/lib/clang/18 -- /home/sasha2k62024/GitHub/NeovimGUIManager/IDE/Neovim/main.cpp\n"
[ERROR][2025-03-26 02:02:01] .../vim/lsp/rpc.lua:770	"rpc"	"/usr/bin/clangd-18"	"stderr"	"I[02:02:01.546] --> reply:textDocument/completion(4) 55 ms\n"
[ERROR][2025-03-26 02:02:01] .../vim/lsp/rpc.lua:770	"rpc"	"/usr/bin/clangd-18"	"stderr"	"I[02:02:01.554] --> textDocument/publishDiagnostics\n"
[ERROR][2025-03-26 02:02:01] .../vim/lsp/rpc.lua:770	"rpc"	"/usr/bin/clangd-18"	"stderr"	"I[02:02:01.559] Built preamble of size 222228 for file /home/sasha2k62024/GitHub/NeovimGUIManager/IDE/Neovim/main.cpp version 6 in 0.01 seconds\n"
[ERROR][2025-03-26 02:02:01] .../vim/lsp/rpc.lua:770	"rpc"	"/usr/bin/clangd-18"	"stderr"	"I[02:02:01.559] --> workspace/semanticTokens/refresh(1)\n"
[ERROR][2025-03-26 02:02:01] .../vim/lsp/rpc.lua:770	"rpc"	"/usr/bin/clangd-18"	"stderr"	"I[02:02:01.560] <-- textDocument/semanticTokens/full/delta(5)\n"
[ERROR][2025-03-26 02:02:01] .../vim/lsp/rpc.lua:770	"rpc"	"/usr/bin/clangd-18"	"stderr"	"I[02:02:01.560] <-- reply(1)\n"
[ERROR][2025-03-26 02:02:01] .../vim/lsp/rpc.lua:770	"rpc"	"/usr/bin/clangd-18"	"stderr"	"I[02:02:01.567] --> textDocument/publishDiagnostics\n"
[ERROR][2025-03-26 02:02:01] .../vim/lsp/rpc.lua:770	"rpc"	"/usr/bin/clangd-18"	"stderr"	"I[02:02:01.567] --> reply:textDocument/semanticTokens/full/delta(5) 7 ms\n"
[ERROR][2025-03-26 02:02:01] .../vim/lsp/rpc.lua:770	"rpc"	"/usr/bin/clangd-18"	"stderr"	"I[02:02:01.641] <-- textDocument/didChange\n"
[ERROR][2025-03-26 02:02:01] .../vim/lsp/rpc.lua:770	"rpc"	"/usr/bin/clangd-18"	"stderr"	"I[02:02:01.692] Failed to find compilation database for /home/sasha2k62024/GitHub/NeovimGUIManager/IDE/Neovim/main.cpp\n"
[ERROR][2025-03-26 02:02:01] .../vim/lsp/rpc.lua:770	"rpc"	"/usr/bin/clangd-18"	"stderr"	"I[02:02:01.692] ASTWorker building file /home/sasha2k62024/GitHub/NeovimGUIManager/IDE/Neovim/main.cpp version 7 with command clangd fallback\n[/home/sasha2k62024/GitHub/NeovimGUIManager/IDE/Neovim]\n/usr/bin/clang -IHeaderFiles/rlImGui -resource-dir=/usr/lib/llvm-18/lib/clang/18 -- /home/sasha2k62024/GitHub/NeovimGUIManager/IDE/Neovim/main.cpp\n"
[ERROR][2025-03-26 02:02:01] .../vim/lsp/rpc.lua:770	"rpc"	"/usr/bin/clangd-18"	"stderr"	"I[02:02:01.701] --> textDocument/publishDiagnostics\n"
[ERROR][2025-03-26 02:02:01] .../vim/lsp/rpc.lua:770	"rpc"	"/usr/bin/clangd-18"	"stderr"	"I[02:02:01.791] <-- textDocument/didChange\n"
[ERROR][2025-03-26 02:02:01] .../vim/lsp/rpc.lua:770	"rpc"	"/usr/bin/clangd-18"	"stderr"	"I[02:02:01.841] Failed to find compilation database for /home/sasha2k62024/GitHub/NeovimGUIManager/IDE/Neovim/main.cpp\nI[02:02:01.842] ASTWorker building file /home/sasha2k62024/GitHub/NeovimGUIManager/IDE/Neovim/main.cpp version 8 with command clangd fallback\n[/home/sasha2k62024/GitHub/NeovimGUIManager/IDE/Neovim]\n/usr/bin/clang -IHeaderFiles/rlImGui -resource-dir=/usr/lib/llvm-18/lib/clang/18 -- /home/sasha2k62024/GitHub/NeovimGUIManager/IDE/Neovim/main.cpp\n"
[ERROR][2025-03-26 02:02:01] .../vim/lsp/rpc.lua:770	"rpc"	"/usr/bin/clangd-18"	"stderr"	"I[02:02:01.862] --> textDocument/publishDiagnostics\n"
[ERROR][2025-03-26 02:02:01] .../vim/lsp/rpc.lua:770	"rpc"	"/usr/bin/clangd-18"	"stderr"	"I[02:02:01.940] <-- textDocument/didChange\n"
[ERROR][2025-03-26 02:02:01] .../vim/lsp/rpc.lua:770	"rpc"	"/usr/bin/clangd-18"	"stderr"	"I[02:02:01.991] Failed to find compilation database for /home/sasha2k62024/GitHub/NeovimGUIManager/IDE/Neovim/main.cpp\n"
[ERROR][2025-03-26 02:02:01] .../vim/lsp/rpc.lua:770	"rpc"	"/usr/bin/clangd-18"	"stderr"	"I[02:02:01.992] ASTWorker building file /home/sasha2k62024/GitHub/NeovimGUIManager/IDE/Neovim/main.cpp version 9 with command clangd fallback\n[/home/sasha2k62024/GitHub/NeovimGUIManager/IDE/Neovim]\n/usr/bin/clang -IHeaderFiles/rlImGui -resource-dir=/usr/lib/llvm-18/lib/clang/18 -- /home/sasha2k62024/GitHub/NeovimGUIManager/IDE/Neovim/main.cpp\n"
[ERROR][2025-03-26 02:02:02] .../vim/lsp/rpc.lua:770	"rpc"	"/usr/bin/clangd-18"	"stderr"	"I[02:02:02.001] --> textDocument/publishDiagnostics\n"
[ERROR][2025-03-26 02:02:02] .../vim/lsp/rpc.lua:770	"rpc"	"/usr/bin/clangd-18"	"stderr"	"I[02:02:02.090] <-- textDocument/didChange\n"
[ERROR][2025-03-26 02:02:02] .../vim/lsp/rpc.lua:770	"rpc"	"/usr/bin/clangd-18"	"stderr"	"I[02:02:02.141] Failed to find compilation database for /home/sasha2k62024/GitHub/NeovimGUIManager/IDE/Neovim/main.cpp\n"
[ERROR][2025-03-26 02:02:02] .../vim/lsp/rpc.lua:770	"rpc"	"/usr/bin/clangd-18"	"stderr"	"I[02:02:02.141] ASTWorker building file /home/sasha2k62024/GitHub/NeovimGUIManager/IDE/Neovim/main.cpp version 11 with command clangd fallback\n[/home/sasha2k62024/GitHub/NeovimGUIManager/IDE/Neovim]\n/usr/bin/clang -IHeaderFiles/rlImGui -resource-dir=/usr/lib/llvm-18/lib/clang/18 -- /home/sasha2k62024/GitHub/NeovimGUIManager/IDE/Neovim/main.cpp\n"
[ERROR][2025-03-26 02:02:02] .../vim/lsp/rpc.lua:770	"rpc"	"/usr/bin/clangd-18"	"stderr"	"I[02:02:02.162] --> textDocument/publishDiagnostics\n"
[ERROR][2025-03-26 02:02:02] .../vim/lsp/rpc.lua:770	"rpc"	"/usr/bin/clangd-18"	"stderr"	"I[02:02:02.240] <-- textDocument/didChange\n"
[ERROR][2025-03-26 02:02:02] .../vim/lsp/rpc.lua:770	"rpc"	"/usr/bin/clangd-18"	"stderr"	"I[02:02:02.291] Failed to find compilation database for /home/sasha2k62024/GitHub/NeovimGUIManager/IDE/Neovim/main.cpp\n"
[ERROR][2025-03-26 02:02:02] .../vim/lsp/rpc.lua:770	"rpc"	"/usr/bin/clangd-18"	"stderr"	"I[02:02:02.291] ASTWorker building file /home/sasha2k62024/GitHub/NeovimGUIManager/IDE/Neovim/main.cpp version 13 with command clangd fallback\n[/home/sasha2k62024/GitHub/NeovimGUIManager/IDE/Neovim]\n/usr/bin/clang -IHeaderFiles/rlImGui -resource-dir=/usr/lib/llvm-18/lib/clang/18 -- /home/sasha2k62024/GitHub/NeovimGUIManager/IDE/Neovim/main.cpp\n"
[ERROR][2025-03-26 02:02:02] .../vim/lsp/rpc.lua:770	"rpc"	"/usr/bin/clangd-18"	"stderr"	"I[02:02:02.310] --> textDocument/publishDiagnostics\n"
[ERROR][2025-03-26 02:02:02] .../vim/lsp/rpc.lua:770	"rpc"	"/usr/bin/clangd-18"	"stderr"	"I[02:02:02.315] Built preamble of size 222236 for file /home/sasha2k62024/GitHub/NeovimGUIManager/IDE/Neovim/main.cpp version 13 in 0.02 seconds\n"
[ERROR][2025-03-26 02:02:02] .../vim/lsp/rpc.lua:770	"rpc"	"/usr/bin/clangd-18"	"stderr"	"I[02:02:02.315] --> workspace/semanticTokens/refresh(2)\n"
[ERROR][2025-03-26 02:02:02] .../vim/lsp/rpc.lua:770	"rpc"	"/usr/bin/clangd-18"	"stderr"	"I[02:02:02.317] <-- textDocument/semanticTokens/full/delta(6)\n"
[ERROR][2025-03-26 02:02:02] .../vim/lsp/rpc.lua:770	"rpc"	"/usr/bin/clangd-18"	"stderr"	"I[02:02:02.319] <-- reply(2)\n"
[ERROR][2025-03-26 02:02:02] .../vim/lsp/rpc.lua:770	"rpc"	"/usr/bin/clangd-18"	"stderr"	"I[02:02:02.323] --> textDocument/publishDiagnostics\n"
[ERROR][2025-03-26 02:02:02] .../vim/lsp/rpc.lua:770	"rpc"	"/usr/bin/clangd-18"	"stderr"	"I[02:02:02.323] --> reply:textDocument/semanticTokens/full/delta(6) 6 ms\n"
[ERROR][2025-03-26 02:02:02] .../vim/lsp/rpc.lua:770	"rpc"	"/usr/bin/clangd-18"	"stderr"	"I[02:02:02.377] <-- textDocument/didChange\nI[02:02:02.378] <-- textDocument/completion(7)\n"
[ERROR][2025-03-26 02:02:02] .../vim/lsp/rpc.lua:770	"rpc"	"/usr/bin/clangd-18"	"stderr"	"I[02:02:02.424] Code complete: sema context IncludedFile, query scopes [] (AnyScope=true), expected type <none>\n"
[ERROR][2025-03-26 02:02:02] .../vim/lsp/rpc.lua:770	"rpc"	"/usr/bin/clangd-18"	"stderr"	"I[02:02:02.424] Code complete: 578 results from Sema, 0 from Index, 0 matched, 0 from identifiers, 100 returned (incomplete).\n"
[ERROR][2025-03-26 02:02:02] .../vim/lsp/rpc.lua:770	"rpc"	"/usr/bin/clangd-18"	"stderr"	"I[02:02:02.427] Failed to find compilation database for /home/sasha2k62024/GitHub/NeovimGUIManager/IDE/Neovim/main.cpp\n"
[ERROR][2025-03-26 02:02:02] .../vim/lsp/rpc.lua:770	"rpc"	"/usr/bin/clangd-18"	"stderr"	"I[02:02:02.428] ASTWorker building file /home/sasha2k62024/GitHub/NeovimGUIManager/IDE/Neovim/main.cpp version 14 with command clangd fallback\n[/home/sasha2k62024/GitHub/NeovimGUIManager/IDE/Neovim]\n/usr/bin/clang -IHeaderFiles/rlImGui -resource-dir=/usr/lib/llvm-18/lib/clang/18 -- /home/sasha2k62024/GitHub/NeovimGUIManager/IDE/Neovim/main.cpp\n"
[ERROR][2025-03-26 02:02:02] .../vim/lsp/rpc.lua:770	"rpc"	"/usr/bin/clangd-18"	"stderr"	"I[02:02:02.435] --> reply:textDocument/completion(7) 57 ms\n"
[ERROR][2025-03-26 02:02:02] .../vim/lsp/rpc.lua:770	"rpc"	"/usr/bin/clangd-18"	"stderr"	"I[02:02:02.437] --> textDocument/publishDiagnostics\n"
[ERROR][2025-03-26 02:02:02] .../vim/lsp/rpc.lua:770	"rpc"	"/usr/bin/clangd-18"	"stderr"	"I[02:02:02.450] Built preamble of size 222236 for file /home/sasha2k62024/GitHub/NeovimGUIManager/IDE/Neovim/main.cpp version 14 in 0.02 seconds\n"
[ERROR][2025-03-26 02:02:02] .../vim/lsp/rpc.lua:770	"rpc"	"/usr/bin/clangd-18"	"stderr"	"I[02:02:02.450] --> workspace/semanticTokens/refresh(3)\n"
[ERROR][2025-03-26 02:02:02] .../vim/lsp/rpc.lua:770	"rpc"	"/usr/bin/clangd-18"	"stderr"	"I[02:02:02.452] <-- textDocument/semanticTokens/full/delta(8)\n"
[ERROR][2025-03-26 02:02:02] .../vim/lsp/rpc.lua:770	"rpc"	"/usr/bin/clangd-18"	"stderr"	"I[02:02:02.452] <-- reply(3)\n"
[ERROR][2025-03-26 02:02:02] .../vim/lsp/rpc.lua:770	"rpc"	"/usr/bin/clangd-18"	"stderr"	"I[02:02:02.458] --> textDocument/publishDiagnostics\n"
[ERROR][2025-03-26 02:02:02] .../vim/lsp/rpc.lua:770	"rpc"	"/usr/bin/clangd-18"	"stderr"	"I[02:02:02.458] --> reply:textDocument/semanticTokens/full/delta(8) 6 ms\n"
[ERROR][2025-03-26 02:02:02] .../vim/lsp/rpc.lua:770	"rpc"	"/usr/bin/clangd-18"	"stderr"	"I[02:02:02.546] <-- textDocument/didChange\n"
[ERROR][2025-03-26 02:02:02] .../vim/lsp/rpc.lua:770	"rpc"	"/usr/bin/clangd-18"	"stderr"	"I[02:02:02.547] <-- textDocument/completion(9)\n"
[ERROR][2025-03-26 02:02:02] .../vim/lsp/rpc.lua:770	"rpc"	"/usr/bin/clangd-18"	"stderr"	"I[02:02:02.558] Code complete: sema context IncludedFile, query scopes [] (AnyScope=true), expected type <none>\n"
[ERROR][2025-03-26 02:02:02] .../vim/lsp/rpc.lua:770	"rpc"	"/usr/bin/clangd-18"	"stderr"	"I[02:02:02.558] Code complete: 22 results from Sema, 0 from Index, 0 matched, 0 from identifiers, 22 returned.\n"
[ERROR][2025-03-26 02:02:02] .../vim/lsp/rpc.lua:770	"rpc"	"/usr/bin/clangd-18"	"stderr"	"I[02:02:02.558] --> reply:textDocument/completion(9) 10 ms\n"
[ERROR][2025-03-26 02:02:02] .../vim/lsp/rpc.lua:770	"rpc"	"/usr/bin/clangd-18"	"stderr"	"I[02:02:02.596] Failed to find compilation database for /home/sasha2k62024/GitHub/NeovimGUIManager/IDE/Neovim/main.cpp\n"
[ERROR][2025-03-26 02:02:02] .../vim/lsp/rpc.lua:770	"rpc"	"/usr/bin/clangd-18"	"stderr"	"I[02:02:02.597] ASTWorker building file /home/sasha2k62024/GitHub/NeovimGUIManager/IDE/Neovim/main.cpp version 15 with command clangd fallback\n[/home/sasha2k62024/GitHub/NeovimGUIManager/IDE/Neovim]\n/usr/bin/clang -IHeaderFiles/rlImGui -resource-dir=/usr/lib/llvm-18/lib/clang/18 -- /home/sasha2k62024/GitHub/NeovimGUIManager/IDE/Neovim/main.cpp\n"
[ERROR][2025-03-26 02:02:02] .../vim/lsp/rpc.lua:770	"rpc"	"/usr/bin/clangd-18"	"stderr"	"I[02:02:02.606] --> textDocument/publishDiagnostics\n"
[ERROR][2025-03-26 02:02:02] .../vim/lsp/rpc.lua:770	"rpc"	"/usr/bin/clangd-18"	"stderr"	"I[02:02:02.613] Built preamble of size 222240 for file /home/sasha2k62024/GitHub/NeovimGUIManager/IDE/Neovim/main.cpp version 15 in 0.01 seconds\nI[02:02:02.613] --> workspace/semanticTokens/refresh(4)\n"
[ERROR][2025-03-26 02:02:02] .../vim/lsp/rpc.lua:770	"rpc"	"/usr/bin/clangd-18"	"stderr"	"I[02:02:02.614] <-- textDocument/semanticTokens/full/delta(10)\n"
[ERROR][2025-03-26 02:02:02] .../vim/lsp/rpc.lua:770	"rpc"	"/usr/bin/clangd-18"	"stderr"	"I[02:02:02.614] <-- reply(4)\n"
[ERROR][2025-03-26 02:02:02] .../vim/lsp/rpc.lua:770	"rpc"	"/usr/bin/clangd-18"	"stderr"	"I[02:02:02.620] --> textDocument/publishDiagnostics\nI[02:02:02.620] --> reply:textDocument/semanticTokens/full/delta(10) 6 ms\n"
[ERROR][2025-03-26 02:02:02] .../vim/lsp/rpc.lua:770	"rpc"	"/usr/bin/clangd-18"	"stderr"	"I[02:02:02.699] <-- textDocument/didChange\n"
[ERROR][2025-03-26 02:02:02] .../vim/lsp/rpc.lua:770	"rpc"	"/usr/bin/clangd-18"	"stderr"	"I[02:02:02.750] Failed to find compilation database for /home/sasha2k62024/GitHub/NeovimGUIManager/IDE/Neovim/main.cpp\nI[02:02:02.751] ASTWorker building file /home/sasha2k62024/GitHub/NeovimGUIManager/IDE/Neovim/main.cpp version 16 with command clangd fallback\n[/home/sasha2k62024/GitHub/NeovimGUIManager/IDE/Neovim]\n/usr/bin/clang -IHeaderFiles/rlImGui -resource-dir=/usr/lib/llvm-18/lib/clang/18 -- /home/sasha2k62024/GitHub/NeovimGUIManager/IDE/Neovim/main.cpp\n"
[ERROR][2025-03-26 02:02:02] .../vim/lsp/rpc.lua:770	"rpc"	"/usr/bin/clangd-18"	"stderr"	"I[02:02:02.760] --> textDocument/publishDiagnostics\n"
[ERROR][2025-03-26 02:02:02] .../vim/lsp/rpc.lua:770	"rpc"	"/usr/bin/clangd-18"	"stderr"	"I[02:02:02.781] Built preamble of size 222240 for file /home/sasha2k62024/GitHub/NeovimGUIManager/IDE/Neovim/main.cpp version 16 in 0.03 seconds\n"
[ERROR][2025-03-26 02:02:02] .../vim/lsp/rpc.lua:770	"rpc"	"/usr/bin/clangd-18"	"stderr"	"I[02:02:02.781] --> workspace/semanticTokens/refresh(5)\n"
[ERROR][2025-03-26 02:02:02] .../vim/lsp/rpc.lua:770	"rpc"	"/usr/bin/clangd-18"	"stderr"	"I[02:02:02.783] <-- textDocument/didChange\nI[02:02:02.783] <-- textDocument/semanticTokens/full/delta(11)\n"
[ERROR][2025-03-26 02:02:02] .../vim/lsp/rpc.lua:770	"rpc"	"/usr/bin/clangd-18"	"stderr"	"I[02:02:02.784] <-- reply(5)\n"
[ERROR][2025-03-26 02:02:02] .../vim/lsp/rpc.lua:770	"rpc"	"/usr/bin/clangd-18"	"stderr"	"I[02:02:02.789] --> textDocument/publishDiagnostics\n"
[ERROR][2025-03-26 02:02:02] .../vim/lsp/rpc.lua:770	"rpc"	"/usr/bin/clangd-18"	"stderr"	"I[02:02:02.790] Failed to find compilation database for /home/sasha2k62024/GitHub/NeovimGUIManager/IDE/Neovim/main.cpp\n"
[ERROR][2025-03-26 02:02:02] .../vim/lsp/rpc.lua:770	"rpc"	"/usr/bin/clangd-18"	"stderr"	"I[02:02:02.790] ASTWorker building file /home/sasha2k62024/GitHub/NeovimGUIManager/IDE/Neovim/main.cpp version 17 with command clangd fallback\n[/home/sasha2k62024/GitHub/NeovimGUIManager/IDE/Neovim]\n/usr/bin/clang -IHeaderFiles/rlImGui -resource-dir=/usr/lib/llvm-18/lib/clang/18 -- /home/sasha2k62024/GitHub/NeovimGUIManager/IDE/Neovim/main.cpp\n"
[ERROR][2025-03-26 02:02:02] .../vim/lsp/rpc.lua:770	"rpc"	"/usr/bin/clangd-18"	"stderr"	"I[02:02:02.799] --> textDocument/publishDiagnostics\nI[02:02:02.799] --> reply:textDocument/semanticTokens/full/delta(11) 15 ms\n"
[ERROR][2025-03-26 02:02:02] .../vim/lsp/rpc.lua:770	"rpc"	"/usr/bin/clangd-18"	"stderr"	"I[02:02:02.802] Built preamble of size 222240 for file /home/sasha2k62024/GitHub/NeovimGUIManager/IDE/Neovim/main.cpp version 17 in 0.01 seconds\n"
[ERROR][2025-03-26 02:02:02] .../vim/lsp/rpc.lua:770	"rpc"	"/usr/bin/clangd-18"	"stderr"	"I[02:02:02.802] --> workspace/semanticTokens/refresh(6)\n"
[ERROR][2025-03-26 02:02:02] .../vim/lsp/rpc.lua:770	"rpc"	"/usr/bin/clangd-18"	"stderr"	"I[02:02:02.805] <-- textDocument/semanticTokens/full/delta(12)\n"
[ERROR][2025-03-26 02:02:02] .../vim/lsp/rpc.lua:770	"rpc"	"/usr/bin/clangd-18"	"stderr"	"I[02:02:02.807] <-- reply(6)\n"
[ERROR][2025-03-26 02:02:02] .../vim/lsp/rpc.lua:770	"rpc"	"/usr/bin/clangd-18"	"stderr"	"I[02:02:02.809] --> textDocument/publishDiagnostics\n"
[ERROR][2025-03-26 02:02:02] .../vim/lsp/rpc.lua:770	"rpc"	"/usr/bin/clangd-18"	"stderr"	"I[02:02:02.809] --> reply:textDocument/semanticTokens/full/delta(12) 4 ms\n"
[ERROR][2025-03-26 02:02:02] .../vim/lsp/rpc.lua:770	"rpc"	"/usr/bin/clangd-18"	"stderr"	"I[02:02:02.957] <-- textDocument/didChange\n"
[ERROR][2025-03-26 02:02:03] .../vim/lsp/rpc.lua:770	"rpc"	"/usr/bin/clangd-18"	"stderr"	"I[02:02:03.008] Failed to find compilation database for /home/sasha2k62024/GitHub/NeovimGUIManager/IDE/Neovim/main.cpp\n"
[ERROR][2025-03-26 02:02:03] .../vim/lsp/rpc.lua:770	"rpc"	"/usr/bin/clangd-18"	"stderr"	"I[02:02:03.008] ASTWorker building file /home/sasha2k62024/GitHub/NeovimGUIManager/IDE/Neovim/main.cpp version 18 with command clangd fallback\n[/home/sasha2k62024/GitHub/NeovimGUIManager/IDE/Neovim]\n/usr/bin/clang -IHeaderFiles/rlImGui -resource-dir=/usr/lib/llvm-18/lib/clang/18 -- /home/sasha2k62024/GitHub/NeovimGUIManager/IDE/Neovim/main.cpp\n"
[ERROR][2025-03-26 02:02:03] .../vim/lsp/rpc.lua:770	"rpc"	"/usr/bin/clangd-18"	"stderr"	"I[02:02:03.017] --> textDocument/publishDiagnostics\nI[02:02:03.020] Built preamble of size 222240 for file /home/sasha2k62024/GitHub/NeovimGUIManager/IDE/Neovim/main.cpp version 18 in 0.01 seconds\nI[02:02:03.021] --> workspace/semanticTokens/refresh(7)\n"
[ERROR][2025-03-26 02:02:03] .../vim/lsp/rpc.lua:770	"rpc"	"/usr/bin/clangd-18"	"stderr"	"I[02:02:03.024] <-- textDocument/semanticTokens/full/delta(13)\n"
[ERROR][2025-03-26 02:02:03] .../vim/lsp/rpc.lua:770	"rpc"	"/usr/bin/clangd-18"	"stderr"	"I[02:02:03.025] <-- reply(7)\n"
[ERROR][2025-03-26 02:02:03] .../vim/lsp/rpc.lua:770	"rpc"	"/usr/bin/clangd-18"	"stderr"	"I[02:02:03.030] --> textDocument/publishDiagnostics\n"
[ERROR][2025-03-26 02:02:03] .../vim/lsp/rpc.lua:770	"rpc"	"/usr/bin/clangd-18"	"stderr"	"I[02:02:03.031] --> reply:textDocument/semanticTokens/full/delta(13) 6 ms\n"
[ERROR][2025-03-26 02:02:03] .../vim/lsp/rpc.lua:770	"rpc"	"/usr/bin/clangd-18"	"stderr"	"I[02:02:03.106] <-- textDocument/didChange\n"
[ERROR][2025-03-26 02:02:03] .../vim/lsp/rpc.lua:770	"rpc"	"/usr/bin/clangd-18"	"stderr"	"I[02:02:03.157] Failed to find compilation database for /home/sasha2k62024/GitHub/NeovimGUIManager/IDE/Neovim/main.cpp\n"
[ERROR][2025-03-26 02:02:03] .../vim/lsp/rpc.lua:770	"rpc"	"/usr/bin/clangd-18"	"stderr"	"I[02:02:03.158] ASTWorker building file /home/sasha2k62024/GitHub/NeovimGUIManager/IDE/Neovim/main.cpp version 19 with command clangd fallback\n[/home/sasha2k62024/GitHub/NeovimGUIManager/IDE/Neovim]\n/usr/bin/clang -IHeaderFiles/rlImGui -resource-dir=/usr/lib/llvm-18/lib/clang/18 -- /home/sasha2k62024/GitHub/NeovimGUIManager/IDE/Neovim/main.cpp\n"
[ERROR][2025-03-26 02:02:03] .../vim/lsp/rpc.lua:770	"rpc"	"/usr/bin/clangd-18"	"stderr"	"I[02:02:03.166] --> textDocument/publishDiagnostics\n"
[ERROR][2025-03-26 02:02:03] .../vim/lsp/rpc.lua:770	"rpc"	"/usr/bin/clangd-18"	"stderr"	"I[02:02:03.170] Built preamble of size 222244 for file /home/sasha2k62024/GitHub/NeovimGUIManager/IDE/Neovim/main.cpp version 19 in 0.01 seconds\nI[02:02:03.170] --> workspace/semanticTokens/refresh(8)\nI[02:02:03.179] --> textDocument/publishDiagnostics\n"
[ERROR][2025-03-26 02:02:03] .../vim/lsp/rpc.lua:770	"rpc"	"/usr/bin/clangd-18"	"stderr"	"I[02:02:03.182] <-- textDocument/semanticTokens/full/delta(14)\n"
[ERROR][2025-03-26 02:02:03] .../vim/lsp/rpc.lua:770	"rpc"	"/usr/bin/clangd-18"	"stderr"	"I[02:02:03.182] <-- reply(8)\nI[02:02:03.182] --> reply:textDocument/semanticTokens/full/delta(14) 0 ms\n"
[ERROR][2025-03-26 02:02:03] .../vim/lsp/rpc.lua:770	"rpc"	"/usr/bin/clangd-18"	"stderr"	"I[02:02:03.212] <-- textDocument/didChange\n"
[ERROR][2025-03-26 02:02:03] .../vim/lsp/rpc.lua:770	"rpc"	"/usr/bin/clangd-18"	"stderr"	"I[02:02:03.218] <-- textDocument/completion(15)\nI[02:02:03.220] --> reply:textDocument/completion(15) 1 ms\n"
[ERROR][2025-03-26 02:02:03] .../vim/lsp/rpc.lua:770	"rpc"	"/usr/bin/clangd-18"	"stderr"	"I[02:02:03.262] Failed to find compilation database for /home/sasha2k62024/GitHub/NeovimGUIManager/IDE/Neovim/main.cpp\n"
[ERROR][2025-03-26 02:02:03] .../vim/lsp/rpc.lua:770	"rpc"	"/usr/bin/clangd-18"	"stderr"	"I[02:02:03.263] ASTWorker building file /home/sasha2k62024/GitHub/NeovimGUIManager/IDE/Neovim/main.cpp version 35 with command clangd fallback\n[/home/sasha2k62024/GitHub/NeovimGUIManager/IDE/Neovim]\n/usr/bin/clang -IHeaderFiles/rlImGui -resource-dir=/usr/lib/llvm-18/lib/clang/18 -- /home/sasha2k62024/GitHub/NeovimGUIManager/IDE/Neovim/main.cpp\n"
[ERROR][2025-03-26 02:02:03] .../vim/lsp/rpc.lua:770	"rpc"	"/usr/bin/clangd-18"	"stderr"	"I[02:02:03.406] <-- textDocument/semanticTokens/full/delta(16)\n"
[ERROR][2025-03-26 02:02:03] .../vim/lsp/rpc.lua:770	"rpc"	"/usr/bin/clangd-18"	"stderr"	"I[02:02:03.432] <-- textDocument/didChange\n"
[ERROR][2025-03-26 02:02:03] .../vim/lsp/rpc.lua:770	"rpc"	"/usr/bin/clangd-18"	"stderr"	"I[02:02:03.618] <-- textDocument/didChange\n"
[ERROR][2025-03-26 02:02:03] .../vim/lsp/rpc.lua:770	"rpc"	"/usr/bin/clangd-18"	"stderr"	"I[02:02:03.819] <-- $/cancelRequest\nI[02:02:03.820] <-- textDocument/semanticTokens/full/delta(17)\n"
[ERROR][2025-03-26 02:02:03] .../vim/lsp/rpc.lua:770	"rpc"	"/usr/bin/clangd-18"	"stderr"	"I[02:02:03.990] <-- textDocument/didChange\n"
[ERROR][2025-03-26 02:02:04] .../vim/lsp/rpc.lua:770	"rpc"	"/usr/bin/clangd-18"	"stderr"	"I[02:02:03.993] <-- textDocument/completion(18)\n"
[ERROR][2025-03-26 02:02:04] .../vim/lsp/rpc.lua:770	"rpc"	"/usr/bin/clangd-18"	"stderr"	"I[02:02:04.034] Code complete: sema context TopLevel, query scopes [] (AnyScope=true), expected type <none>\nI[02:02:04.049] Code complete: 6 results from Sema, 0 from Index, 0 matched, 0 from identifiers, 6 returned.\nI[02:02:04.049] --> reply:textDocument/completion(18) 56 ms\n"
[ERROR][2025-03-26 02:02:04] .../vim/lsp/rpc.lua:770	"rpc"	"/usr/bin/clangd-18"	"stderr"	"I[02:02:04.142] Built preamble of size 3071176 for file /home/sasha2k62024/GitHub/NeovimGUIManager/IDE/Neovim/main.cpp version 35 in 0.88 seconds\nI[02:02:04.143] --> workspace/semanticTokens/refresh(9)\n"
[ERROR][2025-03-26 02:02:04] .../vim/lsp/rpc.lua:770	"rpc"	"/usr/bin/clangd-18"	"stderr"	"I[02:02:04.160] <-- $/cancelRequest\nI[02:02:04.160] <-- textDocument/didChange\nI[02:02:04.162] <-- textDocument/semanticTokens/full/delta(19)\nI[02:02:04.165] <-- reply(9)\n"
[ERROR][2025-03-26 02:02:04] .../vim/lsp/rpc.lua:770	"rpc"	"/usr/bin/clangd-18"	"stderr"	"I[02:02:04.196] <-- textDocument/didChange\n"
[ERROR][2025-03-26 02:02:04] .../vim/lsp/rpc.lua:770	"rpc"	"/usr/bin/clangd-18"	"stderr"	"I[02:02:04.335] <-- textDocument/didChange\n"
[ERROR][2025-03-26 02:02:04] .../vim/lsp/rpc.lua:770	"rpc"	"/usr/bin/clangd-18"	"stderr"	"I[02:02:04.407] --> textDocument/publishDiagnostics\n"
[ERROR][2025-03-26 02:02:04] .../vim/lsp/rpc.lua:770	"rpc"	"/usr/bin/clangd-18"	"stderr"	"I[02:02:04.443] --> textDocument/publishDiagnostics\n"
[ERROR][2025-03-26 02:02:04] .../vim/lsp/rpc.lua:770	"rpc"	"/usr/bin/clangd-18"	"stderr"	"I[02:02:04.446] --> reply:textDocument/semanticTokens/full/delta(16) 1040 ms, error: Task was cancelled.\nI[02:02:04.446] --> reply:textDocument/semanticTokens/full/delta(17) 626 ms, error: Task was cancelled.\nI[02:02:04.446] --> reply:textDocument/semanticTokens/full/delta(19) 283 ms, error: Task was cancelled.\nI[02:02:04.446] Failed to find compilation database for /home/sasha2k62024/GitHub/NeovimGUIManager/IDE/Neovim/main.cpp\nI[02:02:04.447] ASTWorker building file /home/sasha2k62024/GitHub/NeovimGUIManager/IDE/Neovim/main.cpp version 41 with command clangd fallback\n[/home/sasha2k62024/GitHub/NeovimGUIManager/IDE/Neovim]\n/usr/bin/clang -IHeaderFiles/rlImGui -resource-dir=/usr/lib/llvm-18/lib/clang/18 -- /home/sasha2k62024/GitHub/NeovimGUIManager/IDE/Neovim/main.cpp\n"
[ERROR][2025-03-26 02:02:04] .../vim/lsp/rpc.lua:770	"rpc"	"/usr/bin/clangd-18"	"stderr"	"I[02:02:04.469] --> textDocument/publishDiagnostics\n"
[ERROR][2025-03-26 02:02:04] .../vim/lsp/rpc.lua:770	"rpc"	"/usr/bin/clangd-18"	"stderr"	"I[02:02:04.485] <-- textDocument/didChange\n"
[ERROR][2025-03-26 02:02:04] .../vim/lsp/rpc.lua:770	"rpc"	"/usr/bin/clangd-18"	"stderr"	"I[02:02:04.537] Failed to find compilation database for /home/sasha2k62024/GitHub/NeovimGUIManager/IDE/Neovim/main.cpp\n"
[ERROR][2025-03-26 02:02:04] .../vim/lsp/rpc.lua:770	"rpc"	"/usr/bin/clangd-18"	"stderr"	"I[02:02:04.537] ASTWorker building file /home/sasha2k62024/GitHub/NeovimGUIManager/IDE/Neovim/main.cpp version 42 with command clangd fallback\n[/home/sasha2k62024/GitHub/NeovimGUIManager/IDE/Neovim]\n/usr/bin/clang -IHeaderFiles/rlImGui -resource-dir=/usr/lib/llvm-18/lib/clang/18 -- /home/sasha2k62024/GitHub/NeovimGUIManager/IDE/Neovim/main.cpp\n"
[ERROR][2025-03-26 02:02:04] .../vim/lsp/rpc.lua:770	"rpc"	"/usr/bin/clangd-18"	"stderr"	"I[02:02:04.546] <-- $/cancelRequest\nI[02:02:04.547] <-- textDocument/semanticTokens/full/delta(20)\n"
[ERROR][2025-03-26 02:02:04] .../vim/lsp/rpc.lua:770	"rpc"	"/usr/bin/clangd-18"	"stderr"	"I[02:02:04.547] --> textDocument/publishDiagnostics\n"
[ERROR][2025-03-26 02:02:04] .../vim/lsp/rpc.lua:770	"rpc"	"/usr/bin/clangd-18"	"stderr"	"I[02:02:04.548] --> reply:textDocument/semanticTokens/full/delta(20) 1 ms\n"
[ERROR][2025-03-26 02:02:04] .../vim/lsp/rpc.lua:770	"rpc"	"/usr/bin/clangd-18"	"stderr"	"I[02:02:04.622] <-- textDocument/didChange\nI[02:02:04.622] <-- textDocument/semanticTokens/full/delta(21)\nI[02:02:04.622] Failed to find compilation database for /home/sasha2k62024/GitHub/NeovimGUIManager/IDE/Neovim/main.cpp\nI[02:02:04.623] ASTWorker building file /home/sasha2k62024/GitHub/NeovimGUIManager/IDE/Neovim/main.cpp version 55 with command clangd fallback\n[/home/sasha2k62024/GitHub/NeovimGUIManager/IDE/Neovim]\n/usr/bin/clang -IHeaderFiles/rlImGui -resource-dir=/usr/lib/llvm-18/lib/clang/18 -- /home/sasha2k62024/GitHub/NeovimGUIManager/IDE/Neovim/main.cpp\n"
[ERROR][2025-03-26 02:02:04] .../vim/lsp/rpc.lua:770	"rpc"	"/usr/bin/clangd-18"	"stderr"	"I[02:02:04.637] --> textDocument/publishDiagnostics\nI[02:02:04.637] --> reply:textDocument/semanticTokens/full/delta(21) 14 ms\n"
[ERROR][2025-03-26 02:02:05] .../vim/lsp/rpc.lua:770	"rpc"	"/usr/bin/clangd-18"	"stderr"	"I[02:02:05.039] Indexed c++17 standard library (incomplete due to errors): 13650 symbols, 1810 filtered\n"
[ERROR][2025-03-26 02:02:05] .../vim/lsp/rpc.lua:770	"rpc"	"/usr/bin/clangd-18"	"stderr"	"I[02:02:05.154] Built preamble of size 3071180 for file /home/sasha2k62024/GitHub/NeovimGUIManager/IDE/Neovim/main.cpp version 41 in 0.70 seconds\n"
[ERROR][2025-03-26 02:02:05] .../vim/lsp/rpc.lua:770	"rpc"	"/usr/bin/clangd-18"	"stderr"	"I[02:02:05.154] --> workspace/semanticTokens/refresh(10)\n"
[ERROR][2025-03-26 02:02:05] .../vim/lsp/rpc.lua:770	"rpc"	"/usr/bin/clangd-18"	"stderr"	"I[02:02:05.155] <-- textDocument/semanticTokens/full/delta(22)\nI[02:02:05.155] <-- reply(10)\n"
[ERROR][2025-03-26 02:02:05] .../vim/lsp/rpc.lua:770	"rpc"	"/usr/bin/clangd-18"	"stderr"	"I[02:02:05.167] --> textDocument/publishDiagnostics\n"
[ERROR][2025-03-26 02:02:05] .../vim/lsp/rpc.lua:770	"rpc"	"/usr/bin/clangd-18"	"stderr"	"I[02:02:05.168] --> reply:textDocument/semanticTokens/full/delta(22) 12 ms\n"
[ERROR][2025-03-26 02:02:05] .../vim/lsp/rpc.lua:770	"rpc"	"/usr/bin/clangd-18"	"stderr"	"I[02:02:05.710] <-- textDocument/didChange\n"
[ERROR][2025-03-26 02:02:05] .../vim/lsp/rpc.lua:770	"rpc"	"/usr/bin/clangd-18"	"stderr"	"I[02:02:05.762] Failed to find compilation database for /home/sasha2k62024/GitHub/NeovimGUIManager/IDE/Neovim/main.cpp\n"
[ERROR][2025-03-26 02:02:05] .../vim/lsp/rpc.lua:770	"rpc"	"/usr/bin/clangd-18"	"stderr"	"I[02:02:05.762] ASTWorker building file /home/sasha2k62024/GitHub/NeovimGUIManager/IDE/Neovim/main.cpp version 56 with command clangd fallback\n[/home/sasha2k62024/GitHub/NeovimGUIManager/IDE/Neovim]\n/usr/bin/clang -IHeaderFiles/rlImGui -resource-dir=/usr/lib/llvm-18/lib/clang/18 -- /home/sasha2k62024/GitHub/NeovimGUIManager/IDE/Neovim/main.cpp\n"
[ERROR][2025-03-26 02:02:05] .../vim/lsp/rpc.lua:770	"rpc"	"/usr/bin/clangd-18"	"stderr"	"I[02:02:05.771] --> textDocument/publishDiagnostics\n"
[ERROR][2025-03-26 02:02:05] .../vim/lsp/rpc.lua:770	"rpc"	"/usr/bin/clangd-18"	"stderr"	"I[02:02:05.912] <-- textDocument/semanticTokens/full/delta(23)\n"
[ERROR][2025-03-26 02:02:05] .../vim/lsp/rpc.lua:770	"rpc"	"/usr/bin/clangd-18"	"stderr"	"I[02:02:05.913] --> reply:textDocument/semanticTokens/full/delta(23) 0 ms\n"
[ERROR][2025-03-26 02:02:06] .../vim/lsp/rpc.lua:770	"rpc"	"/usr/bin/clangd-18"	"stderr"	"I[02:02:06.601] <-- textDocument/didChange\n"
[ERROR][2025-03-26 02:02:06] .../vim/lsp/rpc.lua:770	"rpc"	"/usr/bin/clangd-18"	"stderr"	"I[02:02:06.618] <-- textDocument/completion(24)\n"
[ERROR][2025-03-26 02:02:06] .../vim/lsp/rpc.lua:770	"rpc"	"/usr/bin/clangd-18"	"stderr"	"I[02:02:06.659] Failed to find compilation database for /home/sasha2k62024/GitHub/NeovimGUIManager/IDE/Neovim/main.cpp\nI[02:02:06.660] ASTWorker building file /home/sasha2k62024/GitHub/NeovimGUIManager/IDE/Neovim/main.cpp version 57 with command clangd fallback\n[/home/sasha2k62024/GitHub/NeovimGUIManager/IDE/Neovim]\n/usr/bin/clang -IHeaderFiles/rlImGui -resource-dir=/usr/lib/llvm-18/lib/clang/18 -- /home/sasha2k62024/GitHub/NeovimGUIManager/IDE/Neovim/main.cpp\nI[02:02:06.662] Code complete: sema context SymbolOrNewName, query scopes [] (AnyScope=true), expected type <none>, inside using declaration\n"
[ERROR][2025-03-26 02:02:06] .../vim/lsp/rpc.lua:770	"rpc"	"/usr/bin/clangd-18"	"stderr"	"I[02:02:06.663] Code complete: 1 results from Sema, 91 from Index, 1 matched, 0 from identifiers, 91 returned (incomplete).\n"
[ERROR][2025-03-26 02:02:06] .../vim/lsp/rpc.lua:770	"rpc"	"/usr/bin/clangd-18"	"stderr"	"I[02:02:06.668] --> reply:textDocument/completion(24) 50 ms\n"
[ERROR][2025-03-26 02:02:06] .../vim/lsp/rpc.lua:770	"rpc"	"/usr/bin/clangd-18"	"stderr"	"I[02:02:06.676] --> textDocument/publishDiagnostics\n"
[ERROR][2025-03-26 02:02:06] .../vim/lsp/rpc.lua:770	"rpc"	"/usr/bin/clangd-18"	"stderr"	"I[02:02:06.801] <-- textDocument/semanticTokens/full/delta(25)\n"
[ERROR][2025-03-26 02:02:06] .../vim/lsp/rpc.lua:770	"rpc"	"/usr/bin/clangd-18"	"stderr"	"I[02:02:06.801] --> reply:textDocument/semanticTokens/full/delta(25) 0 ms\n"
[ERROR][2025-03-26 02:02:06] .../vim/lsp/rpc.lua:770	"rpc"	"/usr/bin/clangd-18"	"stderr"	"I[02:02:06.908] <-- textDocument/didChange\n"
[ERROR][2025-03-26 02:02:06] .../vim/lsp/rpc.lua:770	"rpc"	"/usr/bin/clangd-18"	"stderr"	"I[02:02:06.959] Failed to find compilation database for /home/sasha2k62024/GitHub/NeovimGUIManager/IDE/Neovim/main.cpp\n"
[ERROR][2025-03-26 02:02:06] .../vim/lsp/rpc.lua:770	"rpc"	"/usr/bin/clangd-18"	"stderr"	"I[02:02:06.960] ASTWorker building file /home/sasha2k62024/GitHub/NeovimGUIManager/IDE/Neovim/main.cpp version 58 with command clangd fallback\n[/home/sasha2k62024/GitHub/NeovimGUIManager/IDE/Neovim]\n/usr/bin/clang -IHeaderFiles/rlImGui -resource-dir=/usr/lib/llvm-18/lib/clang/18 -- /home/sasha2k62024/GitHub/NeovimGUIManager/IDE/Neovim/main.cpp\n"
[ERROR][2025-03-26 02:02:06] .../vim/lsp/rpc.lua:770	"rpc"	"/usr/bin/clangd-18"	"stderr"	"I[02:02:06.970] --> textDocument/publishDiagnostics\n"
[ERROR][2025-03-26 02:02:07] .../vim/lsp/rpc.lua:770	"rpc"	"/usr/bin/clangd-18"	"stderr"	"I[02:02:07.108] <-- textDocument/semanticTokens/full/delta(26)\n"
[ERROR][2025-03-26 02:02:07] .../vim/lsp/rpc.lua:770	"rpc"	"/usr/bin/clangd-18"	"stderr"	"I[02:02:07.108] --> reply:textDocument/semanticTokens/full/delta(26) 0 ms\n"
[ERROR][2025-03-26 02:02:07] .../vim/lsp/rpc.lua:770	"rpc"	"/usr/bin/clangd-18"	"stderr"	"I[02:02:07.321] <-- textDocument/didChange\n"
[ERROR][2025-03-26 02:02:07] .../vim/lsp/rpc.lua:770	"rpc"	"/usr/bin/clangd-18"	"stderr"	"I[02:02:07.337] <-- textDocument/completion(27)\n"
[ERROR][2025-03-26 02:02:07] .../vim/lsp/rpc.lua:770	"rpc"	"/usr/bin/clangd-18"	"stderr"	"I[02:02:07.372] Failed to find compilation database for /home/sasha2k62024/GitHub/NeovimGUIManager/IDE/Neovim/main.cpp\n"
[ERROR][2025-03-26 02:02:07] .../vim/lsp/rpc.lua:770	"rpc"	"/usr/bin/clangd-18"	"stderr"	"I[02:02:07.373] ASTWorker building file /home/sasha2k62024/GitHub/NeovimGUIManager/IDE/Neovim/main.cpp version 59 with command clangd fallback\n[/home/sasha2k62024/GitHub/NeovimGUIManager/IDE/Neovim]\n/usr/bin/clang -IHeaderFiles/rlImGui -resource-dir=/usr/lib/llvm-18/lib/clang/18 -- /home/sasha2k62024/GitHub/NeovimGUIManager/IDE/Neovim/main.cpp\n"
[ERROR][2025-03-26 02:02:07] .../vim/lsp/rpc.lua:770	"rpc"	"/usr/bin/clangd-18"	"stderr"	"I[02:02:07.374] Code complete: sema context SymbolOrNewName, query scopes [] (AnyScope=true), expected type <none>, inside using declaration\n"
[ERROR][2025-03-26 02:02:07] .../vim/lsp/rpc.lua:770	"rpc"	"/usr/bin/clangd-18"	"stderr"	"I[02:02:07.375] Code complete: 1 results from Sema, 99 from Index, 0 matched, 0 from identifiers, 100 returned (incomplete).\n"
[ERROR][2025-03-26 02:02:07] .../vim/lsp/rpc.lua:770	"rpc"	"/usr/bin/clangd-18"	"stderr"	"I[02:02:07.386] --> reply:textDocument/completion(27) 49 ms\n"
[ERROR][2025-03-26 02:02:07] .../vim/lsp/rpc.lua:770	"rpc"	"/usr/bin/clangd-18"	"stderr"	"I[02:02:07.393] --> textDocument/publishDiagnostics\n"
[ERROR][2025-03-26 02:02:07] .../vim/lsp/rpc.lua:770	"rpc"	"/usr/bin/clangd-18"	"stderr"	"I[02:02:07.401] <-- textDocument/didChange\nI[02:02:07.401] <-- textDocument/completion(28)\n"
[ERROR][2025-03-26 02:02:07] .../vim/lsp/rpc.lua:770	"rpc"	"/usr/bin/clangd-18"	"stderr"	"I[02:02:07.418] Code complete: sema context SymbolOrNewName, query scopes [] (AnyScope=true), expected type <none>, inside using declaration\nI[02:02:07.418] Code complete: 1 results from Sema, 24 from Index, 0 matched, 0 from identifiers, 25 returned (incomplete).\n"
[ERROR][2025-03-26 02:02:07] .../vim/lsp/rpc.lua:770	"rpc"	"/usr/bin/clangd-18"	"stderr"	"I[02:02:07.420] --> reply:textDocument/completion(28) 18 ms\n"
[ERROR][2025-03-26 02:02:07] .../vim/lsp/rpc.lua:770	"rpc"	"/usr/bin/clangd-18"	"stderr"	"I[02:02:07.451] Failed to find compilation database for /home/sasha2k62024/GitHub/NeovimGUIManager/IDE/Neovim/main.cpp\n"
[ERROR][2025-03-26 02:02:07] .../vim/lsp/rpc.lua:770	"rpc"	"/usr/bin/clangd-18"	"stderr"	"I[02:02:07.452] ASTWorker building file /home/sasha2k62024/GitHub/NeovimGUIManager/IDE/Neovim/main.cpp version 60 with command clangd fallback\n[/home/sasha2k62024/GitHub/NeovimGUIManager/IDE/Neovim]\n/usr/bin/clang -IHeaderFiles/rlImGui -resource-dir=/usr/lib/llvm-18/lib/clang/18 -- /home/sasha2k62024/GitHub/NeovimGUIManager/IDE/Neovim/main.cpp\n"
[ERROR][2025-03-26 02:02:07] .../vim/lsp/rpc.lua:770	"rpc"	"/usr/bin/clangd-18"	"stderr"	"I[02:02:07.463] --> textDocument/publishDiagnostics\n"
[ERROR][2025-03-26 02:02:07] .../vim/lsp/rpc.lua:770	"rpc"	"/usr/bin/clangd-18"	"stderr"	"I[02:02:07.495] <-- textDocument/didChange\nI[02:02:07.496] <-- textDocument/completion(29)\n"
[ERROR][2025-03-26 02:02:07] .../vim/lsp/rpc.lua:770	"rpc"	"/usr/bin/clangd-18"	"stderr"	"I[02:02:07.506] Code complete: sema context SymbolOrNewName, query scopes [] (AnyScope=true), expected type <none>, inside using declaration\n"
[ERROR][2025-03-26 02:02:07] .../vim/lsp/rpc.lua:770	"rpc"	"/usr/bin/clangd-18"	"stderr"	"I[02:02:07.507] Code complete: 1 results from Sema, 3 from Index, 0 matched, 0 from identifiers, 4 returned.\n"
[ERROR][2025-03-26 02:02:07] .../vim/lsp/rpc.lua:770	"rpc"	"/usr/bin/clangd-18"	"stderr"	"I[02:02:07.507] --> reply:textDocument/completion(29) 11 ms\n"
[ERROR][2025-03-26 02:02:07] .../vim/lsp/rpc.lua:770	"rpc"	"/usr/bin/clangd-18"	"stderr"	"I[02:02:07.546] Failed to find compilation database for /home/sasha2k62024/GitHub/NeovimGUIManager/IDE/Neovim/main.cpp\n"
[ERROR][2025-03-26 02:02:07] .../vim/lsp/rpc.lua:770	"rpc"	"/usr/bin/clangd-18"	"stderr"	"I[02:02:07.547] ASTWorker building file /home/sasha2k62024/GitHub/NeovimGUIManager/IDE/Neovim/main.cpp version 61 with command clangd fallback\n[/home/sasha2k62024/GitHub/NeovimGUIManager/IDE/Neovim]\n/usr/bin/clang -IHeaderFiles/rlImGui -resource-dir=/usr/lib/llvm-18/lib/clang/18 -- /home/sasha2k62024/GitHub/NeovimGUIManager/IDE/Neovim/main.cpp\n"
[ERROR][2025-03-26 02:02:07] .../vim/lsp/rpc.lua:770	"rpc"	"/usr/bin/clangd-18"	"stderr"	"I[02:02:07.568] --> textDocument/publishDiagnostics\n"
[ERROR][2025-03-26 02:02:07] .../vim/lsp/rpc.lua:770	"rpc"	"/usr/bin/clangd-18"	"stderr"	"I[02:02:07.645] <-- textDocument/didChange\n"
[ERROR][2025-03-26 02:02:07] .../vim/lsp/rpc.lua:770	"rpc"	"/usr/bin/clangd-18"	"stderr"	"I[02:02:07.697] Failed to find compilation database for /home/sasha2k62024/GitHub/NeovimGUIManager/IDE/Neovim/main.cpp\n"
[ERROR][2025-03-26 02:02:07] .../vim/lsp/rpc.lua:770	"rpc"	"/usr/bin/clangd-18"	"stderr"	"I[02:02:07.698] ASTWorker building file /home/sasha2k62024/GitHub/NeovimGUIManager/IDE/Neovim/main.cpp version 62 with command clangd fallback\n[/home/sasha2k62024/GitHub/NeovimGUIManager/IDE/Neovim]\n/usr/bin/clang -IHeaderFiles/rlImGui -resource-dir=/usr/lib/llvm-18/lib/clang/18 -- /home/sasha2k62024/GitHub/NeovimGUIManager/IDE/Neovim/main.cpp\n"
[ERROR][2025-03-26 02:02:07] .../vim/lsp/rpc.lua:770	"rpc"	"/usr/bin/clangd-18"	"stderr"	"I[02:02:07.718] --> textDocument/publishDiagnostics\n"
[ERROR][2025-03-26 02:02:07] .../vim/lsp/rpc.lua:770	"rpc"	"/usr/bin/clangd-18"	"stderr"	"I[02:02:07.795] <-- textDocument/didChange\n"
[ERROR][2025-03-26 02:02:07] .../vim/lsp/rpc.lua:770	"rpc"	"/usr/bin/clangd-18"	"stderr"	"I[02:02:07.846] Failed to find compilation database for /home/sasha2k62024/GitHub/NeovimGUIManager/IDE/Neovim/main.cpp\n"
[ERROR][2025-03-26 02:02:07] .../vim/lsp/rpc.lua:770	"rpc"	"/usr/bin/clangd-18"	"stderr"	"I[02:02:07.847] ASTWorker building file /home/sasha2k62024/GitHub/NeovimGUIManager/IDE/Neovim/main.cpp version 63 with command clangd fallback\n[/home/sasha2k62024/GitHub/NeovimGUIManager/IDE/Neovim]\n/usr/bin/clang -IHeaderFiles/rlImGui -resource-dir=/usr/lib/llvm-18/lib/clang/18 -- /home/sasha2k62024/GitHub/NeovimGUIManager/IDE/Neovim/main.cpp\n"
[ERROR][2025-03-26 02:02:07] .../vim/lsp/rpc.lua:770	"rpc"	"/usr/bin/clangd-18"	"stderr"	"I[02:02:07.862] --> textDocument/publishDiagnostics\n"
[ERROR][2025-03-26 02:02:07] .../vim/lsp/rpc.lua:770	"rpc"	"/usr/bin/clangd-18"	"stderr"	"I[02:02:07.946] <-- textDocument/didChange\n"
[ERROR][2025-03-26 02:02:07] .../vim/lsp/rpc.lua:770	"rpc"	"/usr/bin/clangd-18"	"stderr"	"I[02:02:07.996] Failed to find compilation database for /home/sasha2k62024/GitHub/NeovimGUIManager/IDE/Neovim/main.cpp\n"
[ERROR][2025-03-26 02:02:07] .../vim/lsp/rpc.lua:770	"rpc"	"/usr/bin/clangd-18"	"stderr"	"I[02:02:07.998] ASTWorker building file /home/sasha2k62024/GitHub/NeovimGUIManager/IDE/Neovim/main.cpp version 65 with command clangd fallback\n[/home/sasha2k62024/GitHub/NeovimGUIManager/IDE/Neovim]\n/usr/bin/clang -IHeaderFiles/rlImGui -resource-dir=/usr/lib/llvm-18/lib/clang/18 -- /home/sasha2k62024/GitHub/NeovimGUIManager/IDE/Neovim/main.cpp\n"
[ERROR][2025-03-26 02:02:08] .../vim/lsp/rpc.lua:770	"rpc"	"/usr/bin/clangd-18"	"stderr"	"I[02:02:08.017] --> textDocument/publishDiagnostics\n"
[ERROR][2025-03-26 02:02:08] .../vim/lsp/rpc.lua:770	"rpc"	"/usr/bin/clangd-18"	"stderr"	"I[02:02:08.095] <-- textDocument/didChange\n"
[ERROR][2025-03-26 02:02:08] .../vim/lsp/rpc.lua:770	"rpc"	"/usr/bin/clangd-18"	"stderr"	"I[02:02:08.146] Failed to find compilation database for /home/sasha2k62024/GitHub/NeovimGUIManager/IDE/Neovim/main.cpp\n"
[ERROR][2025-03-26 02:02:08] .../vim/lsp/rpc.lua:770	"rpc"	"/usr/bin/clangd-18"	"stderr"	"I[02:02:08.147] ASTWorker building file /home/sasha2k62024/GitHub/NeovimGUIManager/IDE/Neovim/main.cpp version 67 with command clangd fallback\n[/home/sasha2k62024/GitHub/NeovimGUIManager/IDE/Neovim]\n/usr/bin/clang -IHeaderFiles/rlImGui -resource-dir=/usr/lib/llvm-18/lib/clang/18 -- /home/sasha2k62024/GitHub/NeovimGUIManager/IDE/Neovim/main.cpp\n"
[ERROR][2025-03-26 02:02:08] .../vim/lsp/rpc.lua:770	"rpc"	"/usr/bin/clangd-18"	"stderr"	"I[02:02:08.173] --> textDocument/publishDiagnostics\n"
[ERROR][2025-03-26 02:02:08] .../vim/lsp/rpc.lua:770	"rpc"	"/usr/bin/clangd-18"	"stderr"	"I[02:02:08.242] <-- textDocument/semanticTokens/full/delta(30)\n"
[ERROR][2025-03-26 02:02:08] .../vim/lsp/rpc.lua:770	"rpc"	"/usr/bin/clangd-18"	"stderr"	"I[02:02:08.243] --> reply:textDocument/semanticTokens/full/delta(30) 0 ms\n"
[ERROR][2025-03-26 02:02:09] .../vim/lsp/rpc.lua:770	"rpc"	"/usr/bin/clangd-18"	"stderr"	"I[02:02:09.286] <-- textDocument/didChange\n"
[ERROR][2025-03-26 02:02:09] .../vim/lsp/rpc.lua:770	"rpc"	"/usr/bin/clangd-18"	"stderr"	"I[02:02:09.338] Failed to find compilation database for /home/sasha2k62024/GitHub/NeovimGUIManager/IDE/Neovim/main.cpp\n"
[ERROR][2025-03-26 02:02:09] .../vim/lsp/rpc.lua:770	"rpc"	"/usr/bin/clangd-18"	"stderr"	"I[02:02:09.339] ASTWorker building file /home/sasha2k62024/GitHub/NeovimGUIManager/IDE/Neovim/main.cpp version 68 with command clangd fallback\n[/home/sasha2k62024/GitHub/NeovimGUIManager/IDE/Neovim]\n/usr/bin/clang -IHeaderFiles/rlImGui -resource-dir=/usr/lib/llvm-18/lib/clang/18 -- /home/sasha2k62024/GitHub/NeovimGUIManager/IDE/Neovim/main.cpp\n"
[ERROR][2025-03-26 02:02:09] .../vim/lsp/rpc.lua:770	"rpc"	"/usr/bin/clangd-18"	"stderr"	"I[02:02:09.354] --> textDocument/publishDiagnostics\n"
[ERROR][2025-03-26 02:02:09] .../vim/lsp/rpc.lua:770	"rpc"	"/usr/bin/clangd-18"	"stderr"	"I[02:02:09.446] <-- textDocument/didChange\n"
[ERROR][2025-03-26 02:02:09] .../vim/lsp/rpc.lua:770	"rpc"	"/usr/bin/clangd-18"	"stderr"	"I[02:02:09.497] Failed to find compilation database for /home/sasha2k62024/GitHub/NeovimGUIManager/IDE/Neovim/main.cpp\n"
[ERROR][2025-03-26 02:02:09] .../vim/lsp/rpc.lua:770	"rpc"	"/usr/bin/clangd-18"	"stderr"	"I[02:02:09.498] ASTWorker building file /home/sasha2k62024/GitHub/NeovimGUIManager/IDE/Neovim/main.cpp version 69 with command clangd fallback\n[/home/sasha2k62024/GitHub/NeovimGUIManager/IDE/Neovim]\n/usr/bin/clang -IHeaderFiles/rlImGui -resource-dir=/usr/lib/llvm-18/lib/clang/18 -- /home/sasha2k62024/GitHub/NeovimGUIManager/IDE/Neovim/main.cpp\n"
[ERROR][2025-03-26 02:02:09] .../vim/lsp/rpc.lua:770	"rpc"	"/usr/bin/clangd-18"	"stderr"	"I[02:02:09.524] --> textDocument/publishDiagnostics\n"
[ERROR][2025-03-26 02:02:09] .../vim/lsp/rpc.lua:770	"rpc"	"/usr/bin/clangd-18"	"stderr"	"I[02:02:09.610] <-- textDocument/didChange\n"
[ERROR][2025-03-26 02:02:09] .../vim/lsp/rpc.lua:770	"rpc"	"/usr/bin/clangd-18"	"stderr"	"I[02:02:09.661] Failed to find compilation database for /home/sasha2k62024/GitHub/NeovimGUIManager/IDE/Neovim/main.cpp\n"
[ERROR][2025-03-26 02:02:09] .../vim/lsp/rpc.lua:770	"rpc"	"/usr/bin/clangd-18"	"stderr"	"I[02:02:09.662] ASTWorker building file /home/sasha2k62024/GitHub/NeovimGUIManager/IDE/Neovim/main.cpp version 70 with command clangd fallback\n[/home/sasha2k62024/GitHub/NeovimGUIManager/IDE/Neovim]\n/usr/bin/clang -IHeaderFiles/rlImGui -resource-dir=/usr/lib/llvm-18/lib/clang/18 -- /home/sasha2k62024/GitHub/NeovimGUIManager/IDE/Neovim/main.cpp\n"
[ERROR][2025-03-26 02:02:09] .../vim/lsp/rpc.lua:770	"rpc"	"/usr/bin/clangd-18"	"stderr"	"I[02:02:09.678] --> textDocument/publishDiagnostics\n"
[ERROR][2025-03-26 02:02:09] .../vim/lsp/rpc.lua:770	"rpc"	"/usr/bin/clangd-18"	"stderr"	"I[02:02:09.778] <-- textDocument/didChange\n"
[ERROR][2025-03-26 02:02:09] .../vim/lsp/rpc.lua:770	"rpc"	"/usr/bin/clangd-18"	"stderr"	"I[02:02:09.780] <-- textDocument/completion(31)\n"
[ERROR][2025-03-26 02:02:09] .../vim/lsp/rpc.lua:770	"rpc"	"/usr/bin/clangd-18"	"stderr"	"I[02:02:09.794] Code complete: sema context Namespace, query scopes [] (AnyScope=true), expected type <none>\n"
[ERROR][2025-03-26 02:02:09] .../vim/lsp/rpc.lua:770	"rpc"	"/usr/bin/clangd-18"	"stderr"	"I[02:02:09.795] Code complete: 1 results from Sema, 91 from Index, 1 matched, 0 from identifiers, 91 returned (incomplete).\n"
[ERROR][2025-03-26 02:02:09] .../vim/lsp/rpc.lua:770	"rpc"	"/usr/bin/clangd-18"	"stderr"	"I[02:02:09.800] --> reply:textDocument/completion(31) 20 ms\n"
[ERROR][2025-03-26 02:02:09] .../vim/lsp/rpc.lua:770	"rpc"	"/usr/bin/clangd-18"	"stderr"	"I[02:02:09.829] Failed to find compilation database for /home/sasha2k62024/GitHub/NeovimGUIManager/IDE/Neovim/main.cpp\n"
[ERROR][2025-03-26 02:02:09] .../vim/lsp/rpc.lua:770	"rpc"	"/usr/bin/clangd-18"	"stderr"	"I[02:02:09.830] ASTWorker building file /home/sasha2k62024/GitHub/NeovimGUIManager/IDE/Neovim/main.cpp version 71 with command clangd fallback\n[/home/sasha2k62024/GitHub/NeovimGUIManager/IDE/Neovim]\n/usr/bin/clang -IHeaderFiles/rlImGui -resource-dir=/usr/lib/llvm-18/lib/clang/18 -- /home/sasha2k62024/GitHub/NeovimGUIManager/IDE/Neovim/main.cpp\n"
[ERROR][2025-03-26 02:02:09] .../vim/lsp/rpc.lua:770	"rpc"	"/usr/bin/clangd-18"	"stderr"	"I[02:02:09.847] --> textDocument/publishDiagnostics\n"
[ERROR][2025-03-26 02:02:09] .../vim/lsp/rpc.lua:770	"rpc"	"/usr/bin/clangd-18"	"stderr"	"I[02:02:09.955] <-- textDocument/didChange\n"
[ERROR][2025-03-26 02:02:09] .../vim/lsp/rpc.lua:770	"rpc"	"/usr/bin/clangd-18"	"stderr"	"I[02:02:09.959] <-- textDocument/completion(32)\n"
[ERROR][2025-03-26 02:02:09] .../vim/lsp/rpc.lua:770	"rpc"	"/usr/bin/clangd-18"	"stderr"	"I[02:02:09.974] Code complete: sema context Namespace, query scopes [] (AnyScope=true), expected type <none>\n"
[ERROR][2025-03-26 02:02:09] .../vim/lsp/rpc.lua:770	"rpc"	"/usr/bin/clangd-18"	"stderr"	"I[02:02:09.975] Code complete: 1 results from Sema, 87 from Index, 1 matched, 0 from identifiers, 87 returned (incomplete).\n"
[ERROR][2025-03-26 02:02:09] .../vim/lsp/rpc.lua:770	"rpc"	"/usr/bin/clangd-18"	"stderr"	"I[02:02:09.981] --> reply:textDocument/completion(32) 21 ms\n"
[ERROR][2025-03-26 02:02:10] .../vim/lsp/rpc.lua:770	"rpc"	"/usr/bin/clangd-18"	"stderr"	"I[02:02:10.006] Failed to find compilation database for /home/sasha2k62024/GitHub/NeovimGUIManager/IDE/Neovim/main.cpp\n"
[ERROR][2025-03-26 02:02:10] .../vim/lsp/rpc.lua:770	"rpc"	"/usr/bin/clangd-18"	"stderr"	"I[02:02:10.007] ASTWorker building file /home/sasha2k62024/GitHub/NeovimGUIManager/IDE/Neovim/main.cpp version 72 with command clangd fallback\n[/home/sasha2k62024/GitHub/NeovimGUIManager/IDE/Neovim]\n/usr/bin/clang -IHeaderFiles/rlImGui -resource-dir=/usr/lib/llvm-18/lib/clang/18 -- /home/sasha2k62024/GitHub/NeovimGUIManager/IDE/Neovim/main.cpp\n"
[ERROR][2025-03-26 02:02:10] .../vim/lsp/rpc.lua:770	"rpc"	"/usr/bin/clangd-18"	"stderr"	"I[02:02:10.019] --> textDocument/publishDiagnostics\n"
[ERROR][2025-03-26 02:02:10] .../vim/lsp/rpc.lua:770	"rpc"	"/usr/bin/clangd-18"	"stderr"	"I[02:02:10.138] <-- textDocument/didChange\n"
[ERROR][2025-03-26 02:02:10] .../vim/lsp/rpc.lua:770	"rpc"	"/usr/bin/clangd-18"	"stderr"	"I[02:02:10.142] <-- textDocument/completion(33)\n"
[ERROR][2025-03-26 02:02:10] .../vim/lsp/rpc.lua:770	"rpc"	"/usr/bin/clangd-18"	"stderr"	"I[02:02:10.172] Code complete: sema context Namespace, query scopes [] (AnyScope=true), expected type <none>\n"
[ERROR][2025-03-26 02:02:10] .../vim/lsp/rpc.lua:770	"rpc"	"/usr/bin/clangd-18"	"stderr"	"I[02:02:10.173] Code complete: 1 results from Sema, 8 from Index, 1 matched, 0 from identifiers, 8 returned.\n"
[ERROR][2025-03-26 02:02:10] .../vim/lsp/rpc.lua:770	"rpc"	"/usr/bin/clangd-18"	"stderr"	"I[02:02:10.174] --> reply:textDocument/completion(33) 31 ms\n"
[ERROR][2025-03-26 02:02:10] .../vim/lsp/rpc.lua:770	"rpc"	"/usr/bin/clangd-18"	"stderr"	"I[02:02:10.191] Failed to find compilation database for /home/sasha2k62024/GitHub/NeovimGUIManager/IDE/Neovim/main.cpp\n"
[ERROR][2025-03-26 02:02:10] .../vim/lsp/rpc.lua:770	"rpc"	"/usr/bin/clangd-18"	"stderr"	"I[02:02:10.192] ASTWorker building file /home/sasha2k62024/GitHub/NeovimGUIManager/IDE/Neovim/main.cpp version 73 with command clangd fallback\n[/home/sasha2k62024/GitHub/NeovimGUIManager/IDE/Neovim]\n/usr/bin/clang -IHeaderFiles/rlImGui -resource-dir=/usr/lib/llvm-18/lib/clang/18 -- /home/sasha2k62024/GitHub/NeovimGUIManager/IDE/Neovim/main.cpp\n"
[ERROR][2025-03-26 02:02:10] .../vim/lsp/rpc.lua:770	"rpc"	"/usr/bin/clangd-18"	"stderr"	"I[02:02:10.211] --> textDocument/publishDiagnostics\n"
[ERROR][2025-03-26 02:02:10] .../vim/lsp/rpc.lua:770	"rpc"	"/usr/bin/clangd-18"	"stderr"	"I[02:02:10.338] <-- textDocument/semanticTokens/full/delta(34)\n"
[ERROR][2025-03-26 02:02:10] .../vim/lsp/rpc.lua:770	"rpc"	"/usr/bin/clangd-18"	"stderr"	"I[02:02:10.339] --> reply:textDocument/semanticTokens/full/delta(34) 1 ms\n"
[ERROR][2025-03-26 02:02:10] .../vim/lsp/rpc.lua:770	"rpc"	"/usr/bin/clangd-18"	"stderr"	"I[02:02:10.767] <-- textDocument/didChange\n"
[ERROR][2025-03-26 02:02:10] .../vim/lsp/rpc.lua:770	"rpc"	"/usr/bin/clangd-18"	"stderr"	"I[02:02:10.818] Failed to find compilation database for /home/sasha2k62024/GitHub/NeovimGUIManager/IDE/Neovim/main.cpp\n"
[ERROR][2025-03-26 02:02:10] .../vim/lsp/rpc.lua:770	"rpc"	"/usr/bin/clangd-18"	"stderr"	"I[02:02:10.819] ASTWorker building file /home/sasha2k62024/GitHub/NeovimGUIManager/IDE/Neovim/main.cpp version 74 with command clangd fallback\n[/home/sasha2k62024/GitHub/NeovimGUIManager/IDE/Neovim]\n/usr/bin/clang -IHeaderFiles/rlImGui -resource-dir=/usr/lib/llvm-18/lib/clang/18 -- /home/sasha2k62024/GitHub/NeovimGUIManager/IDE/Neovim/main.cpp\n"
[ERROR][2025-03-26 02:02:10] .../vim/lsp/rpc.lua:770	"rpc"	"/usr/bin/clangd-18"	"stderr"	"I[02:02:10.843] --> textDocument/publishDiagnostics\n"
[ERROR][2025-03-26 02:02:10] .../vim/lsp/rpc.lua:770	"rpc"	"/usr/bin/clangd-18"	"stderr"	"I[02:02:10.921] <-- textDocument/didChange\n"
[ERROR][2025-03-26 02:02:10] .../vim/lsp/rpc.lua:770	"rpc"	"/usr/bin/clangd-18"	"stderr"	"I[02:02:10.971] Failed to find compilation database for /home/sasha2k62024/GitHub/NeovimGUIManager/IDE/Neovim/main.cpp\n"
[ERROR][2025-03-26 02:02:10] .../vim/lsp/rpc.lua:770	"rpc"	"/usr/bin/clangd-18"	"stderr"	"I[02:02:10.973] ASTWorker building file /home/sasha2k62024/GitHub/NeovimGUIManager/IDE/Neovim/main.cpp version 81 with command clangd fallback\n[/home/sasha2k62024/GitHub/NeovimGUIManager/IDE/Neovim]\n/usr/bin/clang -IHeaderFiles/rlImGui -resource-dir=/usr/lib/llvm-18/lib/clang/18 -- /home/sasha2k62024/GitHub/NeovimGUIManager/IDE/Neovim/main.cpp\n"
[ERROR][2025-03-26 02:02:10] .../vim/lsp/rpc.lua:770	"rpc"	"/usr/bin/clangd-18"	"stderr"	"I[02:02:10.974] <-- textDocument/semanticTokens/full/delta(35)\n"
[ERROR][2025-03-26 02:02:10] .../vim/lsp/rpc.lua:770	"rpc"	"/usr/bin/clangd-18"	"stderr"	"I[02:02:10.998] --> textDocument/publishDiagnostics\n"
[ERROR][2025-03-26 02:02:11] .../vim/lsp/rpc.lua:770	"rpc"	"/usr/bin/clangd-18"	"stderr"	"I[02:02:10.999] --> reply:textDocument/semanticTokens/full/delta(35) 24 ms\n"
[ERROR][2025-03-26 02:02:11] .../vim/lsp/rpc.lua:770	"rpc"	"/usr/bin/clangd-18"	"stderr"	"I[02:02:11.452] <-- textDocument/didChange\n"
[ERROR][2025-03-26 02:02:11] .../vim/lsp/rpc.lua:770	"rpc"	"/usr/bin/clangd-18"	"stderr"	"I[02:02:11.504] Failed to find compilation database for /home/sasha2k62024/GitHub/NeovimGUIManager/IDE/Neovim/main.cpp\n"
[ERROR][2025-03-26 02:02:11] .../vim/lsp/rpc.lua:770	"rpc"	"/usr/bin/clangd-18"	"stderr"	"I[02:02:11.505] ASTWorker building file /home/sasha2k62024/GitHub/NeovimGUIManager/IDE/Neovim/main.cpp version 82 with command clangd fallback\n[/home/sasha2k62024/GitHub/NeovimGUIManager/IDE/Neovim]\n/usr/bin/clang -IHeaderFiles/rlImGui -resource-dir=/usr/lib/llvm-18/lib/clang/18 -- /home/sasha2k62024/GitHub/NeovimGUIManager/IDE/Neovim/main.cpp\n"
[ERROR][2025-03-26 02:02:11] .../vim/lsp/rpc.lua:770	"rpc"	"/usr/bin/clangd-18"	"stderr"	"I[02:02:11.531] --> textDocument/publishDiagnostics\n"
[ERROR][2025-03-26 02:02:11] .../vim/lsp/rpc.lua:770	"rpc"	"/usr/bin/clangd-18"	"stderr"	"I[02:02:11.603] <-- textDocument/didChange\n"
[ERROR][2025-03-26 02:02:11] .../vim/lsp/rpc.lua:770	"rpc"	"/usr/bin/clangd-18"	"stderr"	"I[02:02:11.655] Failed to find compilation database for /home/sasha2k62024/GitHub/NeovimGUIManager/IDE/Neovim/main.cpp\n"
[ERROR][2025-03-26 02:02:11] .../vim/lsp/rpc.lua:770	"rpc"	"/usr/bin/clangd-18"	"stderr"	"I[02:02:11.655] ASTWorker building file /home/sasha2k62024/GitHub/NeovimGUIManager/IDE/Neovim/main.cpp version 83 with command clangd fallback\n[/home/sasha2k62024/GitHub/NeovimGUIManager/IDE/Neovim]\n/usr/bin/clang -IHeaderFiles/rlImGui -resource-dir=/usr/lib/llvm-18/lib/clang/18 -- /home/sasha2k62024/GitHub/NeovimGUIManager/IDE/Neovim/main.cpp\n"
[ERROR][2025-03-26 02:02:11] .../vim/lsp/rpc.lua:770	"rpc"	"/usr/bin/clangd-18"	"stderr"	"I[02:02:11.665] --> textDocument/publishDiagnostics\n"
[ERROR][2025-03-26 02:02:11] .../vim/lsp/rpc.lua:770	"rpc"	"/usr/bin/clangd-18"	"stderr"	"I[02:02:11.802] <-- textDocument/semanticTokens/full/delta(36)\n"
[ERROR][2025-03-26 02:02:11] .../vim/lsp/rpc.lua:770	"rpc"	"/usr/bin/clangd-18"	"stderr"	"I[02:02:11.803] --> reply:textDocument/semanticTokens/full/delta(36) 0 ms\n"
[ERROR][2025-03-26 02:02:12] .../vim/lsp/rpc.lua:770	"rpc"	"/usr/bin/clangd-18"	"stderr"	"I[02:02:12.358] <-- textDocument/didChange\n"
[ERROR][2025-03-26 02:02:12] .../vim/lsp/rpc.lua:770	"rpc"	"/usr/bin/clangd-18"	"stderr"	"I[02:02:12.363] <-- textDocument/completion(37)\n"
[ERROR][2025-03-26 02:02:12] .../vim/lsp/rpc.lua:770	"rpc"	"/usr/bin/clangd-18"	"stderr"	"I[02:02:12.404] Code complete: sema context TopLevel, query scopes [,std::] (AnyScope=true), expected type <none>\n"
[ERROR][2025-03-26 02:02:12] .../vim/lsp/rpc.lua:770	"rpc"	"/usr/bin/clangd-18"	"stderr"	"I[02:02:12.405] Code complete: 0 results from Sema, 89 from Index, 0 matched, 0 from identifiers, 89 returned (incomplete).\n"
[ERROR][2025-03-26 02:02:12] .../vim/lsp/rpc.lua:770	"rpc"	"/usr/bin/clangd-18"	"stderr"	"I[02:02:12.409] Failed to find compilation database for /home/sasha2k62024/GitHub/NeovimGUIManager/IDE/Neovim/main.cpp\n"
[ERROR][2025-03-26 02:02:12] .../vim/lsp/rpc.lua:770	"rpc"	"/usr/bin/clangd-18"	"stderr"	"I[02:02:12.410] ASTWorker building file /home/sasha2k62024/GitHub/NeovimGUIManager/IDE/Neovim/main.cpp version 84 with command clangd fallback\n[/home/sasha2k62024/GitHub/NeovimGUIManager/IDE/Neovim]\n/usr/bin/clang -IHeaderFiles/rlImGui -resource-dir=/usr/lib/llvm-18/lib/clang/18 -- /home/sasha2k62024/GitHub/NeovimGUIManager/IDE/Neovim/main.cpp\n"
[ERROR][2025-03-26 02:02:12] .../vim/lsp/rpc.lua:770	"rpc"	"/usr/bin/clangd-18"	"stderr"	"I[02:02:12.415] --> reply:textDocument/completion(37) 52 ms\n"
[ERROR][2025-03-26 02:02:12] .../vim/lsp/rpc.lua:770	"rpc"	"/usr/bin/clangd-18"	"stderr"	"I[02:02:12.429] --> textDocument/publishDiagnostics\n"
[ERROR][2025-03-26 02:02:12] .../vim/lsp/rpc.lua:770	"rpc"	"/usr/bin/clangd-18"	"stderr"	"I[02:02:12.467] <-- textDocument/didChange\nI[02:02:12.467] <-- textDocument/completion(38)\n"
[ERROR][2025-03-26 02:02:12] .../vim/lsp/rpc.lua:770	"rpc"	"/usr/bin/clangd-18"	"stderr"	"I[02:02:12.490] Code complete: sema context TopLevel, query scopes [,std::] (AnyScope=true), expected type <none>\n"
[ERROR][2025-03-26 02:02:12] .../vim/lsp/rpc.lua:770	"rpc"	"/usr/bin/clangd-18"	"stderr"	"I[02:02:12.491] Code complete: 0 results from Sema, 77 from Index, 0 matched, 0 from identifiers, 77 returned (incomplete).\nI[02:02:12.499] --> reply:textDocument/completion(38) 31 ms\n"
[ERROR][2025-03-26 02:02:12] .../vim/lsp/rpc.lua:770	"rpc"	"/usr/bin/clangd-18"	"stderr"	"I[02:02:12.518] Failed to find compilation database for /home/sasha2k62024/GitHub/NeovimGUIManager/IDE/Neovim/main.cpp\n"
[ERROR][2025-03-26 02:02:12] .../vim/lsp/rpc.lua:770	"rpc"	"/usr/bin/clangd-18"	"stderr"	"I[02:02:12.519] ASTWorker building file /home/sasha2k62024/GitHub/NeovimGUIManager/IDE/Neovim/main.cpp version 85 with command clangd fallback\n[/home/sasha2k62024/GitHub/NeovimGUIManager/IDE/Neovim]\n/usr/bin/clang -IHeaderFiles/rlImGui -resource-dir=/usr/lib/llvm-18/lib/clang/18 -- /home/sasha2k62024/GitHub/NeovimGUIManager/IDE/Neovim/main.cpp\n"
[ERROR][2025-03-26 02:02:12] .../vim/lsp/rpc.lua:770	"rpc"	"/usr/bin/clangd-18"	"stderr"	"I[02:02:12.531] --> textDocument/publishDiagnostics\n"
[ERROR][2025-03-26 02:02:12] .../vim/lsp/rpc.lua:770	"rpc"	"/usr/bin/clangd-18"	"stderr"	"I[02:02:12.541] <-- textDocument/didChange\nI[02:02:12.542] <-- textDocument/completion(39)\n"
[ERROR][2025-03-26 02:02:12] .../vim/lsp/rpc.lua:770	"rpc"	"/usr/bin/clangd-18"	"stderr"	"I[02:02:12.555] Code complete: sema context TopLevel, query scopes [,std::] (AnyScope=true), expected type <none>\n"
[ERROR][2025-03-26 02:02:12] .../vim/lsp/rpc.lua:770	"rpc"	"/usr/bin/clangd-18"	"stderr"	"I[02:02:12.555] Code complete: 0 results from Sema, 2 from Index, 0 matched, 0 from identifiers, 2 returned.\nI[02:02:12.556] --> reply:textDocument/completion(39) 13 ms\n"
[ERROR][2025-03-26 02:02:12] .../vim/lsp/rpc.lua:770	"rpc"	"/usr/bin/clangd-18"	"stderr"	"I[02:02:12.593] Failed to find compilation database for /home/sasha2k62024/GitHub/NeovimGUIManager/IDE/Neovim/main.cpp\n"
[ERROR][2025-03-26 02:02:12] .../vim/lsp/rpc.lua:770	"rpc"	"/usr/bin/clangd-18"	"stderr"	"I[02:02:12.594] ASTWorker building file /home/sasha2k62024/GitHub/NeovimGUIManager/IDE/Neovim/main.cpp version 86 with command clangd fallback\n[/home/sasha2k62024/GitHub/NeovimGUIManager/IDE/Neovim]\n/usr/bin/clang -IHeaderFiles/rlImGui -resource-dir=/usr/lib/llvm-18/lib/clang/18 -- /home/sasha2k62024/GitHub/NeovimGUIManager/IDE/Neovim/main.cpp\n"
[ERROR][2025-03-26 02:02:12] .../vim/lsp/rpc.lua:770	"rpc"	"/usr/bin/clangd-18"	"stderr"	"I[02:02:12.605] --> textDocument/publishDiagnostics\n"
[ERROR][2025-03-26 02:02:12] .../vim/lsp/rpc.lua:770	"rpc"	"/usr/bin/clangd-18"	"stderr"	"I[02:02:12.692] <-- textDocument/didChange\n"
[ERROR][2025-03-26 02:02:12] .../vim/lsp/rpc.lua:770	"rpc"	"/usr/bin/clangd-18"	"stderr"	"I[02:02:12.742] Failed to find compilation database for /home/sasha2k62024/GitHub/NeovimGUIManager/IDE/Neovim/main.cpp\n"
[ERROR][2025-03-26 02:02:12] .../vim/lsp/rpc.lua:770	"rpc"	"/usr/bin/clangd-18"	"stderr"	"I[02:02:12.744] ASTWorker building file /home/sasha2k62024/GitHub/NeovimGUIManager/IDE/Neovim/main.cpp version 87 with command clangd fallback\n[/home/sasha2k62024/GitHub/NeovimGUIManager/IDE/Neovim]\n/usr/bin/clang -IHeaderFiles/rlImGui -resource-dir=/usr/lib/llvm-18/lib/clang/18 -- /home/sasha2k62024/GitHub/NeovimGUIManager/IDE/Neovim/main.cpp\n"
[ERROR][2025-03-26 02:02:12] .../vim/lsp/rpc.lua:770	"rpc"	"/usr/bin/clangd-18"	"stderr"	"I[02:02:12.773] --> textDocument/publishDiagnostics\n"
[ERROR][2025-03-26 02:02:12] .../vim/lsp/rpc.lua:770	"rpc"	"/usr/bin/clangd-18"	"stderr"	"I[02:02:12.866] <-- textDocument/semanticTokens/full/delta(40)\n"
[ERROR][2025-03-26 02:02:12] .../vim/lsp/rpc.lua:770	"rpc"	"/usr/bin/clangd-18"	"stderr"	"I[02:02:12.867] --> reply:textDocument/semanticTokens/full/delta(40) 0 ms\n"
[ERROR][2025-03-26 02:02:13] .../vim/lsp/rpc.lua:770	"rpc"	"/usr/bin/clangd-18"	"stderr"	"I[02:02:13.313] <-- textDocument/didChange\n"
[ERROR][2025-03-26 02:02:13] .../vim/lsp/rpc.lua:770	"rpc"	"/usr/bin/clangd-18"	"stderr"	"I[02:02:13.365] Failed to find compilation database for /home/sasha2k62024/GitHub/NeovimGUIManager/IDE/Neovim/main.cpp\n"
[ERROR][2025-03-26 02:02:13] .../vim/lsp/rpc.lua:770	"rpc"	"/usr/bin/clangd-18"	"stderr"	"I[02:02:13.366] ASTWorker building file /home/sasha2k62024/GitHub/NeovimGUIManager/IDE/Neovim/main.cpp version 88 with command clangd fallback\n[/home/sasha2k62024/GitHub/NeovimGUIManager/IDE/Neovim]\n/usr/bin/clang -IHeaderFiles/rlImGui -resource-dir=/usr/lib/llvm-18/lib/clang/18 -- /home/sasha2k62024/GitHub/NeovimGUIManager/IDE/Neovim/main.cpp\n"
[ERROR][2025-03-26 02:02:13] .../vim/lsp/rpc.lua:770	"rpc"	"/usr/bin/clangd-18"	"stderr"	"I[02:02:13.387] --> textDocument/publishDiagnostics\n"
[ERROR][2025-03-26 02:02:13] .../vim/lsp/rpc.lua:770	"rpc"	"/usr/bin/clangd-18"	"stderr"	"I[02:02:13.466] <-- textDocument/didChange\n"
[ERROR][2025-03-26 02:02:13] .../vim/lsp/rpc.lua:770	"rpc"	"/usr/bin/clangd-18"	"stderr"	"I[02:02:13.518] Failed to find compilation database for /home/sasha2k62024/GitHub/NeovimGUIManager/IDE/Neovim/main.cpp\n"
[ERROR][2025-03-26 02:02:13] .../vim/lsp/rpc.lua:770	"rpc"	"/usr/bin/clangd-18"	"stderr"	"I[02:02:13.519] ASTWorker building file /home/sasha2k62024/GitHub/NeovimGUIManager/IDE/Neovim/main.cpp version 89 with command clangd fallback\n[/home/sasha2k62024/GitHub/NeovimGUIManager/IDE/Neovim]\n/usr/bin/clang -IHeaderFiles/rlImGui -resource-dir=/usr/lib/llvm-18/lib/clang/18 -- /home/sasha2k62024/GitHub/NeovimGUIManager/IDE/Neovim/main.cpp\n"
[ERROR][2025-03-26 02:02:13] .../vim/lsp/rpc.lua:770	"rpc"	"/usr/bin/clangd-18"	"stderr"	"I[02:02:13.536] --> textDocument/publishDiagnostics\n"
[ERROR][2025-03-26 02:02:13] .../vim/lsp/rpc.lua:770	"rpc"	"/usr/bin/clangd-18"	"stderr"	"I[02:02:13.665] <-- textDocument/semanticTokens/full/delta(41)\n"
[ERROR][2025-03-26 02:02:13] .../vim/lsp/rpc.lua:770	"rpc"	"/usr/bin/clangd-18"	"stderr"	"I[02:02:13.665] --> reply:textDocument/semanticTokens/full/delta(41) 0 ms\n"
[ERROR][2025-03-26 02:02:13] .../vim/lsp/rpc.lua:770	"rpc"	"/usr/bin/clangd-18"	"stderr"	"I[02:02:13.923] <-- textDocument/didChange\n"
[ERROR][2025-03-26 02:02:13] .../vim/lsp/rpc.lua:770	"rpc"	"/usr/bin/clangd-18"	"stderr"	"I[02:02:13.974] Failed to find compilation database for /home/sasha2k62024/GitHub/NeovimGUIManager/IDE/Neovim/main.cpp\n"
[ERROR][2025-03-26 02:02:13] .../vim/lsp/rpc.lua:770	"rpc"	"/usr/bin/clangd-18"	"stderr"	"I[02:02:13.975] ASTWorker building file /home/sasha2k62024/GitHub/NeovimGUIManager/IDE/Neovim/main.cpp version 90 with command clangd fallback\n[/home/sasha2k62024/GitHub/NeovimGUIManager/IDE/Neovim]\n/usr/bin/clang -IHeaderFiles/rlImGui -resource-dir=/usr/lib/llvm-18/lib/clang/18 -- /home/sasha2k62024/GitHub/NeovimGUIManager/IDE/Neovim/main.cpp\n"
[ERROR][2025-03-26 02:02:13] .../vim/lsp/rpc.lua:770	"rpc"	"/usr/bin/clangd-18"	"stderr"	"I[02:02:13.986] --> textDocument/publishDiagnostics\n"
[ERROR][2025-03-26 02:02:14] .../vim/lsp/rpc.lua:770	"rpc"	"/usr/bin/clangd-18"	"stderr"	"I[02:02:14.074] <-- textDocument/didChange\n"
[ERROR][2025-03-26 02:02:14] .../vim/lsp/rpc.lua:770	"rpc"	"/usr/bin/clangd-18"	"stderr"	"I[02:02:14.125] Failed to find compilation database for /home/sasha2k62024/GitHub/NeovimGUIManager/IDE/Neovim/main.cpp\n"
[ERROR][2025-03-26 02:02:14] .../vim/lsp/rpc.lua:770	"rpc"	"/usr/bin/clangd-18"	"stderr"	"I[02:02:14.126] ASTWorker building file /home/sasha2k62024/GitHub/NeovimGUIManager/IDE/Neovim/main.cpp version 91 with command clangd fallback\n[/home/sasha2k62024/GitHub/NeovimGUIManager/IDE/Neovim]\n/usr/bin/clang -IHeaderFiles/rlImGui -resource-dir=/usr/lib/llvm-18/lib/clang/18 -- /home/sasha2k62024/GitHub/NeovimGUIManager/IDE/Neovim/main.cpp\n"
[ERROR][2025-03-26 02:02:14] .../vim/lsp/rpc.lua:770	"rpc"	"/usr/bin/clangd-18"	"stderr"	"I[02:02:14.152] --> textDocument/publishDiagnostics\n"
[ERROR][2025-03-26 02:02:14] .../vim/lsp/rpc.lua:770	"rpc"	"/usr/bin/clangd-18"	"stderr"	"I[02:02:14.217] <-- textDocument/semanticTokens/full/delta(42)\n"
[ERROR][2025-03-26 02:02:14] .../vim/lsp/rpc.lua:770	"rpc"	"/usr/bin/clangd-18"	"stderr"	"I[02:02:14.218] --> reply:textDocument/semanticTokens/full/delta(42) 0 ms\n"
[ERROR][2025-03-26 02:02:14] .../vim/lsp/rpc.lua:770	"rpc"	"/usr/bin/clangd-18"	"stderr"	"I[02:02:14.355] <-- textDocument/didChange\n"
[ERROR][2025-03-26 02:02:14] .../vim/lsp/rpc.lua:770	"rpc"	"/usr/bin/clangd-18"	"stderr"	"I[02:02:14.405] Failed to find compilation database for /home/sasha2k62024/GitHub/NeovimGUIManager/IDE/Neovim/main.cpp\n"
[ERROR][2025-03-26 02:02:14] .../vim/lsp/rpc.lua:770	"rpc"	"/usr/bin/clangd-18"	"stderr"	"I[02:02:14.406] ASTWorker building file /home/sasha2k62024/GitHub/NeovimGUIManager/IDE/Neovim/main.cpp version 92 with command clangd fallback\n[/home/sasha2k62024/GitHub/NeovimGUIManager/IDE/Neovim]\n/usr/bin/clang -IHeaderFiles/rlImGui -resource-dir=/usr/lib/llvm-18/lib/clang/18 -- /home/sasha2k62024/GitHub/NeovimGUIManager/IDE/Neovim/main.cpp\n"
[ERROR][2025-03-26 02:02:14] .../vim/lsp/rpc.lua:770	"rpc"	"/usr/bin/clangd-18"	"stderr"	"I[02:02:14.501] <-- textDocument/didChange\n"
[ERROR][2025-03-26 02:02:14] .../vim/lsp/rpc.lua:770	"rpc"	"/usr/bin/clangd-18"	"stderr"	"I[02:02:14.553] Failed to find compilation database for /home/sasha2k62024/GitHub/NeovimGUIManager/IDE/Neovim/main.cpp\n"
[ERROR][2025-03-26 02:02:14] .../vim/lsp/rpc.lua:770	"rpc"	"/usr/bin/clangd-18"	"stderr"	"I[02:02:14.554] ASTWorker building file /home/sasha2k62024/GitHub/NeovimGUIManager/IDE/Neovim/main.cpp version 93 with command clangd fallback\n[/home/sasha2k62024/GitHub/NeovimGUIManager/IDE/Neovim]\n/usr/bin/clang -IHeaderFiles/rlImGui -resource-dir=/usr/lib/llvm-18/lib/clang/18 -- /home/sasha2k62024/GitHub/NeovimGUIManager/IDE/Neovim/main.cpp\n"
[ERROR][2025-03-26 02:02:14] .../vim/lsp/rpc.lua:770	"rpc"	"/usr/bin/clangd-18"	"stderr"	"I[02:02:14.573] --> textDocument/publishDiagnostics\n"
[ERROR][2025-03-26 02:02:14] .../vim/lsp/rpc.lua:770	"rpc"	"/usr/bin/clangd-18"	"stderr"	"I[02:02:14.650] <-- textDocument/didChange\n"
[ERROR][2025-03-26 02:02:14] .../vim/lsp/rpc.lua:770	"rpc"	"/usr/bin/clangd-18"	"stderr"	"I[02:02:14.701] Failed to find compilation database for /home/sasha2k62024/GitHub/NeovimGUIManager/IDE/Neovim/main.cpp\n"
[ERROR][2025-03-26 02:02:14] .../vim/lsp/rpc.lua:770	"rpc"	"/usr/bin/clangd-18"	"stderr"	"I[02:02:14.702] ASTWorker building file /home/sasha2k62024/GitHub/NeovimGUIManager/IDE/Neovim/main.cpp version 95 with command clangd fallback\n[/home/sasha2k62024/GitHub/NeovimGUIManager/IDE/Neovim]\n/usr/bin/clang -IHeaderFiles/rlImGui -resource-dir=/usr/lib/llvm-18/lib/clang/18 -- /home/sasha2k62024/GitHub/NeovimGUIManager/IDE/Neovim/main.cpp\n"
[ERROR][2025-03-26 02:02:14] .../vim/lsp/rpc.lua:770	"rpc"	"/usr/bin/clangd-18"	"stderr"	"I[02:02:14.720] <-- textDocument/semanticTokens/full/delta(43)\n"
[ERROR][2025-03-26 02:02:14] .../vim/lsp/rpc.lua:770	"rpc"	"/usr/bin/clangd-18"	"stderr"	"I[02:02:14.727] --> textDocument/publishDiagnostics\n"
[ERROR][2025-03-26 02:02:14] .../vim/lsp/rpc.lua:770	"rpc"	"/usr/bin/clangd-18"	"stderr"	"I[02:02:14.728] --> reply:textDocument/semanticTokens/full/delta(43) 8 ms\n"
[ERROR][2025-03-26 02:02:14] .../vim/lsp/rpc.lua:770	"rpc"	"/usr/bin/clangd-18"	"stderr"	"I[02:02:14.914] <-- textDocument/didChange\n"
[ERROR][2025-03-26 02:02:14] .../vim/lsp/rpc.lua:770	"rpc"	"/usr/bin/clangd-18"	"stderr"	"I[02:02:14.965] Failed to find compilation database for /home/sasha2k62024/GitHub/NeovimGUIManager/IDE/Neovim/main.cpp\n"
[ERROR][2025-03-26 02:02:14] .../vim/lsp/rpc.lua:770	"rpc"	"/usr/bin/clangd-18"	"stderr"	"I[02:02:14.966] ASTWorker building file /home/sasha2k62024/GitHub/NeovimGUIManager/IDE/Neovim/main.cpp version 96 with command clangd fallback\n[/home/sasha2k62024/GitHub/NeovimGUIManager/IDE/Neovim]\n/usr/bin/clang -IHeaderFiles/rlImGui -resource-dir=/usr/lib/llvm-18/lib/clang/18 -- /home/sasha2k62024/GitHub/NeovimGUIManager/IDE/Neovim/main.cpp\n"
[ERROR][2025-03-26 02:02:14] .../vim/lsp/rpc.lua:770	"rpc"	"/usr/bin/clangd-18"	"stderr"	"I[02:02:14.991] --> textDocument/publishDiagnostics\n"
[ERROR][2025-03-26 02:02:15] .../vim/lsp/rpc.lua:770	"rpc"	"/usr/bin/clangd-18"	"stderr"	"I[02:02:15.114] <-- textDocument/semanticTokens/full/delta(44)\n"
[ERROR][2025-03-26 02:02:15] .../vim/lsp/rpc.lua:770	"rpc"	"/usr/bin/clangd-18"	"stderr"	"I[02:02:15.115] --> reply:textDocument/semanticTokens/full/delta(44) 0 ms\n"
[ERROR][2025-03-26 02:02:15] .../vim/lsp/rpc.lua:770	"rpc"	"/usr/bin/clangd-18"	"stderr"	"I[02:02:15.126] <-- textDocument/didChange\n"
[ERROR][2025-03-26 02:02:15] .../vim/lsp/rpc.lua:770	"rpc"	"/usr/bin/clangd-18"	"stderr"	"I[02:02:15.178] Failed to find compilation database for /home/sasha2k62024/GitHub/NeovimGUIManager/IDE/Neovim/main.cpp\n"
[ERROR][2025-03-26 02:02:15] .../vim/lsp/rpc.lua:770	"rpc"	"/usr/bin/clangd-18"	"stderr"	"I[02:02:15.179] ASTWorker building file /home/sasha2k62024/GitHub/NeovimGUIManager/IDE/Neovim/main.cpp version 97 with command clangd fallback\n[/home/sasha2k62024/GitHub/NeovimGUIManager/IDE/Neovim]\n/usr/bin/clang -IHeaderFiles/rlImGui -resource-dir=/usr/lib/llvm-18/lib/clang/18 -- /home/sasha2k62024/GitHub/NeovimGUIManager/IDE/Neovim/main.cpp\n"
[ERROR][2025-03-26 02:02:15] .../vim/lsp/rpc.lua:770	"rpc"	"/usr/bin/clangd-18"	"stderr"	"I[02:02:15.193] --> textDocument/publishDiagnostics\n"
[ERROR][2025-03-26 02:02:15] .../vim/lsp/rpc.lua:770	"rpc"	"/usr/bin/clangd-18"	"stderr"	"I[02:02:15.327] <-- textDocument/semanticTokens/full/delta(45)\n"
[ERROR][2025-03-26 02:02:15] .../vim/lsp/rpc.lua:770	"rpc"	"/usr/bin/clangd-18"	"stderr"	"I[02:02:15.327] --> reply:textDocument/semanticTokens/full/delta(45) 0 ms\n"
[ERROR][2025-03-26 02:02:15] .../vim/lsp/rpc.lua:770	"rpc"	"/usr/bin/clangd-18"	"stderr"	"I[02:02:15.383] <-- textDocument/didChange\n"
[ERROR][2025-03-26 02:02:15] .../vim/lsp/rpc.lua:770	"rpc"	"/usr/bin/clangd-18"	"stderr"	"I[02:02:15.389] <-- textDocument/completion(46)\n"
[ERROR][2025-03-26 02:02:15] .../vim/lsp/rpc.lua:770	"rpc"	"/usr/bin/clangd-18"	"stderr"	"I[02:02:15.409] Code complete: sema context TopLevel, query scopes [,std::] (AnyScope=true), expected type <none>\n"
[ERROR][2025-03-26 02:02:15] .../vim/lsp/rpc.lua:770	"rpc"	"/usr/bin/clangd-18"	"stderr"	"I[02:02:15.410] Code complete: 3 results from Sema, 98 from Index, 0 matched, 0 from identifiers, 100 returned (incomplete).\n"
[ERROR][2025-03-26 02:02:15] .../vim/lsp/rpc.lua:770	"rpc"	"/usr/bin/clangd-18"	"stderr"	"I[02:02:15.416] --> reply:textDocument/completion(46) 27 ms\n"
[ERROR][2025-03-26 02:02:15] .../vim/lsp/rpc.lua:770	"rpc"	"/usr/bin/clangd-18"	"stderr"	"I[02:02:15.434] Failed to find compilation database for /home/sasha2k62024/GitHub/NeovimGUIManager/IDE/Neovim/main.cpp\n"
[ERROR][2025-03-26 02:02:15] .../vim/lsp/rpc.lua:770	"rpc"	"/usr/bin/clangd-18"	"stderr"	"I[02:02:15.435] ASTWorker building file /home/sasha2k62024/GitHub/NeovimGUIManager/IDE/Neovim/main.cpp version 98 with command clangd fallback\n[/home/sasha2k62024/GitHub/NeovimGUIManager/IDE/Neovim]\n/usr/bin/clang -IHeaderFiles/rlImGui -resource-dir=/usr/lib/llvm-18/lib/clang/18 -- /home/sasha2k62024/GitHub/NeovimGUIManager/IDE/Neovim/main.cpp\n"
[ERROR][2025-03-26 02:02:15] .../vim/lsp/rpc.lua:770	"rpc"	"/usr/bin/clangd-18"	"stderr"	"I[02:02:15.459] --> textDocument/publishDiagnostics\n"
[ERROR][2025-03-26 02:02:15] .../vim/lsp/rpc.lua:770	"rpc"	"/usr/bin/clangd-18"	"stderr"	"I[02:02:15.537] <-- textDocument/didChange\n"
[ERROR][2025-03-26 02:02:15] .../vim/lsp/rpc.lua:770	"rpc"	"/usr/bin/clangd-18"	"stderr"	"I[02:02:15.542] <-- textDocument/completion(47)\n"
[ERROR][2025-03-26 02:02:15] .../vim/lsp/rpc.lua:770	"rpc"	"/usr/bin/clangd-18"	"stderr"	"I[02:02:15.562] Code complete: sema context TopLevel, query scopes [,std::] (AnyScope=true), expected type <none>\n"
[ERROR][2025-03-26 02:02:15] .../vim/lsp/rpc.lua:770	"rpc"	"/usr/bin/clangd-18"	"stderr"	"I[02:02:15.563] Code complete: 2 results from Sema, 81 from Index, 0 matched, 0 from identifiers, 83 returned (incomplete).\n"
[ERROR][2025-03-26 02:02:15] .../vim/lsp/rpc.lua:770	"rpc"	"/usr/bin/clangd-18"	"stderr"	"I[02:02:15.569] --> reply:textDocument/completion(47) 27 ms\n"
[ERROR][2025-03-26 02:02:15] .../vim/lsp/rpc.lua:770	"rpc"	"/usr/bin/clangd-18"	"stderr"	"I[02:02:15.589] Failed to find compilation database for /home/sasha2k62024/GitHub/NeovimGUIManager/IDE/Neovim/main.cpp\n"
[ERROR][2025-03-26 02:02:15] .../vim/lsp/rpc.lua:770	"rpc"	"/usr/bin/clangd-18"	"stderr"	"I[02:02:15.590] ASTWorker building file /home/sasha2k62024/GitHub/NeovimGUIManager/IDE/Neovim/main.cpp version 99 with command clangd fallback\n[/home/sasha2k62024/GitHub/NeovimGUIManager/IDE/Neovim]\n/usr/bin/clang -IHeaderFiles/rlImGui -resource-dir=/usr/lib/llvm-18/lib/clang/18 -- /home/sasha2k62024/GitHub/NeovimGUIManager/IDE/Neovim/main.cpp\n"
[ERROR][2025-03-26 02:02:15] .../vim/lsp/rpc.lua:770	"rpc"	"/usr/bin/clangd-18"	"stderr"	"I[02:02:15.603] <-- textDocument/didChange\nI[02:02:15.603] <-- textDocument/completion(48)\nI[02:02:15.609] --> textDocument/publishDiagnostics\n"
[ERROR][2025-03-26 02:02:15] .../vim/lsp/rpc.lua:770	"rpc"	"/usr/bin/clangd-18"	"stderr"	"I[02:02:15.623] Code complete: sema context TopLevel, query scopes [,std::] (AnyScope=true), expected type <none>\n"
[ERROR][2025-03-26 02:02:15] .../vim/lsp/rpc.lua:770	"rpc"	"/usr/bin/clangd-18"	"stderr"	"I[02:02:15.624] Code complete: 1 results from Sema, 99 from Index, 0 matched, 0 from identifiers, 100 returned (incomplete).\n"
[ERROR][2025-03-26 02:02:15] .../vim/lsp/rpc.lua:770	"rpc"	"/usr/bin/clangd-18"	"stderr"	"I[02:02:15.629] --> reply:textDocument/completion(48) 25 ms\n"
[ERROR][2025-03-26 02:02:15] .../vim/lsp/rpc.lua:770	"rpc"	"/usr/bin/clangd-18"	"stderr"	"I[02:02:15.653] Failed to find compilation database for /home/sasha2k62024/GitHub/NeovimGUIManager/IDE/Neovim/main.cpp\n"
[ERROR][2025-03-26 02:02:15] .../vim/lsp/rpc.lua:770	"rpc"	"/usr/bin/clangd-18"	"stderr"	"I[02:02:15.654] ASTWorker building file /home/sasha2k62024/GitHub/NeovimGUIManager/IDE/Neovim/main.cpp version 100 with command clangd fallback\n[/home/sasha2k62024/GitHub/NeovimGUIManager/IDE/Neovim]\n/usr/bin/clang -IHeaderFiles/rlImGui -resource-dir=/usr/lib/llvm-18/lib/clang/18 -- /home/sasha2k62024/GitHub/NeovimGUIManager/IDE/Neovim/main.cpp\n"
[ERROR][2025-03-26 02:02:15] .../vim/lsp/rpc.lua:770	"rpc"	"/usr/bin/clangd-18"	"stderr"	"I[02:02:15.665] --> textDocument/publishDiagnostics\n"
[ERROR][2025-03-26 02:02:15] .../vim/lsp/rpc.lua:770	"rpc"	"/usr/bin/clangd-18"	"stderr"	"I[02:02:15.799] <-- textDocument/semanticTokens/full/delta(49)\n"
[ERROR][2025-03-26 02:02:15] .../vim/lsp/rpc.lua:770	"rpc"	"/usr/bin/clangd-18"	"stderr"	"I[02:02:15.799] --> reply:textDocument/semanticTokens/full/delta(49) 0 ms\n"
[ERROR][2025-03-26 02:02:15] .../vim/lsp/rpc.lua:770	"rpc"	"/usr/bin/clangd-18"	"stderr"	"I[02:02:15.868] <-- textDocument/didChange\n"
[ERROR][2025-03-26 02:02:15] .../vim/lsp/rpc.lua:770	"rpc"	"/usr/bin/clangd-18"	"stderr"	"I[02:02:15.920] Failed to find compilation database for /home/sasha2k62024/GitHub/NeovimGUIManager/IDE/Neovim/main.cpp\n"
[ERROR][2025-03-26 02:02:15] .../vim/lsp/rpc.lua:770	"rpc"	"/usr/bin/clangd-18"	"stderr"	"I[02:02:15.921] ASTWorker building file /home/sasha2k62024/GitHub/NeovimGUIManager/IDE/Neovim/main.cpp version 101 with command clangd fallback\n[/home/sasha2k62024/GitHub/NeovimGUIManager/IDE/Neovim]\n/usr/bin/clang -IHeaderFiles/rlImGui -resource-dir=/usr/lib/llvm-18/lib/clang/18 -- /home/sasha2k62024/GitHub/NeovimGUIManager/IDE/Neovim/main.cpp\n"
[ERROR][2025-03-26 02:02:15] .../vim/lsp/rpc.lua:770	"rpc"	"/usr/bin/clangd-18"	"stderr"	"I[02:02:15.930] --> textDocument/publishDiagnostics\n"
[ERROR][2025-03-26 02:02:16] .../vim/lsp/rpc.lua:770	"rpc"	"/usr/bin/clangd-18"	"stderr"	"I[02:02:16.030] <-- textDocument/didChange\n"
[ERROR][2025-03-26 02:02:16] .../vim/lsp/rpc.lua:770	"rpc"	"/usr/bin/clangd-18"	"stderr"	"I[02:02:16.032] <-- textDocument/completion(50)\n"
[ERROR][2025-03-26 02:02:16] .../vim/lsp/rpc.lua:770	"rpc"	"/usr/bin/clangd-18"	"stderr"	"I[02:02:16.053] Code complete: sema context SymbolOrNewName, query scopes [,std::] (AnyScope=true), expected type <none>\n"
[ERROR][2025-03-26 02:02:16] .../vim/lsp/rpc.lua:770	"rpc"	"/usr/bin/clangd-18"	"stderr"	"I[02:02:16.053] Code complete: 0 results from Sema, 89 from Index, 0 matched, 0 from identifiers, 89 returned (incomplete).\n"
[ERROR][2025-03-26 02:02:16] .../vim/lsp/rpc.lua:770	"rpc"	"/usr/bin/clangd-18"	"stderr"	"I[02:02:16.058] --> reply:textDocument/completion(50) 26 ms\n"
[ERROR][2025-03-26 02:02:16] .../vim/lsp/rpc.lua:770	"rpc"	"/usr/bin/clangd-18"	"stderr"	"I[02:02:16.081] Failed to find compilation database for /home/sasha2k62024/GitHub/NeovimGUIManager/IDE/Neovim/main.cpp\n"
[ERROR][2025-03-26 02:02:16] .../vim/lsp/rpc.lua:770	"rpc"	"/usr/bin/clangd-18"	"stderr"	"I[02:02:16.081] ASTWorker building file /home/sasha2k62024/GitHub/NeovimGUIManager/IDE/Neovim/main.cpp version 102 with command clangd fallback\n[/home/sasha2k62024/GitHub/NeovimGUIManager/IDE/Neovim]\n/usr/bin/clang -IHeaderFiles/rlImGui -resource-dir=/usr/lib/llvm-18/lib/clang/18 -- /home/sasha2k62024/GitHub/NeovimGUIManager/IDE/Neovim/main.cpp\n"
[ERROR][2025-03-26 02:02:16] .../vim/lsp/rpc.lua:770	"rpc"	"/usr/bin/clangd-18"	"stderr"	"I[02:02:16.091] --> textDocument/publishDiagnostics\n"
[ERROR][2025-03-26 02:02:16] .../vim/lsp/rpc.lua:770	"rpc"	"/usr/bin/clangd-18"	"stderr"	"I[02:02:16.125] <-- textDocument/didChange\nI[02:02:16.126] <-- textDocument/completion(51)\n"
[ERROR][2025-03-26 02:02:16] .../vim/lsp/rpc.lua:770	"rpc"	"/usr/bin/clangd-18"	"stderr"	"I[02:02:16.140] Code complete: sema context SymbolOrNewName, query scopes [,std::] (AnyScope=true), expected type <none>\nI[02:02:16.140] Code complete: 0 results from Sema, 77 from Index, 0 matched, 0 from identifiers, 77 returned (incomplete).\n"
[ERROR][2025-03-26 02:02:16] .../vim/lsp/rpc.lua:770	"rpc"	"/usr/bin/clangd-18"	"stderr"	"I[02:02:16.146] --> reply:textDocument/completion(51) 20 ms\n"
[ERROR][2025-03-26 02:02:16] .../vim/lsp/rpc.lua:770	"rpc"	"/usr/bin/clangd-18"	"stderr"	"I[02:02:16.176] Failed to find compilation database for /home/sasha2k62024/GitHub/NeovimGUIManager/IDE/Neovim/main.cpp\n"
[ERROR][2025-03-26 02:02:16] .../vim/lsp/rpc.lua:770	"rpc"	"/usr/bin/clangd-18"	"stderr"	"I[02:02:16.176] ASTWorker building file /home/sasha2k62024/GitHub/NeovimGUIManager/IDE/Neovim/main.cpp version 103 with command clangd fallback\n[/home/sasha2k62024/GitHub/NeovimGUIManager/IDE/Neovim]\n/usr/bin/clang -IHeaderFiles/rlImGui -resource-dir=/usr/lib/llvm-18/lib/clang/18 -- /home/sasha2k62024/GitHub/NeovimGUIManager/IDE/Neovim/main.cpp\n"
[ERROR][2025-03-26 02:02:16] .../vim/lsp/rpc.lua:770	"rpc"	"/usr/bin/clangd-18"	"stderr"	"I[02:02:16.187] --> textDocument/publishDiagnostics\n"
[ERROR][2025-03-26 02:02:16] .../vim/lsp/rpc.lua:770	"rpc"	"/usr/bin/clangd-18"	"stderr"	"I[02:02:16.195] <-- textDocument/didChange\nI[02:02:16.196] <-- textDocument/completion(52)\n"
[ERROR][2025-03-26 02:02:16] .../vim/lsp/rpc.lua:770	"rpc"	"/usr/bin/clangd-18"	"stderr"	"I[02:02:16.209] Code complete: sema context SymbolOrNewName, query scopes [,std::] (AnyScope=true), expected type <none>\nI[02:02:16.210] Code complete: 0 results from Sema, 2 from Index, 0 matched, 0 from identifiers, 2 returned.\n"
[ERROR][2025-03-26 02:02:16] .../vim/lsp/rpc.lua:770	"rpc"	"/usr/bin/clangd-18"	"stderr"	"I[02:02:16.210] --> reply:textDocument/completion(52) 14 ms\n"
[ERROR][2025-03-26 02:02:16] .../vim/lsp/rpc.lua:770	"rpc"	"/usr/bin/clangd-18"	"stderr"	"I[02:02:16.246] Failed to find compilation database for /home/sasha2k62024/GitHub/NeovimGUIManager/IDE/Neovim/main.cpp\n"
[ERROR][2025-03-26 02:02:16] .../vim/lsp/rpc.lua:770	"rpc"	"/usr/bin/clangd-18"	"stderr"	"I[02:02:16.247] ASTWorker building file /home/sasha2k62024/GitHub/NeovimGUIManager/IDE/Neovim/main.cpp version 104 with command clangd fallback\n[/home/sasha2k62024/GitHub/NeovimGUIManager/IDE/Neovim]\n/usr/bin/clang -IHeaderFiles/rlImGui -resource-dir=/usr/lib/llvm-18/lib/clang/18 -- /home/sasha2k62024/GitHub/NeovimGUIManager/IDE/Neovim/main.cpp\n"
[ERROR][2025-03-26 02:02:16] .../vim/lsp/rpc.lua:770	"rpc"	"/usr/bin/clangd-18"	"stderr"	"I[02:02:16.257] --> textDocument/publishDiagnostics\n"
[ERROR][2025-03-26 02:02:16] .../vim/lsp/rpc.lua:770	"rpc"	"/usr/bin/clangd-18"	"stderr"	"I[02:02:16.346] <-- textDocument/didChange\n"
[ERROR][2025-03-26 02:02:16] .../vim/lsp/rpc.lua:770	"rpc"	"/usr/bin/clangd-18"	"stderr"	"I[02:02:16.397] Failed to find compilation database for /home/sasha2k62024/GitHub/NeovimGUIManager/IDE/Neovim/main.cpp\n"
[ERROR][2025-03-26 02:02:16] .../vim/lsp/rpc.lua:770	"rpc"	"/usr/bin/clangd-18"	"stderr"	"I[02:02:16.398] ASTWorker building file /home/sasha2k62024/GitHub/NeovimGUIManager/IDE/Neovim/main.cpp version 105 with command clangd fallback\n[/home/sasha2k62024/GitHub/NeovimGUIManager/IDE/Neovim]\n/usr/bin/clang -IHeaderFiles/rlImGui -resource-dir=/usr/lib/llvm-18/lib/clang/18 -- /home/sasha2k62024/GitHub/NeovimGUIManager/IDE/Neovim/main.cpp\n"
[ERROR][2025-03-26 02:02:16] .../vim/lsp/rpc.lua:770	"rpc"	"/usr/bin/clangd-18"	"stderr"	"I[02:02:16.421] --> textDocument/publishDiagnostics\n"
[ERROR][2025-03-26 02:02:16] .../vim/lsp/rpc.lua:770	"rpc"	"/usr/bin/clangd-18"	"stderr"	"I[02:02:16.532] <-- textDocument/semanticTokens/full/delta(53)\n"
[ERROR][2025-03-26 02:02:16] .../vim/lsp/rpc.lua:770	"rpc"	"/usr/bin/clangd-18"	"stderr"	"I[02:02:16.532] --> reply:textDocument/semanticTokens/full/delta(53) 0 ms\n"
[ERROR][2025-03-26 02:02:16] .../vim/lsp/rpc.lua:770	"rpc"	"/usr/bin/clangd-18"	"stderr"	"I[02:02:16.874] <-- textDocument/didChange\n"
[ERROR][2025-03-26 02:02:16] .../vim/lsp/rpc.lua:770	"rpc"	"/usr/bin/clangd-18"	"stderr"	"I[02:02:16.925] Failed to find compilation database for /home/sasha2k62024/GitHub/NeovimGUIManager/IDE/Neovim/main.cpp\n"
[ERROR][2025-03-26 02:02:16] .../vim/lsp/rpc.lua:770	"rpc"	"/usr/bin/clangd-18"	"stderr"	"I[02:02:16.925] ASTWorker building file /home/sasha2k62024/GitHub/NeovimGUIManager/IDE/Neovim/main.cpp version 106 with command clangd fallback\n[/home/sasha2k62024/GitHub/NeovimGUIManager/IDE/Neovim]\n/usr/bin/clang -IHeaderFiles/rlImGui -resource-dir=/usr/lib/llvm-18/lib/clang/18 -- /home/sasha2k62024/GitHub/NeovimGUIManager/IDE/Neovim/main.cpp\n"
[ERROR][2025-03-26 02:02:16] .../vim/lsp/rpc.lua:770	"rpc"	"/usr/bin/clangd-18"	"stderr"	"I[02:02:16.936] --> textDocument/publishDiagnostics\n"
[ERROR][2025-03-26 02:02:17] .../vim/lsp/rpc.lua:770	"rpc"	"/usr/bin/clangd-18"	"stderr"	"I[02:02:17.074] <-- textDocument/semanticTokens/full/delta(54)\n"
[ERROR][2025-03-26 02:02:17] .../vim/lsp/rpc.lua:770	"rpc"	"/usr/bin/clangd-18"	"stderr"	"I[02:02:17.074] --> reply:textDocument/semanticTokens/full/delta(54) 0 ms\n"
[ERROR][2025-03-26 02:02:17] .../vim/lsp/rpc.lua:770	"rpc"	"/usr/bin/clangd-18"	"stderr"	"I[02:02:17.339] <-- textDocument/didChange\n"
[ERROR][2025-03-26 02:02:17] .../vim/lsp/rpc.lua:770	"rpc"	"/usr/bin/clangd-18"	"stderr"	"I[02:02:17.345] <-- textDocument/completion(55)\n"
[ERROR][2025-03-26 02:02:17] .../vim/lsp/rpc.lua:770	"rpc"	"/usr/bin/clangd-18"	"stderr"	"I[02:02:17.383] Code complete: sema context Expression, query scopes [,std::] (AnyScope=true), expected type int\nI[02:02:17.383] Code complete: 2 results from Sema, 78 from Index, 0 matched, 0 from identifiers, 80 returned (incomplete).\nI[02:02:17.389] --> reply:textDocument/completion(55) 43 ms\n"
[ERROR][2025-03-26 02:02:17] .../vim/lsp/rpc.lua:770	"rpc"	"/usr/bin/clangd-18"	"stderr"	"I[02:02:17.390] Failed to find compilation database for /home/sasha2k62024/GitHub/NeovimGUIManager/IDE/Neovim/main.cpp\n"
[ERROR][2025-03-26 02:02:17] .../vim/lsp/rpc.lua:770	"rpc"	"/usr/bin/clangd-18"	"stderr"	"I[02:02:17.391] ASTWorker building file /home/sasha2k62024/GitHub/NeovimGUIManager/IDE/Neovim/main.cpp version 107 with command clangd fallback\n[/home/sasha2k62024/GitHub/NeovimGUIManager/IDE/Neovim]\n/usr/bin/clang -IHeaderFiles/rlImGui -resource-dir=/usr/lib/llvm-18/lib/clang/18 -- /home/sasha2k62024/GitHub/NeovimGUIManager/IDE/Neovim/main.cpp\n"
[ERROR][2025-03-26 02:02:17] .../vim/lsp/rpc.lua:770	"rpc"	"/usr/bin/clangd-18"	"stderr"	"I[02:02:17.410] <-- textDocument/didChange\n"
[ERROR][2025-03-26 02:02:17] .../vim/lsp/rpc.lua:770	"rpc"	"/usr/bin/clangd-18"	"stderr"	"I[02:02:17.410] <-- textDocument/completion(56)\n"
[ERROR][2025-03-26 02:02:17] .../vim/lsp/rpc.lua:770	"rpc"	"/usr/bin/clangd-18"	"stderr"	"I[02:02:17.414] --> textDocument/publishDiagnostics\n"
[ERROR][2025-03-26 02:02:17] .../vim/lsp/rpc.lua:770	"rpc"	"/usr/bin/clangd-18"	"stderr"	"I[02:02:17.422] Code complete: sema context Expression, query scopes [,std::] (AnyScope=true), expected type int\n"
[ERROR][2025-03-26 02:02:17] .../vim/lsp/rpc.lua:770	"rpc"	"/usr/bin/clangd-18"	"stderr"	"I[02:02:17.422] Code complete: 2 results from Sema, 9 from Index, 0 matched, 0 from identifiers, 11 returned (incomplete).\n"
[ERROR][2025-03-26 02:02:17] .../vim/lsp/rpc.lua:770	"rpc"	"/usr/bin/clangd-18"	"stderr"	"I[02:02:17.423] --> reply:textDocument/completion(56) 12 ms\n"
[ERROR][2025-03-26 02:02:17] .../vim/lsp/rpc.lua:770	"rpc"	"/usr/bin/clangd-18"	"stderr"	"I[02:02:17.462] Failed to find compilation database for /home/sasha2k62024/GitHub/NeovimGUIManager/IDE/Neovim/main.cpp\n"
[ERROR][2025-03-26 02:02:17] .../vim/lsp/rpc.lua:770	"rpc"	"/usr/bin/clangd-18"	"stderr"	"I[02:02:17.463] ASTWorker building file /home/sasha2k62024/GitHub/NeovimGUIManager/IDE/Neovim/main.cpp version 108 with command clangd fallback\n[/home/sasha2k62024/GitHub/NeovimGUIManager/IDE/Neovim]\n/usr/bin/clang -IHeaderFiles/rlImGui -resource-dir=/usr/lib/llvm-18/lib/clang/18 -- /home/sasha2k62024/GitHub/NeovimGUIManager/IDE/Neovim/main.cpp\n"
[ERROR][2025-03-26 02:02:17] .../vim/lsp/rpc.lua:770	"rpc"	"/usr/bin/clangd-18"	"stderr"	"I[02:02:17.483] --> textDocument/publishDiagnostics\n"
[ERROR][2025-03-26 02:02:17] .../vim/lsp/rpc.lua:770	"rpc"	"/usr/bin/clangd-18"	"stderr"	"I[02:02:17.486] <-- textDocument/didChange\nI[02:02:17.486] <-- textDocument/completion(57)\n"
[ERROR][2025-03-26 02:02:17] .../vim/lsp/rpc.lua:770	"rpc"	"/usr/bin/clangd-18"	"stderr"	"I[02:02:17.499] Code complete: sema context Expression, query scopes [,std::] (AnyScope=true), expected type int\n"
[ERROR][2025-03-26 02:02:17] .../vim/lsp/rpc.lua:770	"rpc"	"/usr/bin/clangd-18"	"stderr"	"I[02:02:17.500] Code complete: 1 results from Sema, 3 from Index, 0 matched, 0 from identifiers, 4 returned.\n"
[ERROR][2025-03-26 02:02:17] .../vim/lsp/rpc.lua:770	"rpc"	"/usr/bin/clangd-18"	"stderr"	"I[02:02:17.500] --> reply:textDocument/completion(57) 14 ms\n"
[ERROR][2025-03-26 02:02:17] .../vim/lsp/rpc.lua:770	"rpc"	"/usr/bin/clangd-18"	"stderr"	"I[02:02:17.537] Failed to find compilation database for /home/sasha2k62024/GitHub/NeovimGUIManager/IDE/Neovim/main.cpp\n"
[ERROR][2025-03-26 02:02:17] .../vim/lsp/rpc.lua:770	"rpc"	"/usr/bin/clangd-18"	"stderr"	"I[02:02:17.539] ASTWorker building file /home/sasha2k62024/GitHub/NeovimGUIManager/IDE/Neovim/main.cpp version 109 with command clangd fallback\n[/home/sasha2k62024/GitHub/NeovimGUIManager/IDE/Neovim]\n/usr/bin/clang -IHeaderFiles/rlImGui -resource-dir=/usr/lib/llvm-18/lib/clang/18 -- /home/sasha2k62024/GitHub/NeovimGUIManager/IDE/Neovim/main.cpp\n"
[ERROR][2025-03-26 02:02:17] .../vim/lsp/rpc.lua:770	"rpc"	"/usr/bin/clangd-18"	"stderr"	"I[02:02:17.553] --> textDocument/publishDiagnostics\n"
[ERROR][2025-03-26 02:02:17] .../vim/lsp/rpc.lua:770	"rpc"	"/usr/bin/clangd-18"	"stderr"	"I[02:02:17.637] <-- textDocument/didChange\n"
[ERROR][2025-03-26 02:02:17] .../vim/lsp/rpc.lua:770	"rpc"	"/usr/bin/clangd-18"	"stderr"	"I[02:02:17.688] Failed to find compilation database for /home/sasha2k62024/GitHub/NeovimGUIManager/IDE/Neovim/main.cpp\n"
[ERROR][2025-03-26 02:02:17] .../vim/lsp/rpc.lua:770	"rpc"	"/usr/bin/clangd-18"	"stderr"	"I[02:02:17.689] ASTWorker building file /home/sasha2k62024/GitHub/NeovimGUIManager/IDE/Neovim/main.cpp version 110 with command clangd fallback\n[/home/sasha2k62024/GitHub/NeovimGUIManager/IDE/Neovim]\n/usr/bin/clang -IHeaderFiles/rlImGui -resource-dir=/usr/lib/llvm-18/lib/clang/18 -- /home/sasha2k62024/GitHub/NeovimGUIManager/IDE/Neovim/main.cpp\n"
[ERROR][2025-03-26 02:02:17] .../vim/lsp/rpc.lua:770	"rpc"	"/usr/bin/clangd-18"	"stderr"	"I[02:02:17.698] --> textDocument/publishDiagnostics\n"
[ERROR][2025-03-26 02:02:17] .../vim/lsp/rpc.lua:770	"rpc"	"/usr/bin/clangd-18"	"stderr"	"I[02:02:17.787] <-- textDocument/didChange\n"
[ERROR][2025-03-26 02:02:17] .../vim/lsp/rpc.lua:770	"rpc"	"/usr/bin/clangd-18"	"stderr"	"I[02:02:17.839] Failed to find compilation database for /home/sasha2k62024/GitHub/NeovimGUIManager/IDE/Neovim/main.cpp\n"
[ERROR][2025-03-26 02:02:17] .../vim/lsp/rpc.lua:770	"rpc"	"/usr/bin/clangd-18"	"stderr"	"I[02:02:17.840] ASTWorker building file /home/sasha2k62024/GitHub/NeovimGUIManager/IDE/Neovim/main.cpp version 111 with command clangd fallback\n[/home/sasha2k62024/GitHub/NeovimGUIManager/IDE/Neovim]\n/usr/bin/clang -IHeaderFiles/rlImGui -resource-dir=/usr/lib/llvm-18/lib/clang/18 -- /home/sasha2k62024/GitHub/NeovimGUIManager/IDE/Neovim/main.cpp\n"
[ERROR][2025-03-26 02:02:17] .../vim/lsp/rpc.lua:770	"rpc"	"/usr/bin/clangd-18"	"stderr"	"I[02:02:17.866] --> textDocument/publishDiagnostics\n"
[ERROR][2025-03-26 02:02:17] .../vim/lsp/rpc.lua:770	"rpc"	"/usr/bin/clangd-18"	"stderr"	"I[02:02:17.910] <-- textDocument/semanticTokens/full/delta(58)\n"
[ERROR][2025-03-26 02:02:17] .../vim/lsp/rpc.lua:770	"rpc"	"/usr/bin/clangd-18"	"stderr"	"I[02:02:17.910] --> reply:textDocument/semanticTokens/full/delta(58) 0 ms\n"
[ERROR][2025-03-26 02:02:17] .../vim/lsp/rpc.lua:770	"rpc"	"/usr/bin/clangd-18"	"stderr"	"I[02:02:17.981] <-- textDocument/didChange\n"
[ERROR][2025-03-26 02:02:18] .../vim/lsp/rpc.lua:770	"rpc"	"/usr/bin/clangd-18"	"stderr"	"I[02:02:18.032] Failed to find compilation database for /home/sasha2k62024/GitHub/NeovimGUIManager/IDE/Neovim/main.cpp\n"
[ERROR][2025-03-26 02:02:18] .../vim/lsp/rpc.lua:770	"rpc"	"/usr/bin/clangd-18"	"stderr"	"I[02:02:18.033] ASTWorker building file /home/sasha2k62024/GitHub/NeovimGUIManager/IDE/Neovim/main.cpp version 112 with command clangd fallback\n[/home/sasha2k62024/GitHub/NeovimGUIManager/IDE/Neovim]\n/usr/bin/clang -IHeaderFiles/rlImGui -resource-dir=/usr/lib/llvm-18/lib/clang/18 -- /home/sasha2k62024/GitHub/NeovimGUIManager/IDE/Neovim/main.cpp\n"
[ERROR][2025-03-26 02:02:18] .../vim/lsp/rpc.lua:770	"rpc"	"/usr/bin/clangd-18"	"stderr"	"I[02:02:18.061] --> textDocument/publishDiagnostics\n"
[ERROR][2025-03-26 02:02:18] .../vim/lsp/rpc.lua:770	"rpc"	"/usr/bin/clangd-18"	"stderr"	"I[02:02:18.179] <-- textDocument/semanticTokens/full/delta(59)\n"
[ERROR][2025-03-26 02:02:18] .../vim/lsp/rpc.lua:770	"rpc"	"/usr/bin/clangd-18"	"stderr"	"I[02:02:18.180] --> reply:textDocument/semanticTokens/full/delta(59) 0 ms\n"
[ERROR][2025-03-26 02:02:18] .../vim/lsp/rpc.lua:770	"rpc"	"/usr/bin/clangd-18"	"stderr"	"I[02:02:18.232] <-- textDocument/didChange\n"
[ERROR][2025-03-26 02:02:18] .../vim/lsp/rpc.lua:770	"rpc"	"/usr/bin/clangd-18"	"stderr"	"I[02:02:18.283] Failed to find compilation database for /home/sasha2k62024/GitHub/NeovimGUIManager/IDE/Neovim/main.cpp\n"
[ERROR][2025-03-26 02:02:18] .../vim/lsp/rpc.lua:770	"rpc"	"/usr/bin/clangd-18"	"stderr"	"I[02:02:18.284] ASTWorker building file /home/sasha2k62024/GitHub/NeovimGUIManager/IDE/Neovim/main.cpp version 113 with command clangd fallback\n[/home/sasha2k62024/GitHub/NeovimGUIManager/IDE/Neovim]\n/usr/bin/clang -IHeaderFiles/rlImGui -resource-dir=/usr/lib/llvm-18/lib/clang/18 -- /home/sasha2k62024/GitHub/NeovimGUIManager/IDE/Neovim/main.cpp\n"
[ERROR][2025-03-26 02:02:18] .../vim/lsp/rpc.lua:770	"rpc"	"/usr/bin/clangd-18"	"stderr"	"I[02:02:18.293] --> textDocument/publishDiagnostics\n"
[ERROR][2025-03-26 02:02:18] .../vim/lsp/rpc.lua:770	"rpc"	"/usr/bin/clangd-18"	"stderr"	"I[02:02:18.376] <-- textDocument/didChange\n"
[ERROR][2025-03-26 02:02:18] .../vim/lsp/rpc.lua:770	"rpc"	"/usr/bin/clangd-18"	"stderr"	"I[02:02:18.428] Failed to find compilation database for /home/sasha2k62024/GitHub/NeovimGUIManager/IDE/Neovim/main.cpp\n"
[ERROR][2025-03-26 02:02:18] .../vim/lsp/rpc.lua:770	"rpc"	"/usr/bin/clangd-18"	"stderr"	"I[02:02:18.428] ASTWorker building file /home/sasha2k62024/GitHub/NeovimGUIManager/IDE/Neovim/main.cpp version 114 with command clangd fallback\n[/home/sasha2k62024/GitHub/NeovimGUIManager/IDE/Neovim]\n/usr/bin/clang -IHeaderFiles/rlImGui -resource-dir=/usr/lib/llvm-18/lib/clang/18 -- /home/sasha2k62024/GitHub/NeovimGUIManager/IDE/Neovim/main.cpp\n"
[ERROR][2025-03-26 02:02:18] .../vim/lsp/rpc.lua:770	"rpc"	"/usr/bin/clangd-18"	"stderr"	"I[02:02:18.438] --> textDocument/publishDiagnostics\n"
[ERROR][2025-03-26 02:02:18] .../vim/lsp/rpc.lua:770	"rpc"	"/usr/bin/clangd-18"	"stderr"	"I[02:02:18.526] <-- textDocument/didChange\n"
[ERROR][2025-03-26 02:02:18] .../vim/lsp/rpc.lua:770	"rpc"	"/usr/bin/clangd-18"	"stderr"	"I[02:02:18.578] Failed to find compilation database for /home/sasha2k62024/GitHub/NeovimGUIManager/IDE/Neovim/main.cpp\n"
[ERROR][2025-03-26 02:02:18] .../vim/lsp/rpc.lua:770	"rpc"	"/usr/bin/clangd-18"	"stderr"	"I[02:02:18.578] ASTWorker building file /home/sasha2k62024/GitHub/NeovimGUIManager/IDE/Neovim/main.cpp version 116 with command clangd fallback\n[/home/sasha2k62024/GitHub/NeovimGUIManager/IDE/Neovim]\n/usr/bin/clang -IHeaderFiles/rlImGui -resource-dir=/usr/lib/llvm-18/lib/clang/18 -- /home/sasha2k62024/GitHub/NeovimGUIManager/IDE/Neovim/main.cpp\n"
[ERROR][2025-03-26 02:02:18] .../vim/lsp/rpc.lua:770	"rpc"	"/usr/bin/clangd-18"	"stderr"	"I[02:02:18.603] <-- textDocument/semanticTokens/full/delta(60)\n"
[ERROR][2025-03-26 02:02:18] .../vim/lsp/rpc.lua:770	"rpc"	"/usr/bin/clangd-18"	"stderr"	"I[02:02:18.603] --> textDocument/publishDiagnostics\n"
[ERROR][2025-03-26 02:02:18] .../vim/lsp/rpc.lua:770	"rpc"	"/usr/bin/clangd-18"	"stderr"	"I[02:02:18.604] --> reply:textDocument/semanticTokens/full/delta(60) 1 ms\n"
[ERROR][2025-03-26 02:02:19] .../vim/lsp/rpc.lua:770	"rpc"	"/usr/bin/clangd-18"	"stderr"	"I[02:02:19.848] <-- textDocument/didChange\n"
[ERROR][2025-03-26 02:02:19] .../vim/lsp/rpc.lua:770	"rpc"	"/usr/bin/clangd-18"	"stderr"	"I[02:02:19.899] Failed to find compilation database for /home/sasha2k62024/GitHub/NeovimGUIManager/IDE/Neovim/main.cpp\n"
[ERROR][2025-03-26 02:02:19] .../vim/lsp/rpc.lua:770	"rpc"	"/usr/bin/clangd-18"	"stderr"	"I[02:02:19.901] ASTWorker building file /home/sasha2k62024/GitHub/NeovimGUIManager/IDE/Neovim/main.cpp version 117 with command clangd fallback\n[/home/sasha2k62024/GitHub/NeovimGUIManager/IDE/Neovim]\n/usr/bin/clang -IHeaderFiles/rlImGui -resource-dir=/usr/lib/llvm-18/lib/clang/18 -- /home/sasha2k62024/GitHub/NeovimGUIManager/IDE/Neovim/main.cpp\n"
[ERROR][2025-03-26 02:02:19] .../vim/lsp/rpc.lua:770	"rpc"	"/usr/bin/clangd-18"	"stderr"	"I[02:02:19.928] --> textDocument/publishDiagnostics\n"
[ERROR][2025-03-26 02:02:20] .../vim/lsp/rpc.lua:770	"rpc"	"/usr/bin/clangd-18"	"stderr"	"I[02:02:20.049] <-- textDocument/semanticTokens/full/delta(61)\n"
[ERROR][2025-03-26 02:02:20] .../vim/lsp/rpc.lua:770	"rpc"	"/usr/bin/clangd-18"	"stderr"	"I[02:02:20.050] --> reply:textDocument/semanticTokens/full/delta(61) 1 ms\n"
[ERROR][2025-03-26 02:02:20] .../vim/lsp/rpc.lua:770	"rpc"	"/usr/bin/clangd-18"	"stderr"	"I[02:02:20.694] <-- textDocument/didChange\n"
[ERROR][2025-03-26 02:02:20] .../vim/lsp/rpc.lua:770	"rpc"	"/usr/bin/clangd-18"	"stderr"	"I[02:02:20.746] Failed to find compilation database for /home/sasha2k62024/GitHub/NeovimGUIManager/IDE/Neovim/main.cpp\n"
[ERROR][2025-03-26 02:02:20] .../vim/lsp/rpc.lua:770	"rpc"	"/usr/bin/clangd-18"	"stderr"	"I[02:02:20.747] ASTWorker building file /home/sasha2k62024/GitHub/NeovimGUIManager/IDE/Neovim/main.cpp version 118 with command clangd fallback\n[/home/sasha2k62024/GitHub/NeovimGUIManager/IDE/Neovim]\n/usr/bin/clang -IHeaderFiles/rlImGui -resource-dir=/usr/lib/llvm-18/lib/clang/18 -- /home/sasha2k62024/GitHub/NeovimGUIManager/IDE/Neovim/main.cpp\n"
[ERROR][2025-03-26 02:02:20] .../vim/lsp/rpc.lua:770	"rpc"	"/usr/bin/clangd-18"	"stderr"	"I[02:02:20.774] --> textDocument/publishDiagnostics\n"
[ERROR][2025-03-26 02:02:20] .../vim/lsp/rpc.lua:770	"rpc"	"/usr/bin/clangd-18"	"stderr"	"I[02:02:20.892] <-- textDocument/semanticTokens/full/delta(62)\n"
[ERROR][2025-03-26 02:02:20] .../vim/lsp/rpc.lua:770	"rpc"	"/usr/bin/clangd-18"	"stderr"	"I[02:02:20.893] --> reply:textDocument/semanticTokens/full/delta(62) 0 ms\n"
[ERROR][2025-03-26 02:02:21] .../vim/lsp/rpc.lua:770	"rpc"	"/usr/bin/clangd-18"	"stderr"	"I[02:02:21.070] <-- textDocument/didChange\n"
[ERROR][2025-03-26 02:02:21] .../vim/lsp/rpc.lua:770	"rpc"	"/usr/bin/clangd-18"	"stderr"	"I[02:02:21.075] <-- textDocument/completion(63)\n"
[ERROR][2025-03-26 02:02:21] .../vim/lsp/rpc.lua:770	"rpc"	"/usr/bin/clangd-18"	"stderr"	"I[02:02:21.118] Code complete: sema context Statement, query scopes [,std::] (AnyScope=true), expected type <none>\n"
[ERROR][2025-03-26 02:02:21] .../vim/lsp/rpc.lua:770	"rpc"	"/usr/bin/clangd-18"	"stderr"	"I[02:02:21.119] Code complete: 2 results from Sema, 87 from Index, 0 matched, 0 from identifiers, 89 returned (incomplete).\n"
[ERROR][2025-03-26 02:02:21] .../vim/lsp/rpc.lua:770	"rpc"	"/usr/bin/clangd-18"	"stderr"	"I[02:02:21.120] Failed to find compilation database for /home/sasha2k62024/GitHub/NeovimGUIManager/IDE/Neovim/main.cpp\n"
[ERROR][2025-03-26 02:02:21] .../vim/lsp/rpc.lua:770	"rpc"	"/usr/bin/clangd-18"	"stderr"	"I[02:02:21.121] ASTWorker building file /home/sasha2k62024/GitHub/NeovimGUIManager/IDE/Neovim/main.cpp version 119 with command clangd fallback\n[/home/sasha2k62024/GitHub/NeovimGUIManager/IDE/Neovim]\n/usr/bin/clang -IHeaderFiles/rlImGui -resource-dir=/usr/lib/llvm-18/lib/clang/18 -- /home/sasha2k62024/GitHub/NeovimGUIManager/IDE/Neovim/main.cpp\n"
[ERROR][2025-03-26 02:02:21] .../vim/lsp/rpc.lua:770	"rpc"	"/usr/bin/clangd-18"	"stderr"	"I[02:02:21.126] --> reply:textDocument/completion(63) 51 ms\n"
[ERROR][2025-03-26 02:02:21] .../vim/lsp/rpc.lua:770	"rpc"	"/usr/bin/clangd-18"	"stderr"	"I[02:02:21.134] --> textDocument/publishDiagnostics\nI[02:02:21.145] <-- textDocument/didChange\n"
[ERROR][2025-03-26 02:02:21] .../vim/lsp/rpc.lua:770	"rpc"	"/usr/bin/clangd-18"	"stderr"	"I[02:02:21.146] <-- textDocument/completion(64)\n"
[ERROR][2025-03-26 02:02:21] .../vim/lsp/rpc.lua:770	"rpc"	"/usr/bin/clangd-18"	"stderr"	"I[02:02:21.159] Code complete: sema context Statement, query scopes [,std::] (AnyScope=true), expected type <none>\nI[02:02:21.159] Code complete: 2 results from Sema, 78 from Index, 0 matched, 0 from identifiers, 80 returned (incomplete).\n"
[ERROR][2025-03-26 02:02:21] .../vim/lsp/rpc.lua:770	"rpc"	"/usr/bin/clangd-18"	"stderr"	"I[02:02:21.165] --> reply:textDocument/completion(64) 19 ms\n"
[ERROR][2025-03-26 02:02:21] .../vim/lsp/rpc.lua:770	"rpc"	"/usr/bin/clangd-18"	"stderr"	"I[02:02:21.197] Failed to find compilation database for /home/sasha2k62024/GitHub/NeovimGUIManager/IDE/Neovim/main.cpp\n"
[ERROR][2025-03-26 02:02:21] .../vim/lsp/rpc.lua:770	"rpc"	"/usr/bin/clangd-18"	"stderr"	"I[02:02:21.197] ASTWorker building file /home/sasha2k62024/GitHub/NeovimGUIManager/IDE/Neovim/main.cpp version 120 with command clangd fallback\n[/home/sasha2k62024/GitHub/NeovimGUIManager/IDE/Neovim]\n/usr/bin/clang -IHeaderFiles/rlImGui -resource-dir=/usr/lib/llvm-18/lib/clang/18 -- /home/sasha2k62024/GitHub/NeovimGUIManager/IDE/Neovim/main.cpp\n"
[ERROR][2025-03-26 02:02:21] .../vim/lsp/rpc.lua:770	"rpc"	"/usr/bin/clangd-18"	"stderr"	"I[02:02:21.208] --> textDocument/publishDiagnostics\n"
[ERROR][2025-03-26 02:02:21] .../vim/lsp/rpc.lua:770	"rpc"	"/usr/bin/clangd-18"	"stderr"	"I[02:02:21.247] <-- textDocument/didChange\nI[02:02:21.248] <-- textDocument/completion(65)\n"
[ERROR][2025-03-26 02:02:21] .../vim/lsp/rpc.lua:770	"rpc"	"/usr/bin/clangd-18"	"stderr"	"I[02:02:21.261] Code complete: sema context Statement, query scopes [,std::] (AnyScope=true), expected type <none>\n"
[ERROR][2025-03-26 02:02:21] .../vim/lsp/rpc.lua:770	"rpc"	"/usr/bin/clangd-18"	"stderr"	"I[02:02:21.262] Code complete: 1 results from Sema, 17 from Index, 0 matched, 0 from identifiers, 18 returned.\n"
[ERROR][2025-03-26 02:02:21] .../vim/lsp/rpc.lua:770	"rpc"	"/usr/bin/clangd-18"	"stderr"	"I[02:02:21.264] --> reply:textDocument/completion(65) 15 ms\n"
[ERROR][2025-03-26 02:02:21] .../vim/lsp/rpc.lua:770	"rpc"	"/usr/bin/clangd-18"	"stderr"	"I[02:02:21.298] Failed to find compilation database for /home/sasha2k62024/GitHub/NeovimGUIManager/IDE/Neovim/main.cpp\n"
[ERROR][2025-03-26 02:02:21] .../vim/lsp/rpc.lua:770	"rpc"	"/usr/bin/clangd-18"	"stderr"	"I[02:02:21.299] ASTWorker building file /home/sasha2k62024/GitHub/NeovimGUIManager/IDE/Neovim/main.cpp version 121 with command clangd fallback\n[/home/sasha2k62024/GitHub/NeovimGUIManager/IDE/Neovim]\n/usr/bin/clang -IHeaderFiles/rlImGui -resource-dir=/usr/lib/llvm-18/lib/clang/18 -- /home/sasha2k62024/GitHub/NeovimGUIManager/IDE/Neovim/main.cpp\n"
[ERROR][2025-03-26 02:02:21] .../vim/lsp/rpc.lua:770	"rpc"	"/usr/bin/clangd-18"	"stderr"	"I[02:02:21.320] --> textDocument/publishDiagnostics\n"
[ERROR][2025-03-26 02:02:21] .../vim/lsp/rpc.lua:770	"rpc"	"/usr/bin/clangd-18"	"stderr"	"I[02:02:21.398] <-- textDocument/didChange\n"
[ERROR][2025-03-26 02:02:21] .../vim/lsp/rpc.lua:770	"rpc"	"/usr/bin/clangd-18"	"stderr"	"I[02:02:21.449] Failed to find compilation database for /home/sasha2k62024/GitHub/NeovimGUIManager/IDE/Neovim/main.cpp\n"
[ERROR][2025-03-26 02:02:21] .../vim/lsp/rpc.lua:770	"rpc"	"/usr/bin/clangd-18"	"stderr"	"I[02:02:21.451] ASTWorker building file /home/sasha2k62024/GitHub/NeovimGUIManager/IDE/Neovim/main.cpp version 122 with command clangd fallback\n[/home/sasha2k62024/GitHub/NeovimGUIManager/IDE/Neovim]\n/usr/bin/clang -IHeaderFiles/rlImGui -resource-dir=/usr/lib/llvm-18/lib/clang/18 -- /home/sasha2k62024/GitHub/NeovimGUIManager/IDE/Neovim/main.cpp\n"
[ERROR][2025-03-26 02:02:21] .../vim/lsp/rpc.lua:770	"rpc"	"/usr/bin/clangd-18"	"stderr"	"I[02:02:21.482] --> textDocument/publishDiagnostics\n"
[ERROR][2025-03-26 02:02:21] .../vim/lsp/rpc.lua:770	"rpc"	"/usr/bin/clangd-18"	"stderr"	"I[02:02:21.549] <-- textDocument/didChange\n"
[ERROR][2025-03-26 02:02:21] .../vim/lsp/rpc.lua:770	"rpc"	"/usr/bin/clangd-18"	"stderr"	"I[02:02:21.600] Failed to find compilation database for /home/sasha2k62024/GitHub/NeovimGUIManager/IDE/Neovim/main.cpp\n"
[ERROR][2025-03-26 02:02:21] .../vim/lsp/rpc.lua:770	"rpc"	"/usr/bin/clangd-18"	"stderr"	"I[02:02:21.601] ASTWorker building file /home/sasha2k62024/GitHub/NeovimGUIManager/IDE/Neovim/main.cpp version 124 with command clangd fallback\n[/home/sasha2k62024/GitHub/NeovimGUIManager/IDE/Neovim]\n/usr/bin/clang -IHeaderFiles/rlImGui -resource-dir=/usr/lib/llvm-18/lib/clang/18 -- /home/sasha2k62024/GitHub/NeovimGUIManager/IDE/Neovim/main.cpp\n"
[ERROR][2025-03-26 02:02:21] .../vim/lsp/rpc.lua:770	"rpc"	"/usr/bin/clangd-18"	"stderr"	"I[02:02:21.628] --> textDocument/publishDiagnostics\n"
[ERROR][2025-03-26 02:02:21] .../vim/lsp/rpc.lua:770	"rpc"	"/usr/bin/clangd-18"	"stderr"	"I[02:02:21.700] <-- textDocument/didChange\n"
[ERROR][2025-03-26 02:02:21] .../vim/lsp/rpc.lua:770	"rpc"	"/usr/bin/clangd-18"	"stderr"	"I[02:02:21.751] Failed to find compilation database for /home/sasha2k62024/GitHub/NeovimGUIManager/IDE/Neovim/main.cpp\n"
[ERROR][2025-03-26 02:02:21] .../vim/lsp/rpc.lua:770	"rpc"	"/usr/bin/clangd-18"	"stderr"	"I[02:02:21.752] ASTWorker building file /home/sasha2k62024/GitHub/NeovimGUIManager/IDE/Neovim/main.cpp version 125 with command clangd fallback\n[/home/sasha2k62024/GitHub/NeovimGUIManager/IDE/Neovim]\n/usr/bin/clang -IHeaderFiles/rlImGui -resource-dir=/usr/lib/llvm-18/lib/clang/18 -- /home/sasha2k62024/GitHub/NeovimGUIManager/IDE/Neovim/main.cpp\n"
[ERROR][2025-03-26 02:02:21] .../vim/lsp/rpc.lua:770	"rpc"	"/usr/bin/clangd-18"	"stderr"	"I[02:02:21.779] --> textDocument/publishDiagnostics\n"
[ERROR][2025-03-26 02:02:21] .../vim/lsp/rpc.lua:770	"rpc"	"/usr/bin/clangd-18"	"stderr"	"I[02:02:21.788] <-- textDocument/semanticTokens/full/delta(66)\n"
[ERROR][2025-03-26 02:02:21] .../vim/lsp/rpc.lua:770	"rpc"	"/usr/bin/clangd-18"	"stderr"	"I[02:02:21.788] --> reply:textDocument/semanticTokens/full/delta(66) 0 ms\n"
[ERROR][2025-03-26 02:02:21] .../vim/lsp/rpc.lua:770	"rpc"	"/usr/bin/clangd-18"	"stderr"	"I[02:02:21.834] <-- textDocument/didChange\nI[02:02:21.835] <-- textDocument/completion(67)\n"
[ERROR][2025-03-26 02:02:21] .../vim/lsp/rpc.lua:770	"rpc"	"/usr/bin/clangd-18"	"stderr"	"I[02:02:21.878] Code complete: sema context Expression, query scopes [,std::] (AnyScope=true), expected type int\n"
[ERROR][2025-03-26 02:02:21] .../vim/lsp/rpc.lua:770	"rpc"	"/usr/bin/clangd-18"	"stderr"	"I[02:02:21.883] Code complete: 1 results from Sema, 90 from Index, 0 matched, 0 from identifiers, 91 returned (incomplete).\n"
[ERROR][2025-03-26 02:02:21] .../vim/lsp/rpc.lua:770	"rpc"	"/usr/bin/clangd-18"	"stderr"	"I[02:02:21.885] Failed to find compilation database for /home/sasha2k62024/GitHub/NeovimGUIManager/IDE/Neovim/main.cpp\n"
[ERROR][2025-03-26 02:02:21] .../vim/lsp/rpc.lua:770	"rpc"	"/usr/bin/clangd-18"	"stderr"	"I[02:02:21.887] ASTWorker building file /home/sasha2k62024/GitHub/NeovimGUIManager/IDE/Neovim/main.cpp version 126 with command clangd fallback\n[/home/sasha2k62024/GitHub/NeovimGUIManager/IDE/Neovim]\n/usr/bin/clang -IHeaderFiles/rlImGui -resource-dir=/usr/lib/llvm-18/lib/clang/18 -- /home/sasha2k62024/GitHub/NeovimGUIManager/IDE/Neovim/main.cpp\n"
[ERROR][2025-03-26 02:02:21] .../vim/lsp/rpc.lua:770	"rpc"	"/usr/bin/clangd-18"	"stderr"	"I[02:02:21.896] --> reply:textDocument/completion(67) 60 ms\n"
[ERROR][2025-03-26 02:02:21] .../vim/lsp/rpc.lua:770	"rpc"	"/usr/bin/clangd-18"	"stderr"	"I[02:02:21.918] --> textDocument/publishDiagnostics\n"
[ERROR][2025-03-26 02:02:21] .../vim/lsp/rpc.lua:770	"rpc"	"/usr/bin/clangd-18"	"stderr"	"I[02:02:21.989] <-- textDocument/didChange\nI[02:02:21.989] <-- textDocument/completion(68)\n"
[ERROR][2025-03-26 02:02:22] .../vim/lsp/rpc.lua:770	"rpc"	"/usr/bin/clangd-18"	"stderr"	"I[02:02:22.003] Code complete: sema context Expression, query scopes [,std::] (AnyScope=true), expected type int\n"
[ERROR][2025-03-26 02:02:22] .../vim/lsp/rpc.lua:770	"rpc"	"/usr/bin/clangd-18"	"stderr"	"I[02:02:22.004] Code complete: 0 results from Sema, 75 from Index, 0 matched, 0 from identifiers, 75 returned (incomplete).\n"
[ERROR][2025-03-26 02:02:22] .../vim/lsp/rpc.lua:770	"rpc"	"/usr/bin/clangd-18"	"stderr"	"I[02:02:22.009] --> reply:textDocument/completion(68) 20 ms\n"
[ERROR][2025-03-26 02:02:22] .../vim/lsp/rpc.lua:770	"rpc"	"/usr/bin/clangd-18"	"stderr"	"I[02:02:22.039] Failed to find compilation database for /home/sasha2k62024/GitHub/NeovimGUIManager/IDE/Neovim/main.cpp\n"
[ERROR][2025-03-26 02:02:22] .../vim/lsp/rpc.lua:770	"rpc"	"/usr/bin/clangd-18"	"stderr"	"I[02:02:22.040] ASTWorker building file /home/sasha2k62024/GitHub/NeovimGUIManager/IDE/Neovim/main.cpp version 127 with command clangd fallback\n[/home/sasha2k62024/GitHub/NeovimGUIManager/IDE/Neovim]\n/usr/bin/clang -IHeaderFiles/rlImGui -resource-dir=/usr/lib/llvm-18/lib/clang/18 -- /home/sasha2k62024/GitHub/NeovimGUIManager/IDE/Neovim/main.cpp\n"
[ERROR][2025-03-26 02:02:22] .../vim/lsp/rpc.lua:770	"rpc"	"/usr/bin/clangd-18"	"stderr"	"I[02:02:22.051] --> textDocument/publishDiagnostics\n"
[ERROR][2025-03-26 02:02:22] .../vim/lsp/rpc.lua:770	"rpc"	"/usr/bin/clangd-18"	"stderr"	"I[02:02:22.136] <-- textDocument/didChange\nI[02:02:22.137] <-- textDocument/completion(69)\n"
[ERROR][2025-03-26 02:02:22] .../vim/lsp/rpc.lua:770	"rpc"	"/usr/bin/clangd-18"	"stderr"	"I[02:02:22.152] Code complete: sema context Expression, query scopes [,std::] (AnyScope=true), expected type int\n"
[ERROR][2025-03-26 02:02:22] .../vim/lsp/rpc.lua:770	"rpc"	"/usr/bin/clangd-18"	"stderr"	"I[02:02:22.153] Code complete: 0 results from Sema, 24 from Index, 0 matched, 0 from identifiers, 24 returned.\n"
[ERROR][2025-03-26 02:02:22] .../vim/lsp/rpc.lua:770	"rpc"	"/usr/bin/clangd-18"	"stderr"	"I[02:02:22.154] --> reply:textDocument/completion(69) 17 ms\n"
[ERROR][2025-03-26 02:02:22] .../vim/lsp/rpc.lua:770	"rpc"	"/usr/bin/clangd-18"	"stderr"	"I[02:02:22.187] Failed to find compilation database for /home/sasha2k62024/GitHub/NeovimGUIManager/IDE/Neovim/main.cpp\n"
[ERROR][2025-03-26 02:02:22] .../vim/lsp/rpc.lua:770	"rpc"	"/usr/bin/clangd-18"	"stderr"	"I[02:02:22.188] ASTWorker building file /home/sasha2k62024/GitHub/NeovimGUIManager/IDE/Neovim/main.cpp version 128 with command clangd fallback\n[/home/sasha2k62024/GitHub/NeovimGUIManager/IDE/Neovim]\n/usr/bin/clang -IHeaderFiles/rlImGui -resource-dir=/usr/lib/llvm-18/lib/clang/18 -- /home/sasha2k62024/GitHub/NeovimGUIManager/IDE/Neovim/main.cpp\n"
[ERROR][2025-03-26 02:02:22] .../vim/lsp/rpc.lua:770	"rpc"	"/usr/bin/clangd-18"	"stderr"	"I[02:02:22.198] --> textDocument/publishDiagnostics\n"
[ERROR][2025-03-26 02:02:22] .../vim/lsp/rpc.lua:770	"rpc"	"/usr/bin/clangd-18"	"stderr"	"I[02:02:22.285] <-- textDocument/didChange\n"
[ERROR][2025-03-26 02:02:22] .../vim/lsp/rpc.lua:770	"rpc"	"/usr/bin/clangd-18"	"stderr"	"I[02:02:22.337] Failed to find compilation database for /home/sasha2k62024/GitHub/NeovimGUIManager/IDE/Neovim/main.cpp\n"
[ERROR][2025-03-26 02:02:22] .../vim/lsp/rpc.lua:770	"rpc"	"/usr/bin/clangd-18"	"stderr"	"I[02:02:22.337] ASTWorker building file /home/sasha2k62024/GitHub/NeovimGUIManager/IDE/Neovim/main.cpp version 129 with command clangd fallback\n[/home/sasha2k62024/GitHub/NeovimGUIManager/IDE/Neovim]\n/usr/bin/clang -IHeaderFiles/rlImGui -resource-dir=/usr/lib/llvm-18/lib/clang/18 -- /home/sasha2k62024/GitHub/NeovimGUIManager/IDE/Neovim/main.cpp\n"
[ERROR][2025-03-26 02:02:22] .../vim/lsp/rpc.lua:770	"rpc"	"/usr/bin/clangd-18"	"stderr"	"I[02:02:22.348] --> textDocument/publishDiagnostics\n"
[ERROR][2025-03-26 02:02:22] .../vim/lsp/rpc.lua:770	"rpc"	"/usr/bin/clangd-18"	"stderr"	"I[02:02:22.437] <-- textDocument/didChange\n"
[ERROR][2025-03-26 02:02:22] .../vim/lsp/rpc.lua:770	"rpc"	"/usr/bin/clangd-18"	"stderr"	"I[02:02:22.488] Failed to find compilation database for /home/sasha2k62024/GitHub/NeovimGUIManager/IDE/Neovim/main.cpp\nI[02:02:22.489] ASTWorker building file /home/sasha2k62024/GitHub/NeovimGUIManager/IDE/Neovim/main.cpp version 130 with command clangd fallback\n[/home/sasha2k62024/GitHub/NeovimGUIManager/IDE/Neovim]\n/usr/bin/clang -IHeaderFiles/rlImGui -resource-dir=/usr/lib/llvm-18/lib/clang/18 -- /home/sasha2k62024/GitHub/NeovimGUIManager/IDE/Neovim/main.cpp\n"
[ERROR][2025-03-26 02:02:22] .../vim/lsp/rpc.lua:770	"rpc"	"/usr/bin/clangd-18"	"stderr"	"I[02:02:22.519] --> textDocument/publishDiagnostics\n"
[ERROR][2025-03-26 02:02:22] .../vim/lsp/rpc.lua:770	"rpc"	"/usr/bin/clangd-18"	"stderr"	"I[02:02:22.588] <-- textDocument/didChange\n"
[ERROR][2025-03-26 02:02:22] .../vim/lsp/rpc.lua:770	"rpc"	"/usr/bin/clangd-18"	"stderr"	"I[02:02:22.639] Failed to find compilation database for /home/sasha2k62024/GitHub/NeovimGUIManager/IDE/Neovim/main.cpp\n"
[ERROR][2025-03-26 02:02:22] .../vim/lsp/rpc.lua:770	"rpc"	"/usr/bin/clangd-18"	"stderr"	"I[02:02:22.640] ASTWorker building file /home/sasha2k62024/GitHub/NeovimGUIManager/IDE/Neovim/main.cpp version 131 with command clangd fallback\n[/home/sasha2k62024/GitHub/NeovimGUIManager/IDE/Neovim]\n/usr/bin/clang -IHeaderFiles/rlImGui -resource-dir=/usr/lib/llvm-18/lib/clang/18 -- /home/sasha2k62024/GitHub/NeovimGUIManager/IDE/Neovim/main.cpp\n"
[ERROR][2025-03-26 02:02:22] .../vim/lsp/rpc.lua:770	"rpc"	"/usr/bin/clangd-18"	"stderr"	"I[02:02:22.671] --> textDocument/publishDiagnostics\n"
[ERROR][2025-03-26 02:02:22] .../vim/lsp/rpc.lua:770	"rpc"	"/usr/bin/clangd-18"	"stderr"	"I[02:02:22.680] <-- textDocument/semanticTokens/full/delta(70)\n"
[ERROR][2025-03-26 02:02:22] .../vim/lsp/rpc.lua:770	"rpc"	"/usr/bin/clangd-18"	"stderr"	"I[02:02:22.681] --> reply:textDocument/semanticTokens/full/delta(70) 0 ms\n"
[ERROR][2025-03-26 02:02:22] .../vim/lsp/rpc.lua:770	"rpc"	"/usr/bin/clangd-18"	"stderr"	"I[02:02:22.776] <-- textDocument/didChange\n"
[ERROR][2025-03-26 02:02:22] .../vim/lsp/rpc.lua:770	"rpc"	"/usr/bin/clangd-18"	"stderr"	"I[02:02:22.828] Failed to find compilation database for /home/sasha2k62024/GitHub/NeovimGUIManager/IDE/Neovim/main.cpp\n"
[ERROR][2025-03-26 02:02:22] .../vim/lsp/rpc.lua:770	"rpc"	"/usr/bin/clangd-18"	"stderr"	"I[02:02:22.829] ASTWorker building file /home/sasha2k62024/GitHub/NeovimGUIManager/IDE/Neovim/main.cpp version 132 with command clangd fallback\n[/home/sasha2k62024/GitHub/NeovimGUIManager/IDE/Neovim]\n/usr/bin/clang -IHeaderFiles/rlImGui -resource-dir=/usr/lib/llvm-18/lib/clang/18 -- /home/sasha2k62024/GitHub/NeovimGUIManager/IDE/Neovim/main.cpp\n"
[ERROR][2025-03-26 02:02:22] .../vim/lsp/rpc.lua:770	"rpc"	"/usr/bin/clangd-18"	"stderr"	"I[02:02:22.857] --> textDocument/publishDiagnostics\n"
[ERROR][2025-03-26 02:02:22] .../vim/lsp/rpc.lua:770	"rpc"	"/usr/bin/clangd-18"	"stderr"	"I[02:02:22.935] <-- textDocument/didChange\n"
[ERROR][2025-03-26 02:02:22] .../vim/lsp/rpc.lua:770	"rpc"	"/usr/bin/clangd-18"	"stderr"	"I[02:02:22.985] Failed to find compilation database for /home/sasha2k62024/GitHub/NeovimGUIManager/IDE/Neovim/main.cpp\n"
[ERROR][2025-03-26 02:02:22] .../vim/lsp/rpc.lua:770	"rpc"	"/usr/bin/clangd-18"	"stderr"	"I[02:02:22.986] ASTWorker building file /home/sasha2k62024/GitHub/NeovimGUIManager/IDE/Neovim/main.cpp version 152 with command clangd fallback\n[/home/sasha2k62024/GitHub/NeovimGUIManager/IDE/Neovim]\n/usr/bin/clang -IHeaderFiles/rlImGui -resource-dir=/usr/lib/llvm-18/lib/clang/18 -- /home/sasha2k62024/GitHub/NeovimGUIManager/IDE/Neovim/main.cpp\n"
[ERROR][2025-03-26 02:02:22] .../vim/lsp/rpc.lua:770	"rpc"	"/usr/bin/clangd-18"	"stderr"	"I[02:02:22.988] <-- textDocument/semanticTokens/full/delta(71)\n"
[ERROR][2025-03-26 02:02:23] .../vim/lsp/rpc.lua:770	"rpc"	"/usr/bin/clangd-18"	"stderr"	"I[02:02:23.001] --> textDocument/publishDiagnostics\n"
[ERROR][2025-03-26 02:02:23] .../vim/lsp/rpc.lua:770	"rpc"	"/usr/bin/clangd-18"	"stderr"	"I[02:02:23.001] --> reply:textDocument/semanticTokens/full/delta(71) 12 ms\n"
[ERROR][2025-03-26 02:02:23] .../vim/lsp/rpc.lua:770	"rpc"	"/usr/bin/clangd-18"	"stderr"	"I[02:02:23.076] <-- textDocument/didChange\n"
[ERROR][2025-03-26 02:02:23] .../vim/lsp/rpc.lua:770	"rpc"	"/usr/bin/clangd-18"	"stderr"	"I[02:02:23.126] Failed to find compilation database for /home/sasha2k62024/GitHub/NeovimGUIManager/IDE/Neovim/main.cpp\n"
[ERROR][2025-03-26 02:02:23] .../vim/lsp/rpc.lua:770	"rpc"	"/usr/bin/clangd-18"	"stderr"	"I[02:02:23.127] ASTWorker building file /home/sasha2k62024/GitHub/NeovimGUIManager/IDE/Neovim/main.cpp version 153 with command clangd fallback\n[/home/sasha2k62024/GitHub/NeovimGUIManager/IDE/Neovim]\n/usr/bin/clang -IHeaderFiles/rlImGui -resource-dir=/usr/lib/llvm-18/lib/clang/18 -- /home/sasha2k62024/GitHub/NeovimGUIManager/IDE/Neovim/main.cpp\n"
[ERROR][2025-03-26 02:02:23] .../vim/lsp/rpc.lua:770	"rpc"	"/usr/bin/clangd-18"	"stderr"	"I[02:02:23.138] --> textDocument/publishDiagnostics\n"
[ERROR][2025-03-26 02:02:23] .../vim/lsp/rpc.lua:770	"rpc"	"/usr/bin/clangd-18"	"stderr"	"I[02:02:23.264] <-- textDocument/semanticTokens/full/delta(72)\n"
[ERROR][2025-03-26 02:02:23] .../vim/lsp/rpc.lua:770	"rpc"	"/usr/bin/clangd-18"	"stderr"	"I[02:02:23.264] --> reply:textDocument/semanticTokens/full/delta(72) 0 ms\n"
[ERROR][2025-03-26 02:02:23] .../vim/lsp/rpc.lua:770	"rpc"	"/usr/bin/clangd-18"	"stderr"	"I[02:02:23.616] Built preamble of size 3075192 for file /home/sasha2k62024/GitHub/NeovimGUIManager/IDE/Neovim/main.cpp version 152 in 0.62 seconds\n"
[ERROR][2025-03-26 02:02:23] .../vim/lsp/rpc.lua:770	"rpc"	"/usr/bin/clangd-18"	"stderr"	"I[02:02:23.616] --> workspace/semanticTokens/refresh(11)\n"
[ERROR][2025-03-26 02:02:23] .../vim/lsp/rpc.lua:770	"rpc"	"/usr/bin/clangd-18"	"stderr"	"I[02:02:23.618] <-- textDocument/semanticTokens/full/delta(73)\nI[02:02:23.618] <-- reply(11)\n"
[ERROR][2025-03-26 02:02:23] .../vim/lsp/rpc.lua:770	"rpc"	"/usr/bin/clangd-18"	"stderr"	"I[02:02:23.628] --> textDocument/publishDiagnostics\n"
[ERROR][2025-03-26 02:02:23] .../vim/lsp/rpc.lua:770	"rpc"	"/usr/bin/clangd-18"	"stderr"	"I[02:02:23.628] --> reply:textDocument/semanticTokens/full/delta(73) 10 ms\n"
[ERROR][2025-03-26 02:02:24] .../vim/lsp/rpc.lua:770	"rpc"	"/usr/bin/clangd-18"	"stderr"	"I[02:02:24.775] <-- textDocument/didSave\nI[02:02:24.775] File version went from 153 to 153\n"
[ERROR][2025-03-26 02:02:24] .../vim/lsp/rpc.lua:770	"rpc"	"/usr/bin/clangd-18"	"stderr"	"I[02:02:24.825] Failed to find compilation database for /home/sasha2k62024/GitHub/NeovimGUIManager/IDE/Neovim/main.cpp\n"
[ERROR][2025-03-26 02:02:24] .../vim/lsp/rpc.lua:770	"rpc"	"/usr/bin/clangd-18"	"stderr"	"I[02:02:24.826] ASTWorker building file /home/sasha2k62024/GitHub/NeovimGUIManager/IDE/Neovim/main.cpp version 153 with command clangd fallback\n[/home/sasha2k62024/GitHub/NeovimGUIManager/IDE/Neovim]\n/usr/bin/clang -IHeaderFiles/rlImGui -resource-dir=/usr/lib/llvm-18/lib/clang/18 -- /home/sasha2k62024/GitHub/NeovimGUIManager/IDE/Neovim/main.cpp\n"
[ERROR][2025-03-26 02:02:35] .../vim/lsp/rpc.lua:770	"rpc"	"/usr/bin/clangd-18"	"stderr"	"I[02:02:35.268] <-- shutdown(74)\nI[02:02:35.268] --> reply:shutdown(74) 0 ms\n"
[START][2025-03-26 02:03:44] LSP logging initiated
[ERROR][2025-03-26 02:03:44] .../vim/lsp/rpc.lua:770	"rpc"	"/usr/bin/clangd-18"	"stderr"	"I[02:03:44.895] Debian clangd version 18.1.8 (++20240731024826+3b5b5c1ec4a3-1~exp1~20240731144843.145)\nI[02:03:44.895] Features: linux+grpc\nI[02:03:44.895] PID: 4926\n"
[ERROR][2025-03-26 02:03:44] .../vim/lsp/rpc.lua:770	"rpc"	"/usr/bin/clangd-18"	"stderr"	"I[02:03:44.895] Working directory: /home/sasha2k62024/GitHub/NeovimGUIManager\nI[02:03:44.895] argv[0]: /usr/bin/clangd-18\nI[02:03:44.895] Starting LSP over stdin/stdout\n"
[ERROR][2025-03-26 02:03:44] .../vim/lsp/rpc.lua:770	"rpc"	"/usr/bin/clangd-18"	"stderr"	"I[02:03:44.896] <-- initialize(1)\n"
[ERROR][2025-03-26 02:03:44] .../vim/lsp/rpc.lua:770	"rpc"	"/usr/bin/clangd-18"	"stderr"	"I[02:03:44.898] --> reply:initialize(1) 2 ms\n"
[ERROR][2025-03-26 02:03:44] .../vim/lsp/rpc.lua:770	"rpc"	"/usr/bin/clangd-18"	"stderr"	"I[02:03:44.899] <-- initialized\nI[02:03:44.900] <-- textDocument/didOpen\nI[02:03:44.901] --> textDocument/publishDiagnostics\nI[02:03:44.902] Failed to find compilation database for /home/sasha2k62024/GitHub/NeovimGUIManager/IDE/Neovim/main.cpp\nI[02:03:44.902] ASTWorker building file /home/sasha2k62024/GitHub/NeovimGUIManager/IDE/Neovim/main.cpp version 0 with command clangd fallback\n[/home/sasha2k62024/GitHub/NeovimGUIManager/IDE/Neovim]\n/usr/bin/clang -IHeaderFiles/rlImGui -resource-dir=/usr/lib/llvm-18/lib/clang/18 -- /home/sasha2k62024/GitHub/NeovimGUIManager/IDE/Neovim/main.cpp\n"
[ERROR][2025-03-26 02:03:44] .../vim/lsp/rpc.lua:770	"rpc"	"/usr/bin/clangd-18"	"stderr"	"I[02:03:44.919] <-- textDocument/semanticTokens/full(2)\n"
[ERROR][2025-03-26 02:03:45] .../vim/lsp/rpc.lua:770	"rpc"	"/usr/bin/clangd-18"	"stderr"	"I[02:03:45.578] Built preamble of size 3075192 for file /home/sasha2k62024/GitHub/NeovimGUIManager/IDE/Neovim/main.cpp version 0 in 0.67 seconds\n"
[ERROR][2025-03-26 02:03:45] .../vim/lsp/rpc.lua:770	"rpc"	"/usr/bin/clangd-18"	"stderr"	"I[02:03:45.579] --> workspace/semanticTokens/refresh(0)\nI[02:03:45.579] Indexing c++17 standard library in the context of /home/sasha2k62024/GitHub/NeovimGUIManager/IDE/Neovim/main.cpp\n"
[ERROR][2025-03-26 02:03:45] .../vim/lsp/rpc.lua:770	"rpc"	"/usr/bin/clangd-18"	"stderr"	"I[02:03:45.580] <-- $/cancelRequest\nI[02:03:45.581] <-- textDocument/semanticTokens/full(3)\n"
[ERROR][2025-03-26 02:03:45] .../vim/lsp/rpc.lua:770	"rpc"	"/usr/bin/clangd-18"	"stderr"	"I[02:03:45.582] <-- reply(0)\n"
[ERROR][2025-03-26 02:03:45] .../vim/lsp/rpc.lua:770	"rpc"	"/usr/bin/clangd-18"	"stderr"	"I[02:03:45.592] --> textDocument/publishDiagnostics\n"
[ERROR][2025-03-26 02:03:45] .../vim/lsp/rpc.lua:770	"rpc"	"/usr/bin/clangd-18"	"stderr"	"I[02:03:45.593] --> reply:textDocument/semanticTokens/full(2) 673 ms, error: Task was cancelled.\nI[02:03:45.593] --> reply:textDocument/semanticTokens/full(3) 12 ms\n"
[ERROR][2025-03-26 02:03:45] .../vim/lsp/rpc.lua:770	"rpc"	"/usr/bin/clangd-18"	"stderr"	"I[02:03:45.859] <-- textDocument/didSave\nI[02:03:45.859] File version went from 0 to 0\n"
[ERROR][2025-03-26 02:03:45] .../vim/lsp/rpc.lua:770	"rpc"	"/usr/bin/clangd-18"	"stderr"	"I[02:03:45.910] Failed to find compilation database for /home/sasha2k62024/GitHub/NeovimGUIManager/IDE/Neovim/main.cpp\n"
[ERROR][2025-03-26 02:03:45] .../vim/lsp/rpc.lua:770	"rpc"	"/usr/bin/clangd-18"	"stderr"	"I[02:03:45.910] ASTWorker building file /home/sasha2k62024/GitHub/NeovimGUIManager/IDE/Neovim/main.cpp version 0 with command clangd fallback\n[/home/sasha2k62024/GitHub/NeovimGUIManager/IDE/Neovim]\n/usr/bin/clang -IHeaderFiles/rlImGui -resource-dir=/usr/lib/llvm-18/lib/clang/18 -- /home/sasha2k62024/GitHub/NeovimGUIManager/IDE/Neovim/main.cpp\n"
[ERROR][2025-03-26 02:03:50] .../vim/lsp/rpc.lua:770	"rpc"	"/usr/bin/clangd-18"	"stderr"	"I[02:03:50.118] Indexed c++17 standard library (incomplete due to errors): 13650 symbols, 1810 filtered\n"
[ERROR][2025-03-26 02:04:06] .../vim/lsp/rpc.lua:770	"rpc"	"/usr/bin/clangd-18"	"stderr"	"I[02:04:06.835] <-- textDocument/didSave\nI[02:04:06.835] File version went from 0 to 0\n"
[ERROR][2025-03-26 02:04:06] .../vim/lsp/rpc.lua:770	"rpc"	"/usr/bin/clangd-18"	"stderr"	"I[02:04:06.887] Failed to find compilation database for /home/sasha2k62024/GitHub/NeovimGUIManager/IDE/Neovim/main.cpp\n"
[ERROR][2025-03-26 02:04:06] .../vim/lsp/rpc.lua:770	"rpc"	"/usr/bin/clangd-18"	"stderr"	"I[02:04:06.887] ASTWorker building file /home/sasha2k62024/GitHub/NeovimGUIManager/IDE/Neovim/main.cpp version 0 with command clangd fallback\n[/home/sasha2k62024/GitHub/NeovimGUIManager/IDE/Neovim]\n/usr/bin/clang -IHeaderFiles/rlImGui -resource-dir=/usr/lib/llvm-18/lib/clang/18 -- /home/sasha2k62024/GitHub/NeovimGUIManager/IDE/Neovim/main.cpp\n"
[ERROR][2025-03-26 02:04:08] .../vim/lsp/rpc.lua:770	"rpc"	"/usr/bin/clangd-18"	"stderr"	"I[02:04:08.088] <-- shutdown(4)\nI[02:04:08.088] --> reply:shutdown(4) 0 ms\n"
[START][2025-03-26 02:04:48] LSP logging initiated
[ERROR][2025-03-26 02:04:48] .../vim/lsp/rpc.lua:770	"rpc"	"/usr/bin/clangd-19"	"stderr"	"I[02:04:48.298] Debian clangd version 19.1.4 (1~deb12u1)\nI[02:04:48.299] Features: linux+grpc\nI[02:04:48.299] PID: 4982\n"
[ERROR][2025-03-26 02:04:48] .../vim/lsp/rpc.lua:770	"rpc"	"/usr/bin/clangd-19"	"stderr"	"I[02:04:48.299] Working directory: /home/sasha2k62024/GitHub/NeovimGUIManager\nI[02:04:48.299] argv[0]: /usr/bin/clangd-19\nI[02:04:48.299] Starting LSP over stdin/stdout\n"
[ERROR][2025-03-26 02:04:48] .../vim/lsp/rpc.lua:770	"rpc"	"/usr/bin/clangd-19"	"stderr"	"I[02:04:48.301] <-- initialize(1)\n"
[ERROR][2025-03-26 02:04:48] .../vim/lsp/rpc.lua:770	"rpc"	"/usr/bin/clangd-19"	"stderr"	"I[02:04:48.325] --> reply:initialize(1) 23 ms\n"
[ERROR][2025-03-26 02:04:48] .../vim/lsp/rpc.lua:770	"rpc"	"/usr/bin/clangd-19"	"stderr"	"I[02:04:48.326] <-- initialized\nI[02:04:48.327] <-- textDocument/didOpen\nI[02:04:48.329] --> textDocument/publishDiagnostics\nI[02:04:48.329] Failed to find compilation database for /home/sasha2k62024/GitHub/NeovimGUIManager/IDE/Neovim/main.cpp\nI[02:04:48.329] ASTWorker building file /home/sasha2k62024/GitHub/NeovimGUIManager/IDE/Neovim/main.cpp version 0 with command clangd fallback\n[/home/sasha2k62024/GitHub/NeovimGUIManager/IDE/Neovim]\n/usr/bin/clang -IHeaderFiles/rlImGui -resource-dir=/usr/lib/llvm-19/lib/clang/19 -- /home/sasha2k62024/GitHub/NeovimGUIManager/IDE/Neovim/main.cpp\n"
[ERROR][2025-03-26 02:04:48] .../vim/lsp/rpc.lua:770	"rpc"	"/usr/bin/clangd-19"	"stderr"	"I[02:04:48.355] <-- textDocument/semanticTokens/full(2)\n"
[ERROR][2025-03-26 02:04:49] .../vim/lsp/rpc.lua:770	"rpc"	"/usr/bin/clangd-19"	"stderr"	"I[02:04:49.040] <-- textDocument/didSave\nI[02:04:49.040] File version went from 0 to 0\n"
[ERROR][2025-03-26 02:04:49] .../vim/lsp/rpc.lua:770	"rpc"	"/usr/bin/clangd-19"	"stderr"	"I[02:04:49.775] Built preamble of size 3406860 for file /home/sasha2k62024/GitHub/NeovimGUIManager/IDE/Neovim/main.cpp version 0 in 1.44 seconds\n"
[ERROR][2025-03-26 02:04:49] .../vim/lsp/rpc.lua:770	"rpc"	"/usr/bin/clangd-19"	"stderr"	"I[02:04:49.776] --> workspace/semanticTokens/refresh(0)\n"
[ERROR][2025-03-26 02:04:49] .../vim/lsp/rpc.lua:770	"rpc"	"/usr/bin/clangd-19"	"stderr"	"I[02:04:49.777] <-- $/cancelRequest\nI[02:04:49.777] <-- textDocument/semanticTokens/full(3)\nI[02:04:49.777] <-- reply(0)\n"
[ERROR][2025-03-26 02:04:49] .../vim/lsp/rpc.lua:770	"rpc"	"/usr/bin/clangd-19"	"stderr"	"I[02:04:49.777] Indexing c++17 standard library in the context of /home/sasha2k62024/GitHub/NeovimGUIManager/IDE/Neovim/main.cpp\n"
[ERROR][2025-03-26 02:04:49] .../vim/lsp/rpc.lua:770	"rpc"	"/usr/bin/clangd-19"	"stderr"	"I[02:04:49.795] --> textDocument/publishDiagnostics\nI[02:04:49.795] --> reply:textDocument/semanticTokens/full(2) 1440 ms, error: Task was cancelled.\nI[02:04:49.795] Failed to find compilation database for /home/sasha2k62024/GitHub/NeovimGUIManager/IDE/Neovim/main.cpp\nI[02:04:49.795] ASTWorker building file /home/sasha2k62024/GitHub/NeovimGUIManager/IDE/Neovim/main.cpp version 0 with command clangd fallback\n[/home/sasha2k62024/GitHub/NeovimGUIManager/IDE/Neovim]\n/usr/bin/clang -IHeaderFiles/rlImGui -resource-dir=/usr/lib/llvm-19/lib/clang/19 -- /home/sasha2k62024/GitHub/NeovimGUIManager/IDE/Neovim/main.cpp\n"
[ERROR][2025-03-26 02:04:49] .../vim/lsp/rpc.lua:770	"rpc"	"/usr/bin/clangd-19"	"stderr"	"I[02:04:49.800] --> reply:textDocument/semanticTokens/full(3) 22 ms\n"
[ERROR][2025-03-26 02:04:53] .../vim/lsp/rpc.lua:770	"rpc"	"/usr/bin/clangd-19"	"stderr"	"I[02:04:53.872] <-- textDocument/didChange\n"
[ERROR][2025-03-26 02:04:53] .../vim/lsp/rpc.lua:770	"rpc"	"/usr/bin/clangd-19"	"stderr"	"I[02:04:53.921] <-- textDocument/semanticTokens/full/delta(4)\n"
[ERROR][2025-03-26 02:04:53] .../vim/lsp/rpc.lua:770	"rpc"	"/usr/bin/clangd-19"	"stderr"	"I[02:04:53.922] Failed to find compilation database for /home/sasha2k62024/GitHub/NeovimGUIManager/IDE/Neovim/main.cpp\n"
[ERROR][2025-03-26 02:04:53] .../vim/lsp/rpc.lua:770	"rpc"	"/usr/bin/clangd-19"	"stderr"	"I[02:04:53.923] ASTWorker building file /home/sasha2k62024/GitHub/NeovimGUIManager/IDE/Neovim/main.cpp version 5 with command clangd fallback\n[/home/sasha2k62024/GitHub/NeovimGUIManager/IDE/Neovim]\n/usr/bin/clang -IHeaderFiles/rlImGui -resource-dir=/usr/lib/llvm-19/lib/clang/19 -- /home/sasha2k62024/GitHub/NeovimGUIManager/IDE/Neovim/main.cpp\n"
[ERROR][2025-03-26 02:04:53] .../vim/lsp/rpc.lua:770	"rpc"	"/usr/bin/clangd-19"	"stderr"	"I[02:04:53.936] --> textDocument/publishDiagnostics\n"
[ERROR][2025-03-26 02:04:53] .../vim/lsp/rpc.lua:770	"rpc"	"/usr/bin/clangd-19"	"stderr"	"I[02:04:53.936] --> reply:textDocument/semanticTokens/full/delta(4) 14 ms\n"
[ERROR][2025-03-26 02:04:55] .../vim/lsp/rpc.lua:770	"rpc"	"/usr/bin/clangd-19"	"stderr"	"I[02:04:55.186] <-- textDocument/didSave\nI[02:04:55.186] File version went from 5 to 5\n"
[ERROR][2025-03-26 02:04:55] .../vim/lsp/rpc.lua:770	"rpc"	"/usr/bin/clangd-19"	"stderr"	"I[02:04:55.231] Indexed c++17 standard library (incomplete due to errors): 13658 symbols, 1808 filtered\n"
[ERROR][2025-03-26 02:04:55] .../vim/lsp/rpc.lua:770	"rpc"	"/usr/bin/clangd-19"	"stderr"	"I[02:04:55.237] Failed to find compilation database for /home/sasha2k62024/GitHub/NeovimGUIManager/IDE/Neovim/main.cpp\n"
[ERROR][2025-03-26 02:04:55] .../vim/lsp/rpc.lua:770	"rpc"	"/usr/bin/clangd-19"	"stderr"	"I[02:04:55.237] ASTWorker building file /home/sasha2k62024/GitHub/NeovimGUIManager/IDE/Neovim/main.cpp version 5 with command clangd fallback\n[/home/sasha2k62024/GitHub/NeovimGUIManager/IDE/Neovim]\n/usr/bin/clang -IHeaderFiles/rlImGui -resource-dir=/usr/lib/llvm-19/lib/clang/19 -- /home/sasha2k62024/GitHub/NeovimGUIManager/IDE/Neovim/main.cpp\n"
[ERROR][2025-03-26 02:05:16] .../vim/lsp/rpc.lua:770	"rpc"	"/usr/bin/clangd-19"	"stderr"	"I[02:05:16.592] <-- shutdown(5)\nI[02:05:16.592] --> reply:shutdown(5) 0 ms\n"
[START][2025-03-26 02:05:42] LSP logging initiated
[ERROR][2025-03-26 02:05:42] .../vim/lsp/rpc.lua:770	"rpc"	"/usr/bin/clangd-19"	"stderr"	"I[02:05:42.512] Debian clangd version 19.1.4 (1~deb12u1)\nI[02:05:42.514] Features: linux+grpc\nI[02:05:42.514] PID: 5021\n"
[ERROR][2025-03-26 02:05:42] .../vim/lsp/rpc.lua:770	"rpc"	"/usr/bin/clangd-19"	"stderr"	"I[02:05:42.514] Working directory: /home/sasha2k62024/GitHub/NeovimGUIManager\nI[02:05:42.514] argv[0]: /usr/bin/clangd-19\nI[02:05:42.514] Starting LSP over stdin/stdout\n"
[ERROR][2025-03-26 02:05:42] .../vim/lsp/rpc.lua:770	"rpc"	"/usr/bin/clangd-19"	"stderr"	"I[02:05:42.515] <-- initialize(1)\n"
[ERROR][2025-03-26 02:05:42] .../vim/lsp/rpc.lua:770	"rpc"	"/usr/bin/clangd-19"	"stderr"	"I[02:05:42.520] --> reply:initialize(1) 4 ms\n"
[ERROR][2025-03-26 02:05:42] .../vim/lsp/rpc.lua:770	"rpc"	"/usr/bin/clangd-19"	"stderr"	"I[02:05:42.522] <-- initialized\nI[02:05:42.523] <-- textDocument/didOpen\nI[02:05:42.525] --> textDocument/publishDiagnostics\nI[02:05:42.525] Failed to find compilation database for /home/sasha2k62024/GitHub/NeovimGUIManager/IDE/Neovim/main.cpp\nI[02:05:42.525] ASTWorker building file /home/sasha2k62024/GitHub/NeovimGUIManager/IDE/Neovim/main.cpp version 0 with command clangd fallback\n[/home/sasha2k62024/GitHub/NeovimGUIManager/IDE/Neovim]\n/usr/bin/clang -IHeaderFiles/rlImGui -resource-dir=/usr/lib/llvm-19/lib/clang/19 -- /home/sasha2k62024/GitHub/NeovimGUIManager/IDE/Neovim/main.cpp\n"
[ERROR][2025-03-26 02:05:42] .../vim/lsp/rpc.lua:770	"rpc"	"/usr/bin/clangd-19"	"stderr"	"I[02:05:42.542] <-- textDocument/semanticTokens/full(2)\n"
[ERROR][2025-03-26 02:05:43] .../vim/lsp/rpc.lua:770	"rpc"	"/usr/bin/clangd-19"	"stderr"	"I[02:05:43.236] <-- textDocument/didSave\n"
[ERROR][2025-03-26 02:05:43] .../vim/lsp/rpc.lua:770	"rpc"	"/usr/bin/clangd-19"	"stderr"	"I[02:05:43.236] File version went from 0 to 0\n"
[ERROR][2025-03-26 02:05:43] .../vim/lsp/rpc.lua:770	"rpc"	"/usr/bin/clangd-19"	"stderr"	"I[02:05:43.266] Built preamble of size 3406860 for file /home/sasha2k62024/GitHub/NeovimGUIManager/IDE/Neovim/main.cpp version 0 in 0.74 seconds\n"
[ERROR][2025-03-26 02:05:43] .../vim/lsp/rpc.lua:770	"rpc"	"/usr/bin/clangd-19"	"stderr"	"I[02:05:43.266] --> workspace/semanticTokens/refresh(0)\nI[02:05:43.266] Indexing c++17 standard library in the context of /home/sasha2k62024/GitHub/NeovimGUIManager/IDE/Neovim/main.cpp\n"
[ERROR][2025-03-26 02:05:43] .../vim/lsp/rpc.lua:770	"rpc"	"/usr/bin/clangd-19"	"stderr"	"I[02:05:43.269] <-- $/cancelRequest\nI[02:05:43.269] <-- textDocument/semanticTokens/full(3)\n"
[ERROR][2025-03-26 02:05:43] .../vim/lsp/rpc.lua:770	"rpc"	"/usr/bin/clangd-19"	"stderr"	"I[02:05:43.269] <-- reply(0)\n"
[ERROR][2025-03-26 02:05:43] .../vim/lsp/rpc.lua:770	"rpc"	"/usr/bin/clangd-19"	"stderr"	"I[02:05:43.281] --> textDocument/publishDiagnostics\n"
[ERROR][2025-03-26 02:05:43] .../vim/lsp/rpc.lua:770	"rpc"	"/usr/bin/clangd-19"	"stderr"	"I[02:05:43.281] --> reply:textDocument/semanticTokens/full(2) 739 ms, error: Task was cancelled.\nI[02:05:43.281] Failed to find compilation database for /home/sasha2k62024/GitHub/NeovimGUIManager/IDE/Neovim/main.cpp\nI[02:05:43.281] ASTWorker building file /home/sasha2k62024/GitHub/NeovimGUIManager/IDE/Neovim/main.cpp version 0 with command clangd fallback\n[/home/sasha2k62024/GitHub/NeovimGUIManager/IDE/Neovim]\n/usr/bin/clang -IHeaderFiles/rlImGui -resource-dir=/usr/lib/llvm-19/lib/clang/19 -- /home/sasha2k62024/GitHub/NeovimGUIManager/IDE/Neovim/main.cpp\n"
[ERROR][2025-03-26 02:05:43] .../vim/lsp/rpc.lua:770	"rpc"	"/usr/bin/clangd-19"	"stderr"	"I[02:05:43.283] --> reply:textDocument/semanticTokens/full(3) 13 ms\n"
[ERROR][2025-03-26 02:05:47] .../vim/lsp/rpc.lua:770	"rpc"	"/usr/bin/clangd-19"	"stderr"	"I[02:05:47.838] Indexed c++17 standard library (incomplete due to errors): 13658 symbols, 1808 filtered\n"
[ERROR][2025-03-26 02:05:48] .../vim/lsp/rpc.lua:770	"rpc"	"/usr/bin/clangd-19"	"stderr"	"I[02:05:48.938] <-- textDocument/didChange\n"
[ERROR][2025-03-26 02:05:48] .../vim/lsp/rpc.lua:770	"rpc"	"/usr/bin/clangd-19"	"stderr"	"I[02:05:48.988] <-- textDocument/semanticTokens/full/delta(4)\n"
[ERROR][2025-03-26 02:05:48] .../vim/lsp/rpc.lua:770	"rpc"	"/usr/bin/clangd-19"	"stderr"	"I[02:05:48.989] Failed to find compilation database for /home/sasha2k62024/GitHub/NeovimGUIManager/IDE/Neovim/main.cpp\n"
[ERROR][2025-03-26 02:05:48] .../vim/lsp/rpc.lua:770	"rpc"	"/usr/bin/clangd-19"	"stderr"	"I[02:05:48.991] ASTWorker building file /home/sasha2k62024/GitHub/NeovimGUIManager/IDE/Neovim/main.cpp version 5 with command clangd fallback\n[/home/sasha2k62024/GitHub/NeovimGUIManager/IDE/Neovim]\n/usr/bin/clang -IHeaderFiles/rlImGui -resource-dir=/usr/lib/llvm-19/lib/clang/19 -- /home/sasha2k62024/GitHub/NeovimGUIManager/IDE/Neovim/main.cpp\n"
[ERROR][2025-03-26 02:05:49] .../vim/lsp/rpc.lua:770	"rpc"	"/usr/bin/clangd-19"	"stderr"	"I[02:05:49.009] --> textDocument/publishDiagnostics\n"
[ERROR][2025-03-26 02:05:49] .../vim/lsp/rpc.lua:770	"rpc"	"/usr/bin/clangd-19"	"stderr"	"I[02:05:49.009] --> reply:textDocument/semanticTokens/full/delta(4) 20 ms\n"
[ERROR][2025-03-26 02:05:49] .../vim/lsp/rpc.lua:770	"rpc"	"/usr/bin/clangd-19"	"stderr"	"I[02:05:49.677] <-- textDocument/didSave\nI[02:05:49.677] File version went from 5 to 5\n"
[ERROR][2025-03-26 02:05:49] .../vim/lsp/rpc.lua:770	"rpc"	"/usr/bin/clangd-19"	"stderr"	"I[02:05:49.728] Failed to find compilation database for /home/sasha2k62024/GitHub/NeovimGUIManager/IDE/Neovim/main.cpp\nI[02:05:49.729] ASTWorker building file /home/sasha2k62024/GitHub/NeovimGUIManager/IDE/Neovim/main.cpp version 5 with command clangd fallback\n[/home/sasha2k62024/GitHub/NeovimGUIManager/IDE/Neovim]\n/usr/bin/clang -IHeaderFiles/rlImGui -resource-dir=/usr/lib/llvm-19/lib/clang/19 -- /home/sasha2k62024/GitHub/NeovimGUIManager/IDE/Neovim/main.cpp\n"
[ERROR][2025-03-26 02:05:51] .../vim/lsp/rpc.lua:770	"rpc"	"/usr/bin/clangd-19"	"stderr"	"I[02:05:51.339] <-- textDocument/didSave\n"
[ERROR][2025-03-26 02:05:51] .../vim/lsp/rpc.lua:770	"rpc"	"/usr/bin/clangd-19"	"stderr"	"I[02:05:51.339] File version went from 5 to 5\n"
[ERROR][2025-03-26 02:05:51] .../vim/lsp/rpc.lua:770	"rpc"	"/usr/bin/clangd-19"	"stderr"	"I[02:05:51.390] Failed to find compilation database for /home/sasha2k62024/GitHub/NeovimGUIManager/IDE/Neovim/main.cpp\n"
[ERROR][2025-03-26 02:05:51] .../vim/lsp/rpc.lua:770	"rpc"	"/usr/bin/clangd-19"	"stderr"	"I[02:05:51.391] ASTWorker building file /home/sasha2k62024/GitHub/NeovimGUIManager/IDE/Neovim/main.cpp version 5 with command clangd fallback\n[/home/sasha2k62024/GitHub/NeovimGUIManager/IDE/Neovim]\n/usr/bin/clang -IHeaderFiles/rlImGui -resource-dir=/usr/lib/llvm-19/lib/clang/19 -- /home/sasha2k62024/GitHub/NeovimGUIManager/IDE/Neovim/main.cpp\n"
[ERROR][2025-03-26 02:05:55] .../vim/lsp/rpc.lua:770	"rpc"	"/usr/bin/clangd-19"	"stderr"	"I[02:05:55.664] <-- shutdown(5)\nI[02:05:55.664] --> reply:shutdown(5) 0 ms\n"
[START][2025-03-26 02:11:40] LSP logging initiated
[ERROR][2025-03-26 02:11:40] .../vim/lsp/rpc.lua:770	"rpc"	"/usr/bin/clangd-19"	"stderr"	"I[02:11:40.350] Debian clangd version 19.1.4 (1~deb12u1)\nI[02:11:40.351] Features: linux+grpc\nI[02:11:40.351] PID: 5253\n"
[ERROR][2025-03-26 02:11:40] .../vim/lsp/rpc.lua:770	"rpc"	"/usr/bin/clangd-19"	"stderr"	"I[02:11:40.351] Working directory: /home/sasha2k62024/GitHub/NeovimGUIManager\nI[02:11:40.351] argv[0]: /usr/bin/clangd-19\nI[02:11:40.351] Starting LSP over stdin/stdout\n"
[ERROR][2025-03-26 02:11:40] .../vim/lsp/rpc.lua:770	"rpc"	"/usr/bin/clangd-19"	"stderr"	"I[02:11:40.353] <-- initialize(1)\n"
[ERROR][2025-03-26 02:11:40] .../vim/lsp/rpc.lua:770	"rpc"	"/usr/bin/clangd-19"	"stderr"	"I[02:11:40.356] --> reply:initialize(1) 3 ms\n"
[ERROR][2025-03-26 02:11:40] .../vim/lsp/rpc.lua:770	"rpc"	"/usr/bin/clangd-19"	"stderr"	"I[02:11:40.357] <-- initialized\nI[02:11:40.357] <-- textDocument/didOpen\nI[02:11:40.360] --> textDocument/publishDiagnostics\nI[02:11:40.361] Failed to find compilation database for /home/sasha2k62024/GitHub/NeovimGUIManager/IDE/Neovim/main.cpp\nI[02:11:40.361] ASTWorker building file /home/sasha2k62024/GitHub/NeovimGUIManager/IDE/Neovim/main.cpp version 0 with command clangd fallback\n[/home/sasha2k62024/GitHub/NeovimGUIManager/IDE/Neovim]\n/usr/bin/clang -IHeaderFiles/rlImGui -resource-dir=/usr/lib/llvm-19/lib/clang/19 -- /home/sasha2k62024/GitHub/NeovimGUIManager/IDE/Neovim/main.cpp\n"
[ERROR][2025-03-26 02:11:40] .../vim/lsp/rpc.lua:770	"rpc"	"/usr/bin/clangd-19"	"stderr"	"I[02:11:40.372] <-- textDocument/semanticTokens/full(2)\n"
[ERROR][2025-03-26 02:11:41] .../vim/lsp/rpc.lua:770	"rpc"	"/usr/bin/clangd-19"	"stderr"	"I[02:11:41.162] Built preamble of size 3406860 for file /home/sasha2k62024/GitHub/NeovimGUIManager/IDE/Neovim/main.cpp version 0 in 0.79 seconds\n"
[ERROR][2025-03-26 02:11:41] .../vim/lsp/rpc.lua:770	"rpc"	"/usr/bin/clangd-19"	"stderr"	"I[02:11:41.164] --> workspace/semanticTokens/refresh(0)\n"
[ERROR][2025-03-26 02:11:41] .../vim/lsp/rpc.lua:770	"rpc"	"/usr/bin/clangd-19"	"stderr"	"I[02:11:41.164] Indexing c++17 standard library in the context of /home/sasha2k62024/GitHub/NeovimGUIManager/IDE/Neovim/main.cpp\n"
[ERROR][2025-03-26 02:11:41] .../vim/lsp/rpc.lua:770	"rpc"	"/usr/bin/clangd-19"	"stderr"	"I[02:11:41.166] <-- $/cancelRequest\nI[02:11:41.166] <-- textDocument/semanticTokens/full(3)\nI[02:11:41.166] <-- reply(0)\n"
[ERROR][2025-03-26 02:11:41] .../vim/lsp/rpc.lua:770	"rpc"	"/usr/bin/clangd-19"	"stderr"	"I[02:11:41.185] --> textDocument/publishDiagnostics\n"
[ERROR][2025-03-26 02:11:41] .../vim/lsp/rpc.lua:770	"rpc"	"/usr/bin/clangd-19"	"stderr"	"I[02:11:41.186] --> reply:textDocument/semanticTokens/full(2) 813 ms, error: Task was cancelled.\nI[02:11:41.186] --> reply:textDocument/semanticTokens/full(3) 20 ms\n"
[ERROR][2025-03-26 02:11:44] .../vim/lsp/rpc.lua:770	"rpc"	"/usr/bin/clangd-19"	"stderr"	"I[02:11:44.934] <-- textDocument/didChange\n"
[ERROR][2025-03-26 02:11:44] .../vim/lsp/rpc.lua:770	"rpc"	"/usr/bin/clangd-19"	"stderr"	"I[02:11:44.968] <-- textDocument/semanticTokens/full/delta(4)\nI[02:11:44.968] Failed to find compilation database for /home/sasha2k62024/GitHub/NeovimGUIManager/IDE/Neovim/main.cpp\n"
[ERROR][2025-03-26 02:11:44] .../vim/lsp/rpc.lua:770	"rpc"	"/usr/bin/clangd-19"	"stderr"	"I[02:11:44.969] ASTWorker building file /home/sasha2k62024/GitHub/NeovimGUIManager/IDE/Neovim/main.cpp version 6 with command clangd fallback\n[/home/sasha2k62024/GitHub/NeovimGUIManager/IDE/Neovim]\n/usr/bin/clang -IHeaderFiles/rlImGui -resource-dir=/usr/lib/llvm-19/lib/clang/19 -- /home/sasha2k62024/GitHub/NeovimGUIManager/IDE/Neovim/main.cpp\n"
[ERROR][2025-03-26 02:11:45] .../vim/lsp/rpc.lua:770	"rpc"	"/usr/bin/clangd-19"	"stderr"	"I[02:11:45.003] --> textDocument/publishDiagnostics\nI[02:11:45.003] --> reply:textDocument/semanticTokens/full/delta(4) 35 ms\n"
[ERROR][2025-03-26 02:11:45] .../vim/lsp/rpc.lua:770	"rpc"	"/usr/bin/clangd-19"	"stderr"	"I[02:11:45.988] Indexed c++17 standard library (incomplete due to errors): 13658 symbols, 1808 filtered\n"
[ERROR][2025-03-26 02:11:46] .../vim/lsp/rpc.lua:770	"rpc"	"/usr/bin/clangd-19"	"stderr"	"I[02:11:46.370] <-- textDocument/didChange\n"
[ERROR][2025-03-26 02:11:46] .../vim/lsp/rpc.lua:770	"rpc"	"/usr/bin/clangd-19"	"stderr"	"I[02:11:46.422] Failed to find compilation database for /home/sasha2k62024/GitHub/NeovimGUIManager/IDE/Neovim/main.cpp\n"
[ERROR][2025-03-26 02:11:46] .../vim/lsp/rpc.lua:770	"rpc"	"/usr/bin/clangd-19"	"stderr"	"I[02:11:46.424] ASTWorker building file /home/sasha2k62024/GitHub/NeovimGUIManager/IDE/Neovim/main.cpp version 7 with command clangd fallback\n[/home/sasha2k62024/GitHub/NeovimGUIManager/IDE/Neovim]\n/usr/bin/clang -IHeaderFiles/rlImGui -resource-dir=/usr/lib/llvm-19/lib/clang/19 -- /home/sasha2k62024/GitHub/NeovimGUIManager/IDE/Neovim/main.cpp\n"
[ERROR][2025-03-26 02:11:46] .../vim/lsp/rpc.lua:770	"rpc"	"/usr/bin/clangd-19"	"stderr"	"I[02:11:46.454] --> textDocument/publishDiagnostics\n"
[ERROR][2025-03-26 02:11:46] .../vim/lsp/rpc.lua:770	"rpc"	"/usr/bin/clangd-19"	"stderr"	"I[02:11:46.569] <-- textDocument/semanticTokens/full/delta(5)\n"
[ERROR][2025-03-26 02:11:46] .../vim/lsp/rpc.lua:770	"rpc"	"/usr/bin/clangd-19"	"stderr"	"I[02:11:46.570] --> reply:textDocument/semanticTokens/full/delta(5) 0 ms\n"
[ERROR][2025-03-26 02:11:49] .../vim/lsp/rpc.lua:770	"rpc"	"/usr/bin/clangd-19"	"stderr"	"I[02:11:49.340] <-- shutdown(6)\nI[02:11:49.342] --> reply:shutdown(6) 1 ms\n"
[START][2025-03-26 02:24:47] LSP logging initiated
[ERROR][2025-03-26 02:24:47] .../vim/lsp/rpc.lua:770	"rpc"	"/usr/bin/clangd-19"	"stderr"	"I[02:24:47.818] Debian clangd version 19.1.4 (1~deb12u1)\nI[02:24:47.818] Features: linux+grpc\nI[02:24:47.818] PID: 5927\n"
[ERROR][2025-03-26 02:24:47] .../vim/lsp/rpc.lua:770	"rpc"	"/usr/bin/clangd-19"	"stderr"	"I[02:24:47.818] Working directory: /home/sasha2k62024/GitHub/NeovimGUIManager\nI[02:24:47.818] argv[0]: /usr/bin/clangd-19\n"
[ERROR][2025-03-26 02:24:47] .../vim/lsp/rpc.lua:770	"rpc"	"/usr/bin/clangd-19"	"stderr"	"I[02:24:47.818] Starting LSP over stdin/stdout\n"
[ERROR][2025-03-26 02:24:47] .../vim/lsp/rpc.lua:770	"rpc"	"/usr/bin/clangd-19"	"stderr"	"I[02:24:47.820] <-- initialize(1)\n"
[ERROR][2025-03-26 02:24:47] .../vim/lsp/rpc.lua:770	"rpc"	"/usr/bin/clangd-19"	"stderr"	"I[02:24:47.823] --> reply:initialize(1) 3 ms\n"
[ERROR][2025-03-26 02:24:47] .../vim/lsp/rpc.lua:770	"rpc"	"/usr/bin/clangd-19"	"stderr"	"I[02:24:47.824] <-- initialized\nI[02:24:47.824] <-- textDocument/didOpen\nI[02:24:47.827] --> textDocument/publishDiagnostics\nI[02:24:47.827] Failed to find compilation database for /home/sasha2k62024/GitHub/NeovimGUIManager/IDE/Neovim/main.cpp\nI[02:24:47.828] ASTWorker building file /home/sasha2k62024/GitHub/NeovimGUIManager/IDE/Neovim/main.cpp version 0 with command clangd fallback\n[/home/sasha2k62024/GitHub/NeovimGUIManager/IDE/Neovim]\n/usr/bin/clang -IHeaderFiles/rlImGui -resource-dir=/usr/lib/llvm-19/lib/clang/19 -- /home/sasha2k62024/GitHub/NeovimGUIManager/IDE/Neovim/main.cpp\n"
[ERROR][2025-03-26 02:24:47] .../vim/lsp/rpc.lua:770	"rpc"	"/usr/bin/clangd-19"	"stderr"	"I[02:24:47.837] <-- textDocument/semanticTokens/full(2)\n"
[ERROR][2025-03-26 02:24:48] .../vim/lsp/rpc.lua:770	"rpc"	"/usr/bin/clangd-19"	"stderr"	"I[02:24:48.606] Built preamble of size 3406860 for file /home/sasha2k62024/GitHub/NeovimGUIManager/IDE/Neovim/main.cpp version 0 in 0.77 seconds\n"
[ERROR][2025-03-26 02:24:48] .../vim/lsp/rpc.lua:770	"rpc"	"/usr/bin/clangd-19"	"stderr"	"I[02:24:48.607] --> workspace/semanticTokens/refresh(0)\nI[02:24:48.607] Indexing c++17 standard library in the context of /home/sasha2k62024/GitHub/NeovimGUIManager/IDE/Neovim/main.cpp\n"
[ERROR][2025-03-26 02:24:48] .../vim/lsp/rpc.lua:770	"rpc"	"/usr/bin/clangd-19"	"stderr"	"I[02:24:48.611] <-- $/cancelRequest\n"
[ERROR][2025-03-26 02:24:48] .../vim/lsp/rpc.lua:770	"rpc"	"/usr/bin/clangd-19"	"stderr"	"I[02:24:48.611] <-- textDocument/semanticTokens/full(3)\nI[02:24:48.611] <-- reply(0)\n"
[ERROR][2025-03-26 02:24:48] .../vim/lsp/rpc.lua:770	"rpc"	"/usr/bin/clangd-19"	"stderr"	"I[02:24:48.631] --> textDocument/publishDiagnostics\n"
[ERROR][2025-03-26 02:24:48] .../vim/lsp/rpc.lua:770	"rpc"	"/usr/bin/clangd-19"	"stderr"	"I[02:24:48.632] --> reply:textDocument/semanticTokens/full(2) 794 ms, error: Task was cancelled.\nI[02:24:48.632] --> reply:textDocument/semanticTokens/full(3) 20 ms\n"
[ERROR][2025-03-26 02:24:51] .../vim/lsp/rpc.lua:770	"rpc"	"/usr/bin/clangd-19"	"stderr"	"I[02:24:51.116] <-- textDocument/didChange\n"
[ERROR][2025-03-26 02:24:51] .../vim/lsp/rpc.lua:770	"rpc"	"/usr/bin/clangd-19"	"stderr"	"I[02:24:51.166] <-- textDocument/semanticTokens/full/delta(4)\nI[02:24:51.166] Failed to find compilation database for /home/sasha2k62024/GitHub/NeovimGUIManager/IDE/Neovim/main.cpp\n"
[ERROR][2025-03-26 02:24:51] .../vim/lsp/rpc.lua:770	"rpc"	"/usr/bin/clangd-19"	"stderr"	"I[02:24:51.167] ASTWorker building file /home/sasha2k62024/GitHub/NeovimGUIManager/IDE/Neovim/main.cpp version 5 with command clangd fallback\n[/home/sasha2k62024/GitHub/NeovimGUIManager/IDE/Neovim]\n/usr/bin/clang -IHeaderFiles/rlImGui -resource-dir=/usr/lib/llvm-19/lib/clang/19 -- /home/sasha2k62024/GitHub/NeovimGUIManager/IDE/Neovim/main.cpp\n"
[ERROR][2025-03-26 02:24:51] .../vim/lsp/rpc.lua:770	"rpc"	"/usr/bin/clangd-19"	"stderr"	"I[02:24:51.181] --> textDocument/publishDiagnostics\n"
[ERROR][2025-03-26 02:24:51] .../vim/lsp/rpc.lua:770	"rpc"	"/usr/bin/clangd-19"	"stderr"	"I[02:24:51.181] --> reply:textDocument/semanticTokens/full/delta(4) 15 ms\n"
[ERROR][2025-03-26 02:24:51] .../vim/lsp/rpc.lua:770	"rpc"	"/usr/bin/clangd-19"	"stderr"	"I[02:24:51.841] Built preamble of size 3406860 for file /home/sasha2k62024/GitHub/NeovimGUIManager/IDE/Neovim/main.cpp version 5 in 0.67 seconds\n"
[ERROR][2025-03-26 02:24:51] .../vim/lsp/rpc.lua:770	"rpc"	"/usr/bin/clangd-19"	"stderr"	"I[02:24:51.842] --> workspace/semanticTokens/refresh(1)\n"
[ERROR][2025-03-26 02:24:51] .../vim/lsp/rpc.lua:770	"rpc"	"/usr/bin/clangd-19"	"stderr"	"I[02:24:51.847] <-- textDocument/semanticTokens/full/delta(5)\nI[02:24:51.847] <-- reply(1)\n"
[ERROR][2025-03-26 02:24:51] .../vim/lsp/rpc.lua:770	"rpc"	"/usr/bin/clangd-19"	"stderr"	"I[02:24:51.864] --> textDocument/publishDiagnostics\n"
[ERROR][2025-03-26 02:24:51] .../vim/lsp/rpc.lua:770	"rpc"	"/usr/bin/clangd-19"	"stderr"	"I[02:24:51.864] --> reply:textDocument/semanticTokens/full/delta(5) 16 ms\n"
[ERROR][2025-03-26 02:24:52] .../vim/lsp/rpc.lua:770	"rpc"	"/usr/bin/clangd-19"	"stderr"	"I[02:24:52.588] <-- textDocument/didChange\n"
[ERROR][2025-03-26 02:24:52] .../vim/lsp/rpc.lua:770	"rpc"	"/usr/bin/clangd-19"	"stderr"	"I[02:24:52.639] Failed to find compilation database for /home/sasha2k62024/GitHub/NeovimGUIManager/IDE/Neovim/main.cpp\n"
[ERROR][2025-03-26 02:24:52] .../vim/lsp/rpc.lua:770	"rpc"	"/usr/bin/clangd-19"	"stderr"	"I[02:24:52.640] ASTWorker building file /home/sasha2k62024/GitHub/NeovimGUIManager/IDE/Neovim/main.cpp version 6 with command clangd fallback\n[/home/sasha2k62024/GitHub/NeovimGUIManager/IDE/Neovim]\n/usr/bin/clang -IHeaderFiles/rlImGui -resource-dir=/usr/lib/llvm-19/lib/clang/19 -- /home/sasha2k62024/GitHub/NeovimGUIManager/IDE/Neovim/main.cpp\n"
[ERROR][2025-03-26 02:24:52] .../vim/lsp/rpc.lua:770	"rpc"	"/usr/bin/clangd-19"	"stderr"	"I[02:24:52.651] --> textDocument/publishDiagnostics\n"
[ERROR][2025-03-26 02:24:52] .../vim/lsp/rpc.lua:770	"rpc"	"/usr/bin/clangd-19"	"stderr"	"I[02:24:52.789] <-- textDocument/semanticTokens/full/delta(6)\n"
[ERROR][2025-03-26 02:24:52] .../vim/lsp/rpc.lua:770	"rpc"	"/usr/bin/clangd-19"	"stderr"	"I[02:24:52.789] --> reply:textDocument/semanticTokens/full/delta(6) 0 ms\n"
[ERROR][2025-03-26 02:24:53] .../vim/lsp/rpc.lua:770	"rpc"	"/usr/bin/clangd-19"	"stderr"	"I[02:24:53.295] Indexed c++17 standard library (incomplete due to errors): 13658 symbols, 1808 filtered\n"
[ERROR][2025-03-26 02:24:53] .../vim/lsp/rpc.lua:770	"rpc"	"/usr/bin/clangd-19"	"stderr"	"I[02:24:53.306] Built preamble of size 3406856 for file /home/sasha2k62024/GitHub/NeovimGUIManager/IDE/Neovim/main.cpp version 6 in 0.66 seconds\n"
[ERROR][2025-03-26 02:24:53] .../vim/lsp/rpc.lua:770	"rpc"	"/usr/bin/clangd-19"	"stderr"	"I[02:24:53.306] --> workspace/semanticTokens/refresh(2)\n"
[ERROR][2025-03-26 02:24:53] .../vim/lsp/rpc.lua:770	"rpc"	"/usr/bin/clangd-19"	"stderr"	"I[02:24:53.312] <-- textDocument/semanticTokens/full/delta(7)\nI[02:24:53.312] <-- reply(2)\n"
[ERROR][2025-03-26 02:24:53] .../vim/lsp/rpc.lua:770	"rpc"	"/usr/bin/clangd-19"	"stderr"	"I[02:24:53.330] --> textDocument/publishDiagnostics\n"
[ERROR][2025-03-26 02:24:53] .../vim/lsp/rpc.lua:770	"rpc"	"/usr/bin/clangd-19"	"stderr"	"I[02:24:53.332] --> reply:textDocument/semanticTokens/full/delta(7) 19 ms\n"
[ERROR][2025-03-26 02:24:53] .../vim/lsp/rpc.lua:770	"rpc"	"/usr/bin/clangd-19"	"stderr"	"I[02:24:53.839] <-- textDocument/completion(8)\n"
[ERROR][2025-03-26 02:24:53] .../vim/lsp/rpc.lua:770	"rpc"	"/usr/bin/clangd-19"	"stderr"	"I[02:24:53.860] Code complete: sema context PreprocessorDirective, query scopes [] (AnyScope=true), expected type <none>\n"
[ERROR][2025-03-26 02:24:53] .../vim/lsp/rpc.lua:770	"rpc"	"/usr/bin/clangd-19"	"stderr"	"I[02:24:53.861] Code complete: 15 results from Sema, 0 from Index, 0 matched, 0 from identifiers, 15 returned.\n"
[ERROR][2025-03-26 02:24:53] .../vim/lsp/rpc.lua:770	"rpc"	"/usr/bin/clangd-19"	"stderr"	"I[02:24:53.862] --> reply:textDocument/completion(8) 23 ms\n"
[ERROR][2025-03-26 02:24:54] .../vim/lsp/rpc.lua:770	"rpc"	"/usr/bin/clangd-19"	"stderr"	"I[02:24:54.458] <-- textDocument/didChange\n"
[ERROR][2025-03-26 02:24:54] .../vim/lsp/rpc.lua:770	"rpc"	"/usr/bin/clangd-19"	"stderr"	"I[02:24:54.510] Failed to find compilation database for /home/sasha2k62024/GitHub/NeovimGUIManager/IDE/Neovim/main.cpp\n"
[ERROR][2025-03-26 02:24:54] .../vim/lsp/rpc.lua:770	"rpc"	"/usr/bin/clangd-19"	"stderr"	"I[02:24:54.511] ASTWorker building file /home/sasha2k62024/GitHub/NeovimGUIManager/IDE/Neovim/main.cpp version 7 with command clangd fallback\n[/home/sasha2k62024/GitHub/NeovimGUIManager/IDE/Neovim]\n/usr/bin/clang -IHeaderFiles/rlImGui -resource-dir=/usr/lib/llvm-19/lib/clang/19 -- /home/sasha2k62024/GitHub/NeovimGUIManager/IDE/Neovim/main.cpp\n"
[ERROR][2025-03-26 02:24:54] .../vim/lsp/rpc.lua:770	"rpc"	"/usr/bin/clangd-19"	"stderr"	"I[02:24:54.540] --> textDocument/publishDiagnostics\n"
[ERROR][2025-03-26 02:24:54] .../vim/lsp/rpc.lua:770	"rpc"	"/usr/bin/clangd-19"	"stderr"	"I[02:24:54.629] <-- textDocument/didChange\n"
[ERROR][2025-03-26 02:24:54] .../vim/lsp/rpc.lua:770	"rpc"	"/usr/bin/clangd-19"	"stderr"	"I[02:24:54.680] Failed to find compilation database for /home/sasha2k62024/GitHub/NeovimGUIManager/IDE/Neovim/main.cpp\n"
[ERROR][2025-03-26 02:24:54] .../vim/lsp/rpc.lua:770	"rpc"	"/usr/bin/clangd-19"	"stderr"	"I[02:24:54.682] ASTWorker building file /home/sasha2k62024/GitHub/NeovimGUIManager/IDE/Neovim/main.cpp version 8 with command clangd fallback\n[/home/sasha2k62024/GitHub/NeovimGUIManager/IDE/Neovim]\n/usr/bin/clang -IHeaderFiles/rlImGui -resource-dir=/usr/lib/llvm-19/lib/clang/19 -- /home/sasha2k62024/GitHub/NeovimGUIManager/IDE/Neovim/main.cpp\n"
[ERROR][2025-03-26 02:24:54] .../vim/lsp/rpc.lua:770	"rpc"	"/usr/bin/clangd-19"	"stderr"	"I[02:24:54.710] --> textDocument/publishDiagnostics\n"
[ERROR][2025-03-26 02:24:54] .../vim/lsp/rpc.lua:770	"rpc"	"/usr/bin/clangd-19"	"stderr"	"I[02:24:54.830] <-- textDocument/semanticTokens/full/delta(9)\n"
[ERROR][2025-03-26 02:24:54] .../vim/lsp/rpc.lua:770	"rpc"	"/usr/bin/clangd-19"	"stderr"	"I[02:24:54.830] --> reply:textDocument/semanticTokens/full/delta(9) 0 ms\n"
[ERROR][2025-03-26 02:25:05] .../vim/lsp/rpc.lua:770	"rpc"	"/usr/bin/clangd-19"	"stderr"	"I[02:25:05.042] <-- textDocument/didChange\n"
[ERROR][2025-03-26 02:25:05] .../vim/lsp/rpc.lua:770	"rpc"	"/usr/bin/clangd-19"	"stderr"	"I[02:25:05.094] Failed to find compilation database for /home/sasha2k62024/GitHub/NeovimGUIManager/IDE/Neovim/main.cpp\n"
[ERROR][2025-03-26 02:25:05] .../vim/lsp/rpc.lua:770	"rpc"	"/usr/bin/clangd-19"	"stderr"	"I[02:25:05.095] ASTWorker building file /home/sasha2k62024/GitHub/NeovimGUIManager/IDE/Neovim/main.cpp version 9 with command clangd fallback\n[/home/sasha2k62024/GitHub/NeovimGUIManager/IDE/Neovim]\n/usr/bin/clang -IHeaderFiles/rlImGui -resource-dir=/usr/lib/llvm-19/lib/clang/19 -- /home/sasha2k62024/GitHub/NeovimGUIManager/IDE/Neovim/main.cpp\n"
[ERROR][2025-03-26 02:25:05] .../vim/lsp/rpc.lua:770	"rpc"	"/usr/bin/clangd-19"	"stderr"	"I[02:25:05.124] --> textDocument/publishDiagnostics\n"
[ERROR][2025-03-26 02:25:05] .../vim/lsp/rpc.lua:770	"rpc"	"/usr/bin/clangd-19"	"stderr"	"I[02:25:05.196] <-- textDocument/didChange\n"
[ERROR][2025-03-26 02:25:05] .../vim/lsp/rpc.lua:770	"rpc"	"/usr/bin/clangd-19"	"stderr"	"I[02:25:05.246] Failed to find compilation database for /home/sasha2k62024/GitHub/NeovimGUIManager/IDE/Neovim/main.cpp\nI[02:25:05.248] ASTWorker building file /home/sasha2k62024/GitHub/NeovimGUIManager/IDE/Neovim/main.cpp version 22 with command clangd fallback\n[/home/sasha2k62024/GitHub/NeovimGUIManager/IDE/Neovim]\n/usr/bin/clang -IHeaderFiles/rlImGui -resource-dir=/usr/lib/llvm-19/lib/clang/19 -- /home/sasha2k62024/GitHub/NeovimGUIManager/IDE/Neovim/main.cpp\n"
[ERROR][2025-03-26 02:25:05] .../vim/lsp/rpc.lua:770	"rpc"	"/usr/bin/clangd-19"	"stderr"	"I[02:25:05.248] <-- textDocument/semanticTokens/full/delta(10)\n"
[ERROR][2025-03-26 02:25:05] .../vim/lsp/rpc.lua:770	"rpc"	"/usr/bin/clangd-19"	"stderr"	"I[02:25:05.276] --> textDocument/publishDiagnostics\n"
[ERROR][2025-03-26 02:25:05] .../vim/lsp/rpc.lua:770	"rpc"	"/usr/bin/clangd-19"	"stderr"	"I[02:25:05.277] --> reply:textDocument/semanticTokens/full/delta(10) 28 ms\n"
[ERROR][2025-03-26 02:25:05] .../vim/lsp/rpc.lua:770	"rpc"	"/usr/bin/clangd-19"	"stderr"	"I[02:25:05.873] Built preamble of size 3406860 for file /home/sasha2k62024/GitHub/NeovimGUIManager/IDE/Neovim/main.cpp version 22 in 0.62 seconds\n"
[ERROR][2025-03-26 02:25:05] .../vim/lsp/rpc.lua:770	"rpc"	"/usr/bin/clangd-19"	"stderr"	"I[02:25:05.873] --> workspace/semanticTokens/refresh(3)\n"
[ERROR][2025-03-26 02:25:05] .../vim/lsp/rpc.lua:770	"rpc"	"/usr/bin/clangd-19"	"stderr"	"I[02:25:05.875] <-- textDocument/semanticTokens/full/delta(11)\nI[02:25:05.875] <-- reply(3)\n"
[ERROR][2025-03-26 02:25:05] .../vim/lsp/rpc.lua:770	"rpc"	"/usr/bin/clangd-19"	"stderr"	"I[02:25:05.884] --> textDocument/publishDiagnostics\n"
[ERROR][2025-03-26 02:25:05] .../vim/lsp/rpc.lua:770	"rpc"	"/usr/bin/clangd-19"	"stderr"	"I[02:25:05.884] --> reply:textDocument/semanticTokens/full/delta(11) 9 ms\n"
[ERROR][2025-03-26 02:25:06] .../vim/lsp/rpc.lua:770	"rpc"	"/usr/bin/clangd-19"	"stderr"	"I[02:25:06.142] <-- textDocument/completion(12)\n"
[ERROR][2025-03-26 02:25:06] .../vim/lsp/rpc.lua:770	"rpc"	"/usr/bin/clangd-19"	"stderr"	"I[02:25:06.185] Code complete: sema context IncludedFile, query scopes [] (AnyScope=true), expected type <none>\n"
[ERROR][2025-03-26 02:25:06] .../vim/lsp/rpc.lua:770	"rpc"	"/usr/bin/clangd-19"	"stderr"	"I[02:25:06.186] Code complete: 582 results from Sema, 0 from Index, 0 matched, 0 from identifiers, 100 returned (incomplete).\n"
[ERROR][2025-03-26 02:25:06] .../vim/lsp/rpc.lua:770	"rpc"	"/usr/bin/clangd-19"	"stderr"	"I[02:25:06.189] --> reply:textDocument/completion(12) 46 ms\n"
[ERROR][2025-03-26 02:25:07] .../vim/lsp/rpc.lua:770	"rpc"	"/usr/bin/clangd-19"	"stderr"	"I[02:25:07.651] <-- textDocument/didChange\n"
[ERROR][2025-03-26 02:25:07] .../vim/lsp/rpc.lua:770	"rpc"	"/usr/bin/clangd-19"	"stderr"	"I[02:25:07.668] <-- textDocument/didChange\nI[02:25:07.669] <-- textDocument/completion(13)\nI[02:25:07.669] --> reply:textDocument/completion(13) 0 ms\n"
[ERROR][2025-03-26 02:25:07] .../vim/lsp/rpc.lua:770	"rpc"	"/usr/bin/clangd-19"	"stderr"	"I[02:25:07.720] Failed to find compilation database for /home/sasha2k62024/GitHub/NeovimGUIManager/IDE/Neovim/main.cpp\n"
[ERROR][2025-03-26 02:25:07] .../vim/lsp/rpc.lua:770	"rpc"	"/usr/bin/clangd-19"	"stderr"	"I[02:25:07.721] ASTWorker building file /home/sasha2k62024/GitHub/NeovimGUIManager/IDE/Neovim/main.cpp version 31 with command clangd fallback\n[/home/sasha2k62024/GitHub/NeovimGUIManager/IDE/Neovim]\n/usr/bin/clang -IHeaderFiles/rlImGui -resource-dir=/usr/lib/llvm-19/lib/clang/19 -- /home/sasha2k62024/GitHub/NeovimGUIManager/IDE/Neovim/main.cpp\n"
[ERROR][2025-03-26 02:25:07] .../vim/lsp/rpc.lua:770	"rpc"	"/usr/bin/clangd-19"	"stderr"	"I[02:25:07.753] --> textDocument/publishDiagnostics\n"
[ERROR][2025-03-26 02:25:07] .../vim/lsp/rpc.lua:770	"rpc"	"/usr/bin/clangd-19"	"stderr"	"I[02:25:07.857] <-- textDocument/semanticTokens/full/delta(14)\nI[02:25:07.857] --> reply:textDocument/semanticTokens/full/delta(14) 0 ms\n"
[ERROR][2025-03-26 02:25:08] .../vim/lsp/rpc.lua:770	"rpc"	"/usr/bin/clangd-19"	"stderr"	"I[02:25:08.364] Built preamble of size 3406888 for file /home/sasha2k62024/GitHub/NeovimGUIManager/IDE/Neovim/main.cpp version 31 in 0.63 seconds\n"
[ERROR][2025-03-26 02:25:08] .../vim/lsp/rpc.lua:770	"rpc"	"/usr/bin/clangd-19"	"stderr"	"I[02:25:08.364] --> workspace/semanticTokens/refresh(4)\n"
[ERROR][2025-03-26 02:25:08] .../vim/lsp/rpc.lua:770	"rpc"	"/usr/bin/clangd-19"	"stderr"	"I[02:25:08.366] <-- textDocument/semanticTokens/full/delta(15)\nI[02:25:08.366] <-- reply(4)\n"
[ERROR][2025-03-26 02:25:08] .../vim/lsp/rpc.lua:770	"rpc"	"/usr/bin/clangd-19"	"stderr"	"I[02:25:08.376] --> textDocument/publishDiagnostics\n"
[ERROR][2025-03-26 02:25:08] .../vim/lsp/rpc.lua:770	"rpc"	"/usr/bin/clangd-19"	"stderr"	"I[02:25:08.376] --> reply:textDocument/semanticTokens/full/delta(15) 10 ms\n"
[ERROR][2025-03-26 02:25:57] .../vim/lsp/rpc.lua:770	"rpc"	"/usr/bin/clangd-19"	"stderr"	"I[02:25:57.938] <-- shutdown(16)\nI[02:25:57.938] --> reply:shutdown(16) 0 ms\n"
[START][2025-03-26 02:27:50] LSP logging initiated
[ERROR][2025-03-26 02:27:50] .../vim/lsp/rpc.lua:770	"rpc"	"/usr/bin/clangd-19"	"stderr"	"I[02:27:50.658] Debian clangd version 19.1.4 (1~deb12u1)\nI[02:27:50.658] Features: linux+grpc\nI[02:27:50.658] PID: 6005\n"
[ERROR][2025-03-26 02:27:50] .../vim/lsp/rpc.lua:770	"rpc"	"/usr/bin/clangd-19"	"stderr"	"I[02:27:50.658] Working directory: /home/sasha2k62024/GitHub/NeovimGUIManager\nI[02:27:50.658] argv[0]: /usr/bin/clangd-19\nI[02:27:50.658] Starting LSP over stdin/stdout\n"
[ERROR][2025-03-26 02:27:50] .../vim/lsp/rpc.lua:770	"rpc"	"/usr/bin/clangd-19"	"stderr"	"I[02:27:50.659] <-- initialize(1)\n"
[ERROR][2025-03-26 02:27:50] .../vim/lsp/rpc.lua:770	"rpc"	"/usr/bin/clangd-19"	"stderr"	"I[02:27:50.661] --> reply:initialize(1) 1 ms\n"
[ERROR][2025-03-26 02:27:50] .../vim/lsp/rpc.lua:770	"rpc"	"/usr/bin/clangd-19"	"stderr"	"I[02:27:50.662] <-- initialized\nI[02:27:50.663] <-- textDocument/didOpen\nI[02:27:50.664] --> textDocument/publishDiagnostics\nI[02:27:50.665] Failed to find compilation database for /home/sasha2k62024/GitHub/NeovimGUIManager/IDE/Neovim/main.cpp\nI[02:27:50.665] ASTWorker building file /home/sasha2k62024/GitHub/NeovimGUIManager/IDE/Neovim/main.cpp version 0 with command clangd fallback\n[/home/sasha2k62024/GitHub/NeovimGUIManager/IDE/Neovim]\n/usr/bin/clang -IHeaderFiles/rlImGui -resource-dir=/usr/lib/llvm-19/lib/clang/19 -- /home/sasha2k62024/GitHub/NeovimGUIManager/IDE/Neovim/main.cpp\n"
[ERROR][2025-03-26 02:27:50] .../vim/lsp/rpc.lua:770	"rpc"	"/usr/bin/clangd-19"	"stderr"	"I[02:27:50.676] <-- textDocument/semanticTokens/full(2)\n"
[ERROR][2025-03-26 02:27:51] .../vim/lsp/rpc.lua:770	"rpc"	"/usr/bin/clangd-19"	"stderr"	"I[02:27:51.386] Built preamble of size 3406860 for file /home/sasha2k62024/GitHub/NeovimGUIManager/IDE/Neovim/main.cpp version 0 in 0.72 seconds\n"
[ERROR][2025-03-26 02:27:51] .../vim/lsp/rpc.lua:770	"rpc"	"/usr/bin/clangd-19"	"stderr"	"I[02:27:51.387] --> workspace/semanticTokens/refresh(0)\n"
[ERROR][2025-03-26 02:27:51] .../vim/lsp/rpc.lua:770	"rpc"	"/usr/bin/clangd-19"	"stderr"	"I[02:27:51.387] Indexing c++17 standard library in the context of /home/sasha2k62024/GitHub/NeovimGUIManager/IDE/Neovim/main.cpp\nI[02:27:51.388] <-- $/cancelRequest\nI[02:27:51.388] <-- textDocument/semanticTokens/full(3)\n"
[ERROR][2025-03-26 02:27:51] .../vim/lsp/rpc.lua:770	"rpc"	"/usr/bin/clangd-19"	"stderr"	"I[02:27:51.388] <-- reply(0)\n"
[ERROR][2025-03-26 02:27:51] .../vim/lsp/rpc.lua:770	"rpc"	"/usr/bin/clangd-19"	"stderr"	"I[02:27:51.402] --> textDocument/publishDiagnostics\n"
[ERROR][2025-03-26 02:27:51] .../vim/lsp/rpc.lua:770	"rpc"	"/usr/bin/clangd-19"	"stderr"	"I[02:27:51.402] --> reply:textDocument/semanticTokens/full(2) 726 ms, error: Task was cancelled.\nI[02:27:51.402] --> reply:textDocument/semanticTokens/full(3) 14 ms\n"
[ERROR][2025-03-26 02:27:56] .../vim/lsp/rpc.lua:770	"rpc"	"/usr/bin/clangd-19"	"stderr"	"I[02:27:56.204] Indexed c++17 standard library (incomplete due to errors): 13658 symbols, 1808 filtered\n"
[ERROR][2025-03-26 02:30:00] .../vim/lsp/rpc.lua:770	"rpc"	"/usr/bin/clangd-19"	"stderr"	"I[02:30:00.010] <-- shutdown(4)\nI[02:30:00.010] --> reply:shutdown(4) 0 ms\n"
[START][2025-03-26 02:32:18] LSP logging initiated
[ERROR][2025-03-26 02:32:18] .../vim/lsp/rpc.lua:770	"rpc"	"/usr/bin/clangd-19"	"stderr"	"I[02:32:18.643] Debian clangd version 19.1.4 (1~deb12u1)\nI[02:32:18.643] Features: linux+grpc\nI[02:32:18.643] PID: 6056\n"
[ERROR][2025-03-26 02:32:18] .../vim/lsp/rpc.lua:770	"rpc"	"/usr/bin/clangd-19"	"stderr"	"I[02:32:18.643] Working directory: /home/sasha2k62024/GitHub/NeovimGUIManager\nI[02:32:18.644] argv[0]: /usr/bin/clangd-19\nI[02:32:18.644] Starting LSP over stdin/stdout\n"
[ERROR][2025-03-26 02:32:18] .../vim/lsp/rpc.lua:770	"rpc"	"/usr/bin/clangd-19"	"stderr"	"I[02:32:18.645] <-- initialize(1)\n"
[ERROR][2025-03-26 02:32:18] .../vim/lsp/rpc.lua:770	"rpc"	"/usr/bin/clangd-19"	"stderr"	"I[02:32:18.648] --> reply:initialize(1) 2 ms\n"
[ERROR][2025-03-26 02:32:18] .../vim/lsp/rpc.lua:770	"rpc"	"/usr/bin/clangd-19"	"stderr"	"I[02:32:18.649] <-- initialized\nI[02:32:18.651] <-- textDocument/didOpen\nI[02:32:18.652] --> textDocument/publishDiagnostics\nI[02:32:18.653] Failed to find compilation database for /home/sasha2k62024/GitHub/NeovimGUIManager/IDE/Neovim/main.cpp\nI[02:32:18.653] ASTWorker building file /home/sasha2k62024/GitHub/NeovimGUIManager/IDE/Neovim/main.cpp version 0 with command clangd fallback\n[/home/sasha2k62024/GitHub/NeovimGUIManager/IDE/Neovim]\n/usr/bin/clang -IHeaderFiles/rlImGui -resource-dir=/usr/lib/llvm-19/lib/clang/19 -- /home/sasha2k62024/GitHub/NeovimGUIManager/IDE/Neovim/main.cpp\n"
[ERROR][2025-03-26 02:32:18] .../vim/lsp/rpc.lua:770	"rpc"	"/usr/bin/clangd-19"	"stderr"	"I[02:32:18.669] <-- textDocument/semanticTokens/full(2)\n"
[ERROR][2025-03-26 02:32:19] .../vim/lsp/rpc.lua:770	"rpc"	"/usr/bin/clangd-19"	"stderr"	"I[02:32:19.400] Built preamble of size 3406860 for file /home/sasha2k62024/GitHub/NeovimGUIManager/IDE/Neovim/main.cpp version 0 in 0.74 seconds\n"
[ERROR][2025-03-26 02:32:19] .../vim/lsp/rpc.lua:770	"rpc"	"/usr/bin/clangd-19"	"stderr"	"I[02:32:19.401] Indexing c++17 standard library in the context of /home/sasha2k62024/GitHub/NeovimGUIManager/IDE/Neovim/main.cpp\nI[02:32:19.403] --> workspace/semanticTokens/refresh(0)\n"
[ERROR][2025-03-26 02:32:19] .../vim/lsp/rpc.lua:770	"rpc"	"/usr/bin/clangd-19"	"stderr"	"I[02:32:19.409] <-- $/cancelRequest\nI[02:32:19.409] <-- textDocument/semanticTokens/full(3)\nI[02:32:19.409] <-- reply(0)\nI[02:32:19.418] --> textDocument/publishDiagnostics\nI[02:32:19.419] --> reply:textDocument/semanticTokens/full(2) 749 ms, error: Task was cancelled.\nI[02:32:19.419] --> reply:textDocument/semanticTokens/full(3) 9 ms\n"
[ERROR][2025-03-26 02:32:20] .../vim/lsp/rpc.lua:770	"rpc"	"/usr/bin/clangd-19"	"stderr"	"I[02:32:20.699] <-- textDocument/didChange\n"
[ERROR][2025-03-26 02:32:20] .../vim/lsp/rpc.lua:770	"rpc"	"/usr/bin/clangd-19"	"stderr"	"I[02:32:20.748] <-- textDocument/semanticTokens/full/delta(4)\n"
[ERROR][2025-03-26 02:32:20] .../vim/lsp/rpc.lua:770	"rpc"	"/usr/bin/clangd-19"	"stderr"	"I[02:32:20.749] Failed to find compilation database for /home/sasha2k62024/GitHub/NeovimGUIManager/IDE/Neovim/main.cpp\n"
[ERROR][2025-03-26 02:32:20] .../vim/lsp/rpc.lua:770	"rpc"	"/usr/bin/clangd-19"	"stderr"	"I[02:32:20.749] ASTWorker building file /home/sasha2k62024/GitHub/NeovimGUIManager/IDE/Neovim/main.cpp version 5 with command clangd fallback\n[/home/sasha2k62024/GitHub/NeovimGUIManager/IDE/Neovim]\n/usr/bin/clang -IHeaderFiles/rlImGui -resource-dir=/usr/lib/llvm-19/lib/clang/19 -- /home/sasha2k62024/GitHub/NeovimGUIManager/IDE/Neovim/main.cpp\n"
[ERROR][2025-03-26 02:32:20] .../vim/lsp/rpc.lua:770	"rpc"	"/usr/bin/clangd-19"	"stderr"	"I[02:32:20.761] --> textDocument/publishDiagnostics\nI[02:32:20.762] --> reply:textDocument/semanticTokens/full/delta(4) 13 ms\n"
[ERROR][2025-03-26 02:32:21] .../vim/lsp/rpc.lua:770	"rpc"	"/usr/bin/clangd-19"	"stderr"	"I[02:32:21.418] Built preamble of size 3406860 for file /home/sasha2k62024/GitHub/NeovimGUIManager/IDE/Neovim/main.cpp version 5 in 0.67 seconds\n"
[ERROR][2025-03-26 02:32:21] .../vim/lsp/rpc.lua:770	"rpc"	"/usr/bin/clangd-19"	"stderr"	"I[02:32:21.418] --> workspace/semanticTokens/refresh(1)\n"
[ERROR][2025-03-26 02:32:21] .../vim/lsp/rpc.lua:770	"rpc"	"/usr/bin/clangd-19"	"stderr"	"I[02:32:21.419] <-- textDocument/semanticTokens/full/delta(5)\n"
[ERROR][2025-03-26 02:32:21] .../vim/lsp/rpc.lua:770	"rpc"	"/usr/bin/clangd-19"	"stderr"	"I[02:32:21.419] <-- reply(1)\n"
[ERROR][2025-03-26 02:32:21] .../vim/lsp/rpc.lua:770	"rpc"	"/usr/bin/clangd-19"	"stderr"	"I[02:32:21.430] --> textDocument/publishDiagnostics\nI[02:32:21.430] --> reply:textDocument/semanticTokens/full/delta(5) 11 ms\n"
[ERROR][2025-03-26 02:32:21] .../vim/lsp/rpc.lua:770	"rpc"	"/usr/bin/clangd-19"	"stderr"	"I[02:32:21.519] <-- textDocument/didChange\n"
[ERROR][2025-03-26 02:32:21] .../vim/lsp/rpc.lua:770	"rpc"	"/usr/bin/clangd-19"	"stderr"	"I[02:32:21.570] Failed to find compilation database for /home/sasha2k62024/GitHub/NeovimGUIManager/IDE/Neovim/main.cpp\nI[02:32:21.570] ASTWorker building file /home/sasha2k62024/GitHub/NeovimGUIManager/IDE/Neovim/main.cpp version 6 with command clangd fallback\n[/home/sasha2k62024/GitHub/NeovimGUIManager/IDE/Neovim]\n/usr/bin/clang -IHeaderFiles/rlImGui -resource-dir=/usr/lib/llvm-19/lib/clang/19 -- /home/sasha2k62024/GitHub/NeovimGUIManager/IDE/Neovim/main.cpp\n"
[ERROR][2025-03-26 02:32:21] .../vim/lsp/rpc.lua:770	"rpc"	"/usr/bin/clangd-19"	"stderr"	"I[02:32:21.582] --> textDocument/publishDiagnostics\n"
[ERROR][2025-03-26 02:32:21] .../vim/lsp/rpc.lua:770	"rpc"	"/usr/bin/clangd-19"	"stderr"	"I[02:32:21.677] <-- textDocument/didChange\n"
[ERROR][2025-03-26 02:32:21] .../vim/lsp/rpc.lua:770	"rpc"	"/usr/bin/clangd-19"	"stderr"	"I[02:32:21.679] <-- textDocument/completion(6)\n"
[ERROR][2025-03-26 02:32:21] .../vim/lsp/rpc.lua:770	"rpc"	"/usr/bin/clangd-19"	"stderr"	"I[02:32:21.691] Code complete: sema context PreprocessorDirective, query scopes [] (AnyScope=true), expected type <none>\n"
[ERROR][2025-03-26 02:32:21] .../vim/lsp/rpc.lua:770	"rpc"	"/usr/bin/clangd-19"	"stderr"	"I[02:32:21.692] Code complete: 7 results from Sema, 0 from Index, 0 matched, 0 from identifiers, 7 returned.\n"
[ERROR][2025-03-26 02:32:21] .../vim/lsp/rpc.lua:770	"rpc"	"/usr/bin/clangd-19"	"stderr"	"I[02:32:21.692] --> reply:textDocument/completion(6) 13 ms\n"
[ERROR][2025-03-26 02:32:21] .../vim/lsp/rpc.lua:770	"rpc"	"/usr/bin/clangd-19"	"stderr"	"I[02:32:21.727] Failed to find compilation database for /home/sasha2k62024/GitHub/NeovimGUIManager/IDE/Neovim/main.cpp\nI[02:32:21.728] ASTWorker building file /home/sasha2k62024/GitHub/NeovimGUIManager/IDE/Neovim/main.cpp version 7 with command clangd fallback\n[/home/sasha2k62024/GitHub/NeovimGUIManager/IDE/Neovim]\n/usr/bin/clang -IHeaderFiles/rlImGui -resource-dir=/usr/lib/llvm-19/lib/clang/19 -- /home/sasha2k62024/GitHub/NeovimGUIManager/IDE/Neovim/main.cpp\n"
[ERROR][2025-03-26 02:32:21] .../vim/lsp/rpc.lua:770	"rpc"	"/usr/bin/clangd-19"	"stderr"	"I[02:32:21.740] --> textDocument/publishDiagnostics\n"
[ERROR][2025-03-26 02:32:21] .../vim/lsp/rpc.lua:770	"rpc"	"/usr/bin/clangd-19"	"stderr"	"I[02:32:21.826] <-- textDocument/didChange\n"
[ERROR][2025-03-26 02:32:21] .../vim/lsp/rpc.lua:770	"rpc"	"/usr/bin/clangd-19"	"stderr"	"I[02:32:21.878] Failed to find compilation database for /home/sasha2k62024/GitHub/NeovimGUIManager/IDE/Neovim/main.cpp\nI[02:32:21.879] ASTWorker building file /home/sasha2k62024/GitHub/NeovimGUIManager/IDE/Neovim/main.cpp version 8 with command clangd fallback\n[/home/sasha2k62024/GitHub/NeovimGUIManager/IDE/Neovim]\n/usr/bin/clang -IHeaderFiles/rlImGui -resource-dir=/usr/lib/llvm-19/lib/clang/19 -- /home/sasha2k62024/GitHub/NeovimGUIManager/IDE/Neovim/main.cpp\n"
[ERROR][2025-03-26 02:32:21] .../vim/lsp/rpc.lua:770	"rpc"	"/usr/bin/clangd-19"	"stderr"	"I[02:32:21.908] --> textDocument/publishDiagnostics\n"
[ERROR][2025-03-26 02:32:21] .../vim/lsp/rpc.lua:770	"rpc"	"/usr/bin/clangd-19"	"stderr"	"I[02:32:21.976] <-- textDocument/didChange\n"
[ERROR][2025-03-26 02:32:22] .../vim/lsp/rpc.lua:770	"rpc"	"/usr/bin/clangd-19"	"stderr"	"I[02:32:22.027] Failed to find compilation database for /home/sasha2k62024/GitHub/NeovimGUIManager/IDE/Neovim/main.cpp\nI[02:32:22.028] ASTWorker building file /home/sasha2k62024/GitHub/NeovimGUIManager/IDE/Neovim/main.cpp version 9 with command clangd fallback\n[/home/sasha2k62024/GitHub/NeovimGUIManager/IDE/Neovim]\n/usr/bin/clang -IHeaderFiles/rlImGui -resource-dir=/usr/lib/llvm-19/lib/clang/19 -- /home/sasha2k62024/GitHub/NeovimGUIManager/IDE/Neovim/main.cpp\n"
[ERROR][2025-03-26 02:32:22] .../vim/lsp/rpc.lua:770	"rpc"	"/usr/bin/clangd-19"	"stderr"	"I[02:32:22.049] --> textDocument/publishDiagnostics\n"
[ERROR][2025-03-26 02:32:22] .../vim/lsp/rpc.lua:770	"rpc"	"/usr/bin/clangd-19"	"stderr"	"I[02:32:22.127] <-- textDocument/didChange\n"
[ERROR][2025-03-26 02:32:22] .../vim/lsp/rpc.lua:770	"rpc"	"/usr/bin/clangd-19"	"stderr"	"I[02:32:22.178] Failed to find compilation database for /home/sasha2k62024/GitHub/NeovimGUIManager/IDE/Neovim/main.cpp\n"
[ERROR][2025-03-26 02:32:22] .../vim/lsp/rpc.lua:770	"rpc"	"/usr/bin/clangd-19"	"stderr"	"I[02:32:22.181] ASTWorker building file /home/sasha2k62024/GitHub/NeovimGUIManager/IDE/Neovim/main.cpp version 10 with command clangd fallback\n[/home/sasha2k62024/GitHub/NeovimGUIManager/IDE/Neovim]\n/usr/bin/clang -IHeaderFiles/rlImGui -resource-dir=/usr/lib/llvm-19/lib/clang/19 -- /home/sasha2k62024/GitHub/NeovimGUIManager/IDE/Neovim/main.cpp\n"
[ERROR][2025-03-26 02:32:22] .../vim/lsp/rpc.lua:770	"rpc"	"/usr/bin/clangd-19"	"stderr"	"I[02:32:22.205] --> textDocument/publishDiagnostics\n"
[ERROR][2025-03-26 02:32:22] .../vim/lsp/rpc.lua:770	"rpc"	"/usr/bin/clangd-19"	"stderr"	"I[02:32:22.278] <-- textDocument/didChange\n"
[ERROR][2025-03-26 02:32:22] .../vim/lsp/rpc.lua:770	"rpc"	"/usr/bin/clangd-19"	"stderr"	"I[02:32:22.281] Built preamble of size 3406856 for file /home/sasha2k62024/GitHub/NeovimGUIManager/IDE/Neovim/main.cpp version 6 in 0.71 seconds\n"
[ERROR][2025-03-26 02:32:22] .../vim/lsp/rpc.lua:770	"rpc"	"/usr/bin/clangd-19"	"stderr"	"I[02:32:22.283] --> workspace/semanticTokens/refresh(2)\n"
[ERROR][2025-03-26 02:32:22] .../vim/lsp/rpc.lua:770	"rpc"	"/usr/bin/clangd-19"	"stderr"	"I[02:32:22.288] <-- textDocument/didChange\nI[02:32:22.288] <-- textDocument/semanticTokens/full/delta(7)\nI[02:32:22.288] <-- reply(2)\n"
[ERROR][2025-03-26 02:32:22] .../vim/lsp/rpc.lua:770	"rpc"	"/usr/bin/clangd-19"	"stderr"	"I[02:32:22.303] --> textDocument/publishDiagnostics\n"
[ERROR][2025-03-26 02:32:22] .../vim/lsp/rpc.lua:770	"rpc"	"/usr/bin/clangd-19"	"stderr"	"I[02:32:22.305] Failed to find compilation database for /home/sasha2k62024/GitHub/NeovimGUIManager/IDE/Neovim/main.cpp\nI[02:32:22.306] ASTWorker building file /home/sasha2k62024/GitHub/NeovimGUIManager/IDE/Neovim/main.cpp version 13 with command clangd fallback\n[/home/sasha2k62024/GitHub/NeovimGUIManager/IDE/Neovim]\n/usr/bin/clang -IHeaderFiles/rlImGui -resource-dir=/usr/lib/llvm-19/lib/clang/19 -- /home/sasha2k62024/GitHub/NeovimGUIManager/IDE/Neovim/main.cpp\n"
[ERROR][2025-03-26 02:32:22] .../vim/lsp/rpc.lua:770	"rpc"	"/usr/bin/clangd-19"	"stderr"	"I[02:32:22.325] --> textDocument/publishDiagnostics\n"
[ERROR][2025-03-26 02:32:22] .../vim/lsp/rpc.lua:770	"rpc"	"/usr/bin/clangd-19"	"stderr"	"I[02:32:22.328] --> reply:textDocument/semanticTokens/full/delta(7) 39 ms\n"
[ERROR][2025-03-26 02:32:23] .../vim/lsp/rpc.lua:770	"rpc"	"/usr/bin/clangd-19"	"stderr"	"I[02:32:23.008] Built preamble of size 3406860 for file /home/sasha2k62024/GitHub/NeovimGUIManager/IDE/Neovim/main.cpp version 13 in 0.70 seconds\n"
[ERROR][2025-03-26 02:32:23] .../vim/lsp/rpc.lua:770	"rpc"	"/usr/bin/clangd-19"	"stderr"	"I[02:32:23.008] --> workspace/semanticTokens/refresh(3)\n"
[ERROR][2025-03-26 02:32:23] .../vim/lsp/rpc.lua:770	"rpc"	"/usr/bin/clangd-19"	"stderr"	"I[02:32:23.013] <-- textDocument/semanticTokens/full/delta(8)\nI[02:32:23.013] <-- reply(3)\n"
[ERROR][2025-03-26 02:32:23] .../vim/lsp/rpc.lua:770	"rpc"	"/usr/bin/clangd-19"	"stderr"	"I[02:32:23.021] --> textDocument/publishDiagnostics\n"
[ERROR][2025-03-26 02:32:23] .../vim/lsp/rpc.lua:770	"rpc"	"/usr/bin/clangd-19"	"stderr"	"I[02:32:23.023] --> reply:textDocument/semanticTokens/full/delta(8) 9 ms\n"
[ERROR][2025-03-26 02:32:24] .../vim/lsp/rpc.lua:770	"rpc"	"/usr/bin/clangd-19"	"stderr"	"I[02:32:24.092] Indexed c++17 standard library (incomplete due to errors): 13658 symbols, 1808 filtered\n"
[ERROR][2025-03-26 02:32:24] .../vim/lsp/rpc.lua:770	"rpc"	"/usr/bin/clangd-19"	"stderr"	"I[02:32:24.724] <-- textDocument/didChange\n"
[ERROR][2025-03-26 02:32:24] .../vim/lsp/rpc.lua:770	"rpc"	"/usr/bin/clangd-19"	"stderr"	"I[02:32:24.775] Failed to find compilation database for /home/sasha2k62024/GitHub/NeovimGUIManager/IDE/Neovim/main.cpp\n"
[ERROR][2025-03-26 02:32:24] .../vim/lsp/rpc.lua:770	"rpc"	"/usr/bin/clangd-19"	"stderr"	"I[02:32:24.776] ASTWorker building file /home/sasha2k62024/GitHub/NeovimGUIManager/IDE/Neovim/main.cpp version 14 with command clangd fallback\n[/home/sasha2k62024/GitHub/NeovimGUIManager/IDE/Neovim]\n/usr/bin/clang -IHeaderFiles/rlImGui -resource-dir=/usr/lib/llvm-19/lib/clang/19 -- /home/sasha2k62024/GitHub/NeovimGUIManager/IDE/Neovim/main.cpp\n"
[ERROR][2025-03-26 02:32:24] .../vim/lsp/rpc.lua:770	"rpc"	"/usr/bin/clangd-19"	"stderr"	"I[02:32:24.786] --> textDocument/publishDiagnostics\n"
[ERROR][2025-03-26 02:32:24] .../vim/lsp/rpc.lua:770	"rpc"	"/usr/bin/clangd-19"	"stderr"	"I[02:32:24.923] <-- textDocument/semanticTokens/full/delta(9)\nI[02:32:24.923] --> reply:textDocument/semanticTokens/full/delta(9) 0 ms\n"
[ERROR][2025-03-26 02:32:25] .../vim/lsp/rpc.lua:770	"rpc"	"/usr/bin/clangd-19"	"stderr"	"I[02:32:25.086] <-- textDocument/didChange\n"
[ERROR][2025-03-26 02:32:25] .../vim/lsp/rpc.lua:770	"rpc"	"/usr/bin/clangd-19"	"stderr"	"I[02:32:25.090] <-- textDocument/completion(10)\n"
[ERROR][2025-03-26 02:32:25] .../vim/lsp/rpc.lua:770	"rpc"	"/usr/bin/clangd-19"	"stderr"	"I[02:32:25.114] Code complete: sema context IncludedFile, query scopes [] (AnyScope=true), expected type <none>\n"
[ERROR][2025-03-26 02:32:25] .../vim/lsp/rpc.lua:770	"rpc"	"/usr/bin/clangd-19"	"stderr"	"I[02:32:25.115] Code complete: 582 results from Sema, 0 from Index, 0 matched, 0 from identifiers, 100 returned (incomplete).\n"
[ERROR][2025-03-26 02:32:25] .../vim/lsp/rpc.lua:770	"rpc"	"/usr/bin/clangd-19"	"stderr"	"I[02:32:25.117] --> reply:textDocument/completion(10) 26 ms\n"
[ERROR][2025-03-26 02:32:25] .../vim/lsp/rpc.lua:770	"rpc"	"/usr/bin/clangd-19"	"stderr"	"I[02:32:25.137] Failed to find compilation database for /home/sasha2k62024/GitHub/NeovimGUIManager/IDE/Neovim/main.cpp\nI[02:32:25.138] ASTWorker building file /home/sasha2k62024/GitHub/NeovimGUIManager/IDE/Neovim/main.cpp version 15 with command clangd fallback\n[/home/sasha2k62024/GitHub/NeovimGUIManager/IDE/Neovim]\n/usr/bin/clang -IHeaderFiles/rlImGui -resource-dir=/usr/lib/llvm-19/lib/clang/19 -- /home/sasha2k62024/GitHub/NeovimGUIManager/IDE/Neovim/main.cpp\n"
[ERROR][2025-03-26 02:32:25] .../vim/lsp/rpc.lua:770	"rpc"	"/usr/bin/clangd-19"	"stderr"	"I[02:32:25.149] --> textDocument/publishDiagnostics\n"
[ERROR][2025-03-26 02:32:25] .../vim/lsp/rpc.lua:770	"rpc"	"/usr/bin/clangd-19"	"stderr"	"I[02:32:25.286] <-- textDocument/semanticTokens/full/delta(11)\nI[02:32:25.286] --> reply:textDocument/semanticTokens/full/delta(11) 0 ms\n"
[ERROR][2025-03-26 02:32:25] .../vim/lsp/rpc.lua:770	"rpc"	"/usr/bin/clangd-19"	"stderr"	"I[02:32:25.395] Built preamble of size 3406860 for file /home/sasha2k62024/GitHub/NeovimGUIManager/IDE/Neovim/main.cpp version 14 in 0.62 seconds\n"
[ERROR][2025-03-26 02:32:25] .../vim/lsp/rpc.lua:770	"rpc"	"/usr/bin/clangd-19"	"stderr"	"I[02:32:25.395] --> workspace/semanticTokens/refresh(4)\n"
[ERROR][2025-03-26 02:32:25] .../vim/lsp/rpc.lua:770	"rpc"	"/usr/bin/clangd-19"	"stderr"	"I[02:32:25.396] <-- textDocument/semanticTokens/full/delta(12)\n"
[ERROR][2025-03-26 02:32:25] .../vim/lsp/rpc.lua:770	"rpc"	"/usr/bin/clangd-19"	"stderr"	"I[02:32:25.400] <-- reply(4)\n"
[ERROR][2025-03-26 02:32:25] .../vim/lsp/rpc.lua:770	"rpc"	"/usr/bin/clangd-19"	"stderr"	"I[02:32:25.407] --> textDocument/publishDiagnostics\n"
[ERROR][2025-03-26 02:32:25] .../vim/lsp/rpc.lua:770	"rpc"	"/usr/bin/clangd-19"	"stderr"	"I[02:32:25.408] --> reply:textDocument/semanticTokens/full/delta(12) 12 ms\n"
[ERROR][2025-03-26 02:32:25] .../vim/lsp/rpc.lua:770	"rpc"	"/usr/bin/clangd-19"	"stderr"	"I[02:32:25.416] <-- textDocument/didChange\n"
[ERROR][2025-03-26 02:32:25] .../vim/lsp/rpc.lua:770	"rpc"	"/usr/bin/clangd-19"	"stderr"	"I[02:32:25.419] <-- textDocument/completion(13)\n"
[ERROR][2025-03-26 02:32:25] .../vim/lsp/rpc.lua:770	"rpc"	"/usr/bin/clangd-19"	"stderr"	"I[02:32:25.433] Code complete: sema context IncludedFile, query scopes [] (AnyScope=true), expected type <none>\nI[02:32:25.433] Code complete: 23 results from Sema, 0 from Index, 0 matched, 0 from identifiers, 23 returned.\nI[02:32:25.434] --> reply:textDocument/completion(13) 15 ms\n"
[ERROR][2025-03-26 02:32:25] .../vim/lsp/rpc.lua:770	"rpc"	"/usr/bin/clangd-19"	"stderr"	"I[02:32:25.467] Failed to find compilation database for /home/sasha2k62024/GitHub/NeovimGUIManager/IDE/Neovim/main.cpp\nI[02:32:25.468] ASTWorker building file /home/sasha2k62024/GitHub/NeovimGUIManager/IDE/Neovim/main.cpp version 16 with command clangd fallback\n[/home/sasha2k62024/GitHub/NeovimGUIManager/IDE/Neovim]\n/usr/bin/clang -IHeaderFiles/rlImGui -resource-dir=/usr/lib/llvm-19/lib/clang/19 -- /home/sasha2k62024/GitHub/NeovimGUIManager/IDE/Neovim/main.cpp\n"
[ERROR][2025-03-26 02:32:25] .../vim/lsp/rpc.lua:770	"rpc"	"/usr/bin/clangd-19"	"stderr"	"I[02:32:25.479] --> textDocument/publishDiagnostics\n"
[ERROR][2025-03-26 02:32:25] .../vim/lsp/rpc.lua:770	"rpc"	"/usr/bin/clangd-19"	"stderr"	"I[02:32:25.615] <-- textDocument/semanticTokens/full/delta(14)\n"
[ERROR][2025-03-26 02:32:25] .../vim/lsp/rpc.lua:770	"rpc"	"/usr/bin/clangd-19"	"stderr"	"I[02:32:25.616] --> reply:textDocument/semanticTokens/full/delta(14) 0 ms\n"
[ERROR][2025-03-26 02:32:25] .../vim/lsp/rpc.lua:770	"rpc"	"/usr/bin/clangd-19"	"stderr"	"I[02:32:25.623] <-- textDocument/didChange\n"
[ERROR][2025-03-26 02:32:25] .../vim/lsp/rpc.lua:770	"rpc"	"/usr/bin/clangd-19"	"stderr"	"I[02:32:25.675] Failed to find compilation database for /home/sasha2k62024/GitHub/NeovimGUIManager/IDE/Neovim/main.cpp\nI[02:32:25.675] ASTWorker building file /home/sasha2k62024/GitHub/NeovimGUIManager/IDE/Neovim/main.cpp version 17 with command clangd fallback\n[/home/sasha2k62024/GitHub/NeovimGUIManager/IDE/Neovim]\n/usr/bin/clang -IHeaderFiles/rlImGui -resource-dir=/usr/lib/llvm-19/lib/clang/19 -- /home/sasha2k62024/GitHub/NeovimGUIManager/IDE/Neovim/main.cpp\n"
[ERROR][2025-03-26 02:32:25] .../vim/lsp/rpc.lua:770	"rpc"	"/usr/bin/clangd-19"	"stderr"	"I[02:32:25.686] --> textDocument/publishDiagnostics\n"
[ERROR][2025-03-26 02:32:25] .../vim/lsp/rpc.lua:770	"rpc"	"/usr/bin/clangd-19"	"stderr"	"I[02:32:25.773] <-- textDocument/didChange\n"
[ERROR][2025-03-26 02:32:25] .../vim/lsp/rpc.lua:770	"rpc"	"/usr/bin/clangd-19"	"stderr"	"I[02:32:25.824] Failed to find compilation database for /home/sasha2k62024/GitHub/NeovimGUIManager/IDE/Neovim/main.cpp\nI[02:32:25.824] ASTWorker building file /home/sasha2k62024/GitHub/NeovimGUIManager/IDE/Neovim/main.cpp version 18 with command clangd fallback\n[/home/sasha2k62024/GitHub/NeovimGUIManager/IDE/Neovim]\n/usr/bin/clang -IHeaderFiles/rlImGui -resource-dir=/usr/lib/llvm-19/lib/clang/19 -- /home/sasha2k62024/GitHub/NeovimGUIManager/IDE/Neovim/main.cpp\n"
[ERROR][2025-03-26 02:32:25] .../vim/lsp/rpc.lua:770	"rpc"	"/usr/bin/clangd-19"	"stderr"	"I[02:32:25.836] --> textDocument/publishDiagnostics\n"
[ERROR][2025-03-26 02:32:25] .../vim/lsp/rpc.lua:770	"rpc"	"/usr/bin/clangd-19"	"stderr"	"I[02:32:25.895] <-- textDocument/semanticTokens/full/delta(15)\nI[02:32:25.896] --> reply:textDocument/semanticTokens/full/delta(15) 0 ms\n"
[ERROR][2025-03-26 02:32:25] .../vim/lsp/rpc.lua:770	"rpc"	"/usr/bin/clangd-19"	"stderr"	"I[02:32:25.934] <-- textDocument/didChange\n"
[ERROR][2025-03-26 02:32:25] .../vim/lsp/rpc.lua:770	"rpc"	"/usr/bin/clangd-19"	"stderr"	"I[02:32:25.985] Failed to find compilation database for /home/sasha2k62024/GitHub/NeovimGUIManager/IDE/Neovim/main.cpp\n"
[ERROR][2025-03-26 02:32:25] .../vim/lsp/rpc.lua:770	"rpc"	"/usr/bin/clangd-19"	"stderr"	"I[02:32:25.986] ASTWorker building file /home/sasha2k62024/GitHub/NeovimGUIManager/IDE/Neovim/main.cpp version 19 with command clangd fallback\n[/home/sasha2k62024/GitHub/NeovimGUIManager/IDE/Neovim]\n/usr/bin/clang -IHeaderFiles/rlImGui -resource-dir=/usr/lib/llvm-19/lib/clang/19 -- /home/sasha2k62024/GitHub/NeovimGUIManager/IDE/Neovim/main.cpp\n"
[ERROR][2025-03-26 02:32:25] .../vim/lsp/rpc.lua:770	"rpc"	"/usr/bin/clangd-19"	"stderr"	"I[02:32:25.998] --> textDocument/publishDiagnostics\n"
[ERROR][2025-03-26 02:32:26] .../vim/lsp/rpc.lua:770	"rpc"	"/usr/bin/clangd-19"	"stderr"	"I[02:32:26.052] Built preamble of size 3406860 for file /home/sasha2k62024/GitHub/NeovimGUIManager/IDE/Neovim/main.cpp version 15 in 0.66 seconds\n"
[ERROR][2025-03-26 02:32:26] .../vim/lsp/rpc.lua:770	"rpc"	"/usr/bin/clangd-19"	"stderr"	"I[02:32:26.053] --> workspace/semanticTokens/refresh(5)\n"
[ERROR][2025-03-26 02:32:26] .../vim/lsp/rpc.lua:770	"rpc"	"/usr/bin/clangd-19"	"stderr"	"I[02:32:26.057] <-- textDocument/didChange\nI[02:32:26.058] <-- textDocument/semanticTokens/full/delta(16)\nI[02:32:26.058] <-- reply(5)\n"
[ERROR][2025-03-26 02:32:26] .../vim/lsp/rpc.lua:770	"rpc"	"/usr/bin/clangd-19"	"stderr"	"I[02:32:26.069] --> textDocument/publishDiagnostics\n"
[ERROR][2025-03-26 02:32:26] .../vim/lsp/rpc.lua:770	"rpc"	"/usr/bin/clangd-19"	"stderr"	"I[02:32:26.071] Failed to find compilation database for /home/sasha2k62024/GitHub/NeovimGUIManager/IDE/Neovim/main.cpp\nI[02:32:26.071] ASTWorker building file /home/sasha2k62024/GitHub/NeovimGUIManager/IDE/Neovim/main.cpp version 20 with command clangd fallback\n[/home/sasha2k62024/GitHub/NeovimGUIManager/IDE/Neovim]\n/usr/bin/clang -IHeaderFiles/rlImGui -resource-dir=/usr/lib/llvm-19/lib/clang/19 -- /home/sasha2k62024/GitHub/NeovimGUIManager/IDE/Neovim/main.cpp\n"
[ERROR][2025-03-26 02:32:26] .../vim/lsp/rpc.lua:770	"rpc"	"/usr/bin/clangd-19"	"stderr"	"I[02:32:26.082] --> textDocument/publishDiagnostics\n"
[ERROR][2025-03-26 02:32:26] .../vim/lsp/rpc.lua:770	"rpc"	"/usr/bin/clangd-19"	"stderr"	"I[02:32:26.084] --> reply:textDocument/semanticTokens/full/delta(16) 26 ms\n"
[ERROR][2025-03-26 02:32:26] .../vim/lsp/rpc.lua:770	"rpc"	"/usr/bin/clangd-19"	"stderr"	"I[02:32:26.214] <-- textDocument/didChange\n"
[ERROR][2025-03-26 02:32:26] .../vim/lsp/rpc.lua:770	"rpc"	"/usr/bin/clangd-19"	"stderr"	"I[02:32:26.265] Failed to find compilation database for /home/sasha2k62024/GitHub/NeovimGUIManager/IDE/Neovim/main.cpp\nI[02:32:26.266] ASTWorker building file /home/sasha2k62024/GitHub/NeovimGUIManager/IDE/Neovim/main.cpp version 21 with command clangd fallback\n[/home/sasha2k62024/GitHub/NeovimGUIManager/IDE/Neovim]\n/usr/bin/clang -IHeaderFiles/rlImGui -resource-dir=/usr/lib/llvm-19/lib/clang/19 -- /home/sasha2k62024/GitHub/NeovimGUIManager/IDE/Neovim/main.cpp\n"
[ERROR][2025-03-26 02:32:26] .../vim/lsp/rpc.lua:770	"rpc"	"/usr/bin/clangd-19"	"stderr"	"I[02:32:26.282] --> textDocument/publishDiagnostics\n"
[ERROR][2025-03-26 02:32:26] .../vim/lsp/rpc.lua:770	"rpc"	"/usr/bin/clangd-19"	"stderr"	"I[02:32:26.364] <-- textDocument/didChange\n"
[ERROR][2025-03-26 02:32:26] .../vim/lsp/rpc.lua:770	"rpc"	"/usr/bin/clangd-19"	"stderr"	"I[02:32:26.415] Failed to find compilation database for /home/sasha2k62024/GitHub/NeovimGUIManager/IDE/Neovim/main.cpp\nI[02:32:26.415] ASTWorker building file /home/sasha2k62024/GitHub/NeovimGUIManager/IDE/Neovim/main.cpp version 22 with command clangd fallback\n[/home/sasha2k62024/GitHub/NeovimGUIManager/IDE/Neovim]\n/usr/bin/clang -IHeaderFiles/rlImGui -resource-dir=/usr/lib/llvm-19/lib/clang/19 -- /home/sasha2k62024/GitHub/NeovimGUIManager/IDE/Neovim/main.cpp\n"
[ERROR][2025-03-26 02:32:26] .../vim/lsp/rpc.lua:770	"rpc"	"/usr/bin/clangd-19"	"stderr"	"I[02:32:26.429] --> textDocument/publishDiagnostics\n"
[ERROR][2025-03-26 02:32:26] .../vim/lsp/rpc.lua:770	"rpc"	"/usr/bin/clangd-19"	"stderr"	"I[02:32:26.515] <-- textDocument/didChange\n"
[ERROR][2025-03-26 02:32:26] .../vim/lsp/rpc.lua:770	"rpc"	"/usr/bin/clangd-19"	"stderr"	"I[02:32:26.565] Failed to find compilation database for /home/sasha2k62024/GitHub/NeovimGUIManager/IDE/Neovim/main.cpp\nI[02:32:26.566] ASTWorker building file /home/sasha2k62024/GitHub/NeovimGUIManager/IDE/Neovim/main.cpp version 23 with command clangd fallback\n[/home/sasha2k62024/GitHub/NeovimGUIManager/IDE/Neovim]\n/usr/bin/clang -IHeaderFiles/rlImGui -resource-dir=/usr/lib/llvm-19/lib/clang/19 -- /home/sasha2k62024/GitHub/NeovimGUIManager/IDE/Neovim/main.cpp\n"
[ERROR][2025-03-26 02:32:26] .../vim/lsp/rpc.lua:770	"rpc"	"/usr/bin/clangd-19"	"stderr"	"I[02:32:26.577] --> textDocument/publishDiagnostics\n"
[ERROR][2025-03-26 02:32:26] .../vim/lsp/rpc.lua:770	"rpc"	"/usr/bin/clangd-19"	"stderr"	"I[02:32:26.582] <-- textDocument/semanticTokens/full/delta(17)\nI[02:32:26.582] --> reply:textDocument/semanticTokens/full/delta(17) 0 ms\n"
[ERROR][2025-03-26 02:32:26] .../vim/lsp/rpc.lua:770	"rpc"	"/usr/bin/clangd-19"	"stderr"	"I[02:32:26.670] <-- textDocument/didChange\nI[02:32:26.671] <-- textDocument/completion(18)\nI[02:32:26.671] --> reply:textDocument/completion(18) 0 ms\n"
[ERROR][2025-03-26 02:32:26] .../vim/lsp/rpc.lua:770	"rpc"	"/usr/bin/clangd-19"	"stderr"	"I[02:32:26.715] Built preamble of size 3406860 for file /home/sasha2k62024/GitHub/NeovimGUIManager/IDE/Neovim/main.cpp version 19 in 0.66 seconds\n"
[ERROR][2025-03-26 02:32:26] .../vim/lsp/rpc.lua:770	"rpc"	"/usr/bin/clangd-19"	"stderr"	"I[02:32:26.715] --> workspace/semanticTokens/refresh(6)\n"
[ERROR][2025-03-26 02:32:26] .../vim/lsp/rpc.lua:770	"rpc"	"/usr/bin/clangd-19"	"stderr"	"I[02:32:26.719] <-- textDocument/semanticTokens/full/delta(19)\nI[02:32:26.719] <-- reply(6)\n"
[ERROR][2025-03-26 02:32:26] .../vim/lsp/rpc.lua:770	"rpc"	"/usr/bin/clangd-19"	"stderr"	"I[02:32:26.727] --> textDocument/publishDiagnostics\n"
[ERROR][2025-03-26 02:32:26] .../vim/lsp/rpc.lua:770	"rpc"	"/usr/bin/clangd-19"	"stderr"	"I[02:32:26.728] Failed to find compilation database for /home/sasha2k62024/GitHub/NeovimGUIManager/IDE/Neovim/main.cpp\nI[02:32:26.729] ASTWorker building file /home/sasha2k62024/GitHub/NeovimGUIManager/IDE/Neovim/main.cpp version 24 with command clangd fallback\n[/home/sasha2k62024/GitHub/NeovimGUIManager/IDE/Neovim]\n/usr/bin/clang -IHeaderFiles/rlImGui -resource-dir=/usr/lib/llvm-19/lib/clang/19 -- /home/sasha2k62024/GitHub/NeovimGUIManager/IDE/Neovim/main.cpp\n"
[ERROR][2025-03-26 02:32:26] .../vim/lsp/rpc.lua:770	"rpc"	"/usr/bin/clangd-19"	"stderr"	"I[02:32:26.744] --> textDocument/publishDiagnostics\nI[02:32:26.744] --> reply:textDocument/semanticTokens/full/delta(19) 24 ms\n"
[ERROR][2025-03-26 02:32:27] .../vim/lsp/rpc.lua:770	"rpc"	"/usr/bin/clangd-19"	"stderr"	"I[02:32:27.339] Built preamble of size 3406864 for file /home/sasha2k62024/GitHub/NeovimGUIManager/IDE/Neovim/main.cpp version 23 in 0.62 seconds\n"
[ERROR][2025-03-26 02:32:27] .../vim/lsp/rpc.lua:770	"rpc"	"/usr/bin/clangd-19"	"stderr"	"I[02:32:27.339] --> workspace/semanticTokens/refresh(7)\n"
[ERROR][2025-03-26 02:32:27] .../vim/lsp/rpc.lua:770	"rpc"	"/usr/bin/clangd-19"	"stderr"	"I[02:32:27.344] <-- textDocument/semanticTokens/full/delta(20)\nI[02:32:27.345] <-- reply(7)\n"
[ERROR][2025-03-26 02:32:27] .../vim/lsp/rpc.lua:770	"rpc"	"/usr/bin/clangd-19"	"stderr"	"I[02:32:27.351] --> textDocument/publishDiagnostics\n"
[ERROR][2025-03-26 02:32:27] .../vim/lsp/rpc.lua:770	"rpc"	"/usr/bin/clangd-19"	"stderr"	"I[02:32:27.353] --> reply:textDocument/semanticTokens/full/delta(20) 8 ms\n"
[ERROR][2025-03-26 02:32:27] .../vim/lsp/rpc.lua:770	"rpc"	"/usr/bin/clangd-19"	"stderr"	"I[02:32:27.823] <-- textDocument/didChange\n"
[ERROR][2025-03-26 02:32:27] .../vim/lsp/rpc.lua:770	"rpc"	"/usr/bin/clangd-19"	"stderr"	"I[02:32:27.825] <-- textDocument/completion(21)\n"
[ERROR][2025-03-26 02:32:27] .../vim/lsp/rpc.lua:770	"rpc"	"/usr/bin/clangd-19"	"stderr"	"I[02:32:27.838] Code complete: sema context IncludedFile, query scopes [] (AnyScope=true), expected type <none>\n"
[ERROR][2025-03-26 02:32:27] .../vim/lsp/rpc.lua:770	"rpc"	"/usr/bin/clangd-19"	"stderr"	"I[02:32:27.838] Code complete: 1 results from Sema, 0 from Index, 0 matched, 0 from identifiers, 1 returned.\n"
[ERROR][2025-03-26 02:32:27] .../vim/lsp/rpc.lua:770	"rpc"	"/usr/bin/clangd-19"	"stderr"	"I[02:32:27.839] --> reply:textDocument/completion(21) 13 ms\n"
[ERROR][2025-03-26 02:32:27] .../vim/lsp/rpc.lua:770	"rpc"	"/usr/bin/clangd-19"	"stderr"	"I[02:32:27.874] Failed to find compilation database for /home/sasha2k62024/GitHub/NeovimGUIManager/IDE/Neovim/main.cpp\nI[02:32:27.874] ASTWorker building file /home/sasha2k62024/GitHub/NeovimGUIManager/IDE/Neovim/main.cpp version 25 with command clangd fallback\n[/home/sasha2k62024/GitHub/NeovimGUIManager/IDE/Neovim]\n/usr/bin/clang -IHeaderFiles/rlImGui -resource-dir=/usr/lib/llvm-19/lib/clang/19 -- /home/sasha2k62024/GitHub/NeovimGUIManager/IDE/Neovim/main.cpp\n"
[ERROR][2025-03-26 02:32:27] .../vim/lsp/rpc.lua:770	"rpc"	"/usr/bin/clangd-19"	"stderr"	"I[02:32:27.886] --> textDocument/publishDiagnostics\n"
[ERROR][2025-03-26 02:32:27] .../vim/lsp/rpc.lua:770	"rpc"	"/usr/bin/clangd-19"	"stderr"	"I[02:32:27.961] Built preamble of size 3406864 for file /home/sasha2k62024/GitHub/NeovimGUIManager/IDE/Neovim/main.cpp version 24 in 0.62 seconds\n"
[ERROR][2025-03-26 02:32:27] .../vim/lsp/rpc.lua:770	"rpc"	"/usr/bin/clangd-19"	"stderr"	"I[02:32:27.962] --> workspace/semanticTokens/refresh(8)\n"
[ERROR][2025-03-26 02:32:27] .../vim/lsp/rpc.lua:770	"rpc"	"/usr/bin/clangd-19"	"stderr"	"I[02:32:27.962] <-- textDocument/semanticTokens/full/delta(22)\nI[02:32:27.964] <-- reply(8)\n"
[ERROR][2025-03-26 02:32:27] .../vim/lsp/rpc.lua:770	"rpc"	"/usr/bin/clangd-19"	"stderr"	"I[02:32:27.975] --> textDocument/publishDiagnostics\n"
[ERROR][2025-03-26 02:32:27] .../vim/lsp/rpc.lua:770	"rpc"	"/usr/bin/clangd-19"	"stderr"	"I[02:32:27.976] --> reply:textDocument/semanticTokens/full/delta(22) 13 ms\n"
[ERROR][2025-03-26 02:32:28] .../vim/lsp/rpc.lua:770	"rpc"	"/usr/bin/clangd-19"	"stderr"	"I[02:32:28.491] <-- textDocument/didChange\n"
[ERROR][2025-03-26 02:32:28] .../vim/lsp/rpc.lua:770	"rpc"	"/usr/bin/clangd-19"	"stderr"	"I[02:32:28.506] <-- textDocument/didChange\nI[02:32:28.507] <-- textDocument/completion(23)\nI[02:32:28.507] --> reply:textDocument/completion(23) 0 ms\n"
[ERROR][2025-03-26 02:32:28] .../vim/lsp/rpc.lua:770	"rpc"	"/usr/bin/clangd-19"	"stderr"	"I[02:32:28.557] Failed to find compilation database for /home/sasha2k62024/GitHub/NeovimGUIManager/IDE/Neovim/main.cpp\nI[02:32:28.557] ASTWorker building file /home/sasha2k62024/GitHub/NeovimGUIManager/IDE/Neovim/main.cpp version 44 with command clangd fallback\n[/home/sasha2k62024/GitHub/NeovimGUIManager/IDE/Neovim]\n/usr/bin/clang -IHeaderFiles/rlImGui -resource-dir=/usr/lib/llvm-19/lib/clang/19 -- /home/sasha2k62024/GitHub/NeovimGUIManager/IDE/Neovim/main.cpp\n"
[ERROR][2025-03-26 02:32:28] .../vim/lsp/rpc.lua:770	"rpc"	"/usr/bin/clangd-19"	"stderr"	"I[02:32:28.569] --> textDocument/publishDiagnostics\n"
[ERROR][2025-03-26 02:32:28] .../vim/lsp/rpc.lua:770	"rpc"	"/usr/bin/clangd-19"	"stderr"	"I[02:32:28.581] Built preamble of size 3406864 for file /home/sasha2k62024/GitHub/NeovimGUIManager/IDE/Neovim/main.cpp version 25 in 0.62 seconds\n"
[ERROR][2025-03-26 02:32:28] .../vim/lsp/rpc.lua:770	"rpc"	"/usr/bin/clangd-19"	"stderr"	"I[02:32:28.581] --> workspace/semanticTokens/refresh(9)\n"
[ERROR][2025-03-26 02:32:28] .../vim/lsp/rpc.lua:770	"rpc"	"/usr/bin/clangd-19"	"stderr"	"I[02:32:28.583] <-- textDocument/semanticTokens/full/delta(24)\nI[02:32:28.583] <-- reply(9)\n"
[ERROR][2025-03-26 02:32:28] .../vim/lsp/rpc.lua:770	"rpc"	"/usr/bin/clangd-19"	"stderr"	"I[02:32:28.595] --> textDocument/publishDiagnostics\n"
[ERROR][2025-03-26 02:32:28] .../vim/lsp/rpc.lua:770	"rpc"	"/usr/bin/clangd-19"	"stderr"	"I[02:32:28.597] --> reply:textDocument/semanticTokens/full/delta(24) 14 ms\n"
[ERROR][2025-03-26 02:32:29] .../vim/lsp/rpc.lua:770	"rpc"	"/usr/bin/clangd-19"	"stderr"	"I[02:32:29.186] Built preamble of size 3406864 for file /home/sasha2k62024/GitHub/NeovimGUIManager/IDE/Neovim/main.cpp version 44 in 0.60 seconds\n"
[ERROR][2025-03-26 02:32:29] .../vim/lsp/rpc.lua:770	"rpc"	"/usr/bin/clangd-19"	"stderr"	"I[02:32:29.187] --> workspace/semanticTokens/refresh(10)\n"
[ERROR][2025-03-26 02:32:29] .../vim/lsp/rpc.lua:770	"rpc"	"/usr/bin/clangd-19"	"stderr"	"I[02:32:29.189] <-- textDocument/semanticTokens/full/delta(25)\n"
[ERROR][2025-03-26 02:32:29] .../vim/lsp/rpc.lua:770	"rpc"	"/usr/bin/clangd-19"	"stderr"	"I[02:32:29.189] <-- reply(10)\n"
[ERROR][2025-03-26 02:32:29] .../vim/lsp/rpc.lua:770	"rpc"	"/usr/bin/clangd-19"	"stderr"	"I[02:32:29.197] --> textDocument/publishDiagnostics\n"
[ERROR][2025-03-26 02:32:29] .../vim/lsp/rpc.lua:770	"rpc"	"/usr/bin/clangd-19"	"stderr"	"I[02:32:29.198] --> reply:textDocument/semanticTokens/full/delta(25) 8 ms\n"
[ERROR][2025-03-26 02:32:31] .../vim/lsp/rpc.lua:770	"rpc"	"/usr/bin/clangd-19"	"stderr"	"I[02:32:31.423] <-- textDocument/didChange\n"
[ERROR][2025-03-26 02:32:31] .../vim/lsp/rpc.lua:770	"rpc"	"/usr/bin/clangd-19"	"stderr"	"I[02:32:31.474] Failed to find compilation database for /home/sasha2k62024/GitHub/NeovimGUIManager/IDE/Neovim/main.cpp\n"
[ERROR][2025-03-26 02:32:31] .../vim/lsp/rpc.lua:770	"rpc"	"/usr/bin/clangd-19"	"stderr"	"I[02:32:31.475] ASTWorker building file /home/sasha2k62024/GitHub/NeovimGUIManager/IDE/Neovim/main.cpp version 45 with command clangd fallback\n[/home/sasha2k62024/GitHub/NeovimGUIManager/IDE/Neovim]\n/usr/bin/clang -IHeaderFiles/rlImGui -resource-dir=/usr/lib/llvm-19/lib/clang/19 -- /home/sasha2k62024/GitHub/NeovimGUIManager/IDE/Neovim/main.cpp\n"
[ERROR][2025-03-26 02:32:31] .../vim/lsp/rpc.lua:770	"rpc"	"/usr/bin/clangd-19"	"stderr"	"I[02:32:31.485] --> textDocument/publishDiagnostics\n"
[ERROR][2025-03-26 02:32:31] .../vim/lsp/rpc.lua:770	"rpc"	"/usr/bin/clangd-19"	"stderr"	"I[02:32:31.621] <-- textDocument/semanticTokens/full/delta(26)\n"
[ERROR][2025-03-26 02:32:31] .../vim/lsp/rpc.lua:770	"rpc"	"/usr/bin/clangd-19"	"stderr"	"I[02:32:31.622] --> reply:textDocument/semanticTokens/full/delta(26) 0 ms\n"
[ERROR][2025-03-26 02:32:33] .../vim/lsp/rpc.lua:770	"rpc"	"/usr/bin/clangd-19"	"stderr"	"I[02:32:33.986] <-- textDocument/didChange\n"
[ERROR][2025-03-26 02:32:34] .../vim/lsp/rpc.lua:770	"rpc"	"/usr/bin/clangd-19"	"stderr"	"I[02:32:34.037] Failed to find compilation database for /home/sasha2k62024/GitHub/NeovimGUIManager/IDE/Neovim/main.cpp\n"
[ERROR][2025-03-26 02:32:34] .../vim/lsp/rpc.lua:770	"rpc"	"/usr/bin/clangd-19"	"stderr"	"I[02:32:34.038] ASTWorker building file /home/sasha2k62024/GitHub/NeovimGUIManager/IDE/Neovim/main.cpp version 46 with command clangd fallback\n[/home/sasha2k62024/GitHub/NeovimGUIManager/IDE/Neovim]\n/usr/bin/clang -IHeaderFiles/rlImGui -resource-dir=/usr/lib/llvm-19/lib/clang/19 -- /home/sasha2k62024/GitHub/NeovimGUIManager/IDE/Neovim/main.cpp\n"
[ERROR][2025-03-26 02:32:34] .../vim/lsp/rpc.lua:770	"rpc"	"/usr/bin/clangd-19"	"stderr"	"I[02:32:34.066] --> textDocument/publishDiagnostics\n"
[ERROR][2025-03-26 02:32:34] .../vim/lsp/rpc.lua:770	"rpc"	"/usr/bin/clangd-19"	"stderr"	"I[02:32:34.161] <-- textDocument/semanticTokens/full/delta(27)\nI[02:32:34.161] --> reply:textDocument/semanticTokens/full/delta(27) 0 ms\n"
[ERROR][2025-03-26 02:32:35] .../vim/lsp/rpc.lua:770	"rpc"	"/usr/bin/clangd-19"	"stderr"	"I[02:32:35.349] <-- textDocument/didSave\nI[02:32:35.349] File version went from 46 to 46\n"
[ERROR][2025-03-26 02:32:35] .../vim/lsp/rpc.lua:770	"rpc"	"/usr/bin/clangd-19"	"stderr"	"I[02:32:35.400] Failed to find compilation database for /home/sasha2k62024/GitHub/NeovimGUIManager/IDE/Neovim/main.cpp\n"
[ERROR][2025-03-26 02:32:35] .../vim/lsp/rpc.lua:770	"rpc"	"/usr/bin/clangd-19"	"stderr"	"I[02:32:35.400] ASTWorker building file /home/sasha2k62024/GitHub/NeovimGUIManager/IDE/Neovim/main.cpp version 46 with command clangd fallback\n[/home/sasha2k62024/GitHub/NeovimGUIManager/IDE/Neovim]\n/usr/bin/clang -IHeaderFiles/rlImGui -resource-dir=/usr/lib/llvm-19/lib/clang/19 -- /home/sasha2k62024/GitHub/NeovimGUIManager/IDE/Neovim/main.cpp\n"
[ERROR][2025-03-26 02:32:46] .../vim/lsp/rpc.lua:770	"rpc"	"/usr/bin/clangd-19"	"stderr"	"I[02:32:46.917] <-- shutdown(28)\nI[02:32:46.917] --> reply:shutdown(28) 0 ms\n"
[START][2025-03-26 02:41:50] LSP logging initiated
[ERROR][2025-03-26 02:41:50] .../vim/lsp/rpc.lua:770	"rpc"	"/usr/bin/clangd-19"	"stderr"	"I[02:41:50.345] Debian clangd version 19.1.4 (1~deb12u1)\nI[02:41:50.345] Features: linux+grpc\nI[02:41:50.345] PID: 6245\n"
[ERROR][2025-03-26 02:41:50] .../vim/lsp/rpc.lua:770	"rpc"	"/usr/bin/clangd-19"	"stderr"	"I[02:41:50.345] Working directory: /home/sasha2k62024/GitHub/NeovimGUIManager\nI[02:41:50.345] argv[0]: /usr/bin/clangd-19\nI[02:41:50.346] Starting LSP over stdin/stdout\n"
[ERROR][2025-03-26 02:41:50] .../vim/lsp/rpc.lua:770	"rpc"	"/usr/bin/clangd-19"	"stderr"	"I[02:41:50.347] <-- initialize(1)\n"
[ERROR][2025-03-26 02:41:50] .../vim/lsp/rpc.lua:770	"rpc"	"/usr/bin/clangd-19"	"stderr"	"I[02:41:50.352] --> reply:initialize(1) 4 ms\n"
[ERROR][2025-03-26 02:41:50] .../vim/lsp/rpc.lua:770	"rpc"	"/usr/bin/clangd-19"	"stderr"	"I[02:41:50.353] <-- initialized\nI[02:41:50.353] <-- textDocument/didOpen\nI[02:41:50.356] --> textDocument/publishDiagnostics\nI[02:41:50.357] Failed to find compilation database for /home/sasha2k62024/GitHub/NeovimGUIManager/IDE/Neovim/main.cpp\nI[02:41:50.357] ASTWorker building file /home/sasha2k62024/GitHub/NeovimGUIManager/IDE/Neovim/main.cpp version 0 with command clangd fallback\n[/home/sasha2k62024/GitHub/NeovimGUIManager/IDE/Neovim]\n/usr/bin/clang -IHeaderFiles/rlImGui -resource-dir=/usr/lib/llvm-19/lib/clang/19 -- /home/sasha2k62024/GitHub/NeovimGUIManager/IDE/Neovim/main.cpp\n"
[ERROR][2025-03-26 02:41:50] .../vim/lsp/rpc.lua:770	"rpc"	"/usr/bin/clangd-19"	"stderr"	"I[02:41:50.371] <-- textDocument/semanticTokens/full(2)\n"
[ERROR][2025-03-26 02:41:51] .../vim/lsp/rpc.lua:770	"rpc"	"/usr/bin/clangd-19"	"stderr"	"I[02:41:51.171] Built preamble of size 3406864 for file /home/sasha2k62024/GitHub/NeovimGUIManager/IDE/Neovim/main.cpp version 0 in 0.80 seconds\n"
[ERROR][2025-03-26 02:41:51] .../vim/lsp/rpc.lua:770	"rpc"	"/usr/bin/clangd-19"	"stderr"	"I[02:41:51.172] --> workspace/semanticTokens/refresh(0)\n"
[ERROR][2025-03-26 02:41:51] .../vim/lsp/rpc.lua:770	"rpc"	"/usr/bin/clangd-19"	"stderr"	"I[02:41:51.172] Indexing c++17 standard library in the context of /home/sasha2k62024/GitHub/NeovimGUIManager/IDE/Neovim/main.cpp\n"
[ERROR][2025-03-26 02:41:51] .../vim/lsp/rpc.lua:770	"rpc"	"/usr/bin/clangd-19"	"stderr"	"I[02:41:51.173] <-- $/cancelRequest\nI[02:41:51.173] <-- textDocument/semanticTokens/full(3)\nI[02:41:51.173] <-- reply(0)\n"
[ERROR][2025-03-26 02:41:51] .../vim/lsp/rpc.lua:770	"rpc"	"/usr/bin/clangd-19"	"stderr"	"I[02:41:51.198] --> textDocument/publishDiagnostics\nI[02:41:51.198] --> reply:textDocument/semanticTokens/full(2) 827 ms, error: Task was cancelled.\nI[02:41:51.199] --> reply:textDocument/semanticTokens/full(3) 25 ms\n"
[ERROR][2025-03-26 02:41:54] .../vim/lsp/rpc.lua:770	"rpc"	"/usr/bin/clangd-19"	"stderr"	"I[02:41:54.039] <-- textDocument/didChange\n"
[ERROR][2025-03-26 02:41:54] .../vim/lsp/rpc.lua:770	"rpc"	"/usr/bin/clangd-19"	"stderr"	"I[02:41:54.089] <-- textDocument/semanticTokens/full/delta(4)\n"
[ERROR][2025-03-26 02:41:54] .../vim/lsp/rpc.lua:770	"rpc"	"/usr/bin/clangd-19"	"stderr"	"I[02:41:54.089] Failed to find compilation database for /home/sasha2k62024/GitHub/NeovimGUIManager/IDE/Neovim/main.cpp\n"
[ERROR][2025-03-26 02:41:54] .../vim/lsp/rpc.lua:770	"rpc"	"/usr/bin/clangd-19"	"stderr"	"I[02:41:54.090] ASTWorker building file /home/sasha2k62024/GitHub/NeovimGUIManager/IDE/Neovim/main.cpp version 5 with command clangd fallback\n[/home/sasha2k62024/GitHub/NeovimGUIManager/IDE/Neovim]\n/usr/bin/clang -IHeaderFiles/rlImGui -resource-dir=/usr/lib/llvm-19/lib/clang/19 -- /home/sasha2k62024/GitHub/NeovimGUIManager/IDE/Neovim/main.cpp\n"
[ERROR][2025-03-26 02:41:54] .../vim/lsp/rpc.lua:770	"rpc"	"/usr/bin/clangd-19"	"stderr"	"I[02:41:54.105] --> textDocument/publishDiagnostics\nI[02:41:54.105] --> reply:textDocument/semanticTokens/full/delta(4) 16 ms\n"
[ERROR][2025-03-26 02:41:54] .../vim/lsp/rpc.lua:770	"rpc"	"/usr/bin/clangd-19"	"stderr"	"I[02:41:54.803] Built preamble of size 3406864 for file /home/sasha2k62024/GitHub/NeovimGUIManager/IDE/Neovim/main.cpp version 5 in 0.71 seconds\n"
[ERROR][2025-03-26 02:41:54] .../vim/lsp/rpc.lua:770	"rpc"	"/usr/bin/clangd-19"	"stderr"	"I[02:41:54.805] --> workspace/semanticTokens/refresh(1)\n"
[ERROR][2025-03-26 02:41:54] .../vim/lsp/rpc.lua:770	"rpc"	"/usr/bin/clangd-19"	"stderr"	"I[02:41:54.806] <-- textDocument/semanticTokens/full/delta(5)\n"
[ERROR][2025-03-26 02:41:54] .../vim/lsp/rpc.lua:770	"rpc"	"/usr/bin/clangd-19"	"stderr"	"I[02:41:54.807] <-- reply(1)\n"
[ERROR][2025-03-26 02:41:54] .../vim/lsp/rpc.lua:770	"rpc"	"/usr/bin/clangd-19"	"stderr"	"I[02:41:54.830] --> textDocument/publishDiagnostics\n"
[ERROR][2025-03-26 02:41:54] .../vim/lsp/rpc.lua:770	"rpc"	"/usr/bin/clangd-19"	"stderr"	"I[02:41:54.830] --> reply:textDocument/semanticTokens/full/delta(5) 24 ms\n"
[ERROR][2025-03-26 02:41:55] .../vim/lsp/rpc.lua:770	"rpc"	"/usr/bin/clangd-19"	"stderr"	"I[02:41:55.755] <-- textDocument/didChange\n"
[ERROR][2025-03-26 02:41:55] .../vim/lsp/rpc.lua:770	"rpc"	"/usr/bin/clangd-19"	"stderr"	"I[02:41:55.806] Failed to find compilation database for /home/sasha2k62024/GitHub/NeovimGUIManager/IDE/Neovim/main.cpp\n"
[ERROR][2025-03-26 02:41:55] .../vim/lsp/rpc.lua:770	"rpc"	"/usr/bin/clangd-19"	"stderr"	"I[02:41:55.806] ASTWorker building file /home/sasha2k62024/GitHub/NeovimGUIManager/IDE/Neovim/main.cpp version 6 with command clangd fallback\n[/home/sasha2k62024/GitHub/NeovimGUIManager/IDE/Neovim]\n/usr/bin/clang -IHeaderFiles/rlImGui -resource-dir=/usr/lib/llvm-19/lib/clang/19 -- /home/sasha2k62024/GitHub/NeovimGUIManager/IDE/Neovim/main.cpp\n"
[ERROR][2025-03-26 02:41:55] .../vim/lsp/rpc.lua:770	"rpc"	"/usr/bin/clangd-19"	"stderr"	"I[02:41:55.818] --> textDocument/publishDiagnostics\n"
[ERROR][2025-03-26 02:41:55] .../vim/lsp/rpc.lua:770	"rpc"	"/usr/bin/clangd-19"	"stderr"	"I[02:41:55.955] <-- textDocument/semanticTokens/full/delta(6)\n"
[ERROR][2025-03-26 02:41:55] .../vim/lsp/rpc.lua:770	"rpc"	"/usr/bin/clangd-19"	"stderr"	"I[02:41:55.955] --> reply:textDocument/semanticTokens/full/delta(6) 0 ms\n"
[ERROR][2025-03-26 02:41:55] .../vim/lsp/rpc.lua:770	"rpc"	"/usr/bin/clangd-19"	"stderr"	"I[02:41:55.972] <-- textDocument/didChange\nI[02:41:55.974] <-- textDocument/completion(7)\n"
[ERROR][2025-03-26 02:41:55] .../vim/lsp/rpc.lua:770	"rpc"	"/usr/bin/clangd-19"	"stderr"	"I[02:41:55.990] Code complete: sema context PreprocessorDirective, query scopes [] (AnyScope=true), expected type <none>\n"
[ERROR][2025-03-26 02:41:55] .../vim/lsp/rpc.lua:770	"rpc"	"/usr/bin/clangd-19"	"stderr"	"I[02:41:55.990] Code complete: 7 results from Sema, 0 from Index, 0 matched, 0 from identifiers, 7 returned.\n"
[ERROR][2025-03-26 02:41:55] .../vim/lsp/rpc.lua:770	"rpc"	"/usr/bin/clangd-19"	"stderr"	"I[02:41:55.991] --> reply:textDocument/completion(7) 16 ms\n"
[ERROR][2025-03-26 02:41:56] .../vim/lsp/rpc.lua:770	"rpc"	"/usr/bin/clangd-19"	"stderr"	"I[02:41:56.023] Failed to find compilation database for /home/sasha2k62024/GitHub/NeovimGUIManager/IDE/Neovim/main.cpp\nI[02:41:56.024] ASTWorker building file /home/sasha2k62024/GitHub/NeovimGUIManager/IDE/Neovim/main.cpp version 7 with command clangd fallback\n[/home/sasha2k62024/GitHub/NeovimGUIManager/IDE/Neovim]\n/usr/bin/clang -IHeaderFiles/rlImGui -resource-dir=/usr/lib/llvm-19/lib/clang/19 -- /home/sasha2k62024/GitHub/NeovimGUIManager/IDE/Neovim/main.cpp\n"
[ERROR][2025-03-26 02:41:56] .../vim/lsp/rpc.lua:770	"rpc"	"/usr/bin/clangd-19"	"stderr"	"I[02:41:56.047] --> textDocument/publishDiagnostics\n"
[ERROR][2025-03-26 02:41:56] .../vim/lsp/rpc.lua:770	"rpc"	"/usr/bin/clangd-19"	"stderr"	"I[02:41:56.121] <-- textDocument/didChange\n"
[ERROR][2025-03-26 02:41:56] .../vim/lsp/rpc.lua:770	"rpc"	"/usr/bin/clangd-19"	"stderr"	"I[02:41:56.172] Failed to find compilation database for /home/sasha2k62024/GitHub/NeovimGUIManager/IDE/Neovim/main.cpp\nI[02:41:56.173] ASTWorker building file /home/sasha2k62024/GitHub/NeovimGUIManager/IDE/Neovim/main.cpp version 8 with command clangd fallback\n[/home/sasha2k62024/GitHub/NeovimGUIManager/IDE/Neovim]\n/usr/bin/clang -IHeaderFiles/rlImGui -resource-dir=/usr/lib/llvm-19/lib/clang/19 -- /home/sasha2k62024/GitHub/NeovimGUIManager/IDE/Neovim/main.cpp\n"
[ERROR][2025-03-26 02:41:56] .../vim/lsp/rpc.lua:770	"rpc"	"/usr/bin/clangd-19"	"stderr"	"I[02:41:56.193] --> textDocument/publishDiagnostics\n"
[ERROR][2025-03-26 02:41:56] .../vim/lsp/rpc.lua:770	"rpc"	"/usr/bin/clangd-19"	"stderr"	"I[02:41:56.271] <-- textDocument/didChange\n"
[ERROR][2025-03-26 02:41:56] .../vim/lsp/rpc.lua:770	"rpc"	"/usr/bin/clangd-19"	"stderr"	"I[02:41:56.300] Indexed c++17 standard library (incomplete due to errors): 13658 symbols, 1808 filtered\n"
[ERROR][2025-03-26 02:41:56] .../vim/lsp/rpc.lua:770	"rpc"	"/usr/bin/clangd-19"	"stderr"	"I[02:41:56.321] Failed to find compilation database for /home/sasha2k62024/GitHub/NeovimGUIManager/IDE/Neovim/main.cpp\n"
[ERROR][2025-03-26 02:41:56] .../vim/lsp/rpc.lua:770	"rpc"	"/usr/bin/clangd-19"	"stderr"	"I[02:41:56.322] ASTWorker building file /home/sasha2k62024/GitHub/NeovimGUIManager/IDE/Neovim/main.cpp version 9 with command clangd fallback\n[/home/sasha2k62024/GitHub/NeovimGUIManager/IDE/Neovim]\n/usr/bin/clang -IHeaderFiles/rlImGui -resource-dir=/usr/lib/llvm-19/lib/clang/19 -- /home/sasha2k62024/GitHub/NeovimGUIManager/IDE/Neovim/main.cpp\n"
[ERROR][2025-03-26 02:41:56] .../vim/lsp/rpc.lua:770	"rpc"	"/usr/bin/clangd-19"	"stderr"	"I[02:41:56.335] --> textDocument/publishDiagnostics\n"
[ERROR][2025-03-26 02:41:56] .../vim/lsp/rpc.lua:770	"rpc"	"/usr/bin/clangd-19"	"stderr"	"I[02:41:56.422] <-- textDocument/didChange\n"
[ERROR][2025-03-26 02:41:56] .../vim/lsp/rpc.lua:770	"rpc"	"/usr/bin/clangd-19"	"stderr"	"I[02:41:56.473] Failed to find compilation database for /home/sasha2k62024/GitHub/NeovimGUIManager/IDE/Neovim/main.cpp\n"
[ERROR][2025-03-26 02:41:56] .../vim/lsp/rpc.lua:770	"rpc"	"/usr/bin/clangd-19"	"stderr"	"I[02:41:56.473] ASTWorker building file /home/sasha2k62024/GitHub/NeovimGUIManager/IDE/Neovim/main.cpp version 10 with command clangd fallback\n[/home/sasha2k62024/GitHub/NeovimGUIManager/IDE/Neovim]\n/usr/bin/clang -IHeaderFiles/rlImGui -resource-dir=/usr/lib/llvm-19/lib/clang/19 -- /home/sasha2k62024/GitHub/NeovimGUIManager/IDE/Neovim/main.cpp\n"
[ERROR][2025-03-26 02:41:56] .../vim/lsp/rpc.lua:770	"rpc"	"/usr/bin/clangd-19"	"stderr"	"I[02:41:56.484] --> textDocument/publishDiagnostics\n"
[ERROR][2025-03-26 02:41:56] .../vim/lsp/rpc.lua:770	"rpc"	"/usr/bin/clangd-19"	"stderr"	"I[02:41:56.519] Built preamble of size 3406864 for file /home/sasha2k62024/GitHub/NeovimGUIManager/IDE/Neovim/main.cpp version 6 in 0.71 seconds\n"
[ERROR][2025-03-26 02:41:56] .../vim/lsp/rpc.lua:770	"rpc"	"/usr/bin/clangd-19"	"stderr"	"I[02:41:56.519] --> workspace/semanticTokens/refresh(2)\n"
[ERROR][2025-03-26 02:41:56] .../vim/lsp/rpc.lua:770	"rpc"	"/usr/bin/clangd-19"	"stderr"	"I[02:41:56.521] <-- textDocument/didChange\nI[02:41:56.521] <-- textDocument/semanticTokens/full/delta(8)\nI[02:41:56.521] <-- reply(2)\n"
[ERROR][2025-03-26 02:41:56] .../vim/lsp/rpc.lua:770	"rpc"	"/usr/bin/clangd-19"	"stderr"	"I[02:41:56.532] --> textDocument/publishDiagnostics\n"
[ERROR][2025-03-26 02:41:56] .../vim/lsp/rpc.lua:770	"rpc"	"/usr/bin/clangd-19"	"stderr"	"I[02:41:56.533] Failed to find compilation database for /home/sasha2k62024/GitHub/NeovimGUIManager/IDE/Neovim/main.cpp\n"
[ERROR][2025-03-26 02:41:56] .../vim/lsp/rpc.lua:770	"rpc"	"/usr/bin/clangd-19"	"stderr"	"I[02:41:56.533] ASTWorker building file /home/sasha2k62024/GitHub/NeovimGUIManager/IDE/Neovim/main.cpp version 11 with command clangd fallback\n[/home/sasha2k62024/GitHub/NeovimGUIManager/IDE/Neovim]\n/usr/bin/clang -IHeaderFiles/rlImGui -resource-dir=/usr/lib/llvm-19/lib/clang/19 -- /home/sasha2k62024/GitHub/NeovimGUIManager/IDE/Neovim/main.cpp\n"
[ERROR][2025-03-26 02:41:56] .../vim/lsp/rpc.lua:770	"rpc"	"/usr/bin/clangd-19"	"stderr"	"I[02:41:56.554] --> textDocument/publishDiagnostics\n"
[ERROR][2025-03-26 02:41:56] .../vim/lsp/rpc.lua:770	"rpc"	"/usr/bin/clangd-19"	"stderr"	"I[02:41:56.554] --> reply:textDocument/semanticTokens/full/delta(8) 33 ms\n"
[ERROR][2025-03-26 02:41:56] .../vim/lsp/rpc.lua:770	"rpc"	"/usr/bin/clangd-19"	"stderr"	"I[02:41:56.672] <-- textDocument/didChange\n"
[ERROR][2025-03-26 02:41:56] .../vim/lsp/rpc.lua:770	"rpc"	"/usr/bin/clangd-19"	"stderr"	"I[02:41:56.723] Failed to find compilation database for /home/sasha2k62024/GitHub/NeovimGUIManager/IDE/Neovim/main.cpp\n"
[ERROR][2025-03-26 02:41:56] .../vim/lsp/rpc.lua:770	"rpc"	"/usr/bin/clangd-19"	"stderr"	"I[02:41:56.724] ASTWorker building file /home/sasha2k62024/GitHub/NeovimGUIManager/IDE/Neovim/main.cpp version 13 with command clangd fallback\n[/home/sasha2k62024/GitHub/NeovimGUIManager/IDE/Neovim]\n/usr/bin/clang -IHeaderFiles/rlImGui -resource-dir=/usr/lib/llvm-19/lib/clang/19 -- /home/sasha2k62024/GitHub/NeovimGUIManager/IDE/Neovim/main.cpp\n"
[ERROR][2025-03-26 02:41:56] .../vim/lsp/rpc.lua:770	"rpc"	"/usr/bin/clangd-19"	"stderr"	"I[02:41:56.738] --> textDocument/publishDiagnostics\n"
[ERROR][2025-03-26 02:41:56] .../vim/lsp/rpc.lua:770	"rpc"	"/usr/bin/clangd-19"	"stderr"	"I[02:41:56.870] <-- textDocument/semanticTokens/full/delta(9)\n"
[ERROR][2025-03-26 02:41:56] .../vim/lsp/rpc.lua:770	"rpc"	"/usr/bin/clangd-19"	"stderr"	"I[02:41:56.871] --> reply:textDocument/semanticTokens/full/delta(9) 0 ms\n"
[ERROR][2025-03-26 02:41:57] .../vim/lsp/rpc.lua:770	"rpc"	"/usr/bin/clangd-19"	"stderr"	"I[02:41:57.071] <-- textDocument/didChange\n"
[ERROR][2025-03-26 02:41:57] .../vim/lsp/rpc.lua:770	"rpc"	"/usr/bin/clangd-19"	"stderr"	"I[02:41:57.122] Failed to find compilation database for /home/sasha2k62024/GitHub/NeovimGUIManager/IDE/Neovim/main.cpp\n"
[ERROR][2025-03-26 02:41:57] .../vim/lsp/rpc.lua:770	"rpc"	"/usr/bin/clangd-19"	"stderr"	"I[02:41:57.122] ASTWorker building file /home/sasha2k62024/GitHub/NeovimGUIManager/IDE/Neovim/main.cpp version 14 with command clangd fallback\n[/home/sasha2k62024/GitHub/NeovimGUIManager/IDE/Neovim]\n/usr/bin/clang -IHeaderFiles/rlImGui -resource-dir=/usr/lib/llvm-19/lib/clang/19 -- /home/sasha2k62024/GitHub/NeovimGUIManager/IDE/Neovim/main.cpp\n"
[ERROR][2025-03-26 02:41:57] .../vim/lsp/rpc.lua:770	"rpc"	"/usr/bin/clangd-19"	"stderr"	"I[02:41:57.133] --> textDocument/publishDiagnostics\n"
[ERROR][2025-03-26 02:41:57] .../vim/lsp/rpc.lua:770	"rpc"	"/usr/bin/clangd-19"	"stderr"	"I[02:41:57.270] <-- textDocument/semanticTokens/full/delta(10)\n"
[ERROR][2025-03-26 02:41:57] .../vim/lsp/rpc.lua:770	"rpc"	"/usr/bin/clangd-19"	"stderr"	"I[02:41:57.271] --> reply:textDocument/semanticTokens/full/delta(10) 0 ms\n"
[ERROR][2025-03-26 02:41:57] .../vim/lsp/rpc.lua:770	"rpc"	"/usr/bin/clangd-19"	"stderr"	"I[02:41:57.354] Built preamble of size 3406868 for file /home/sasha2k62024/GitHub/NeovimGUIManager/IDE/Neovim/main.cpp version 13 in 0.63 seconds\n"
[ERROR][2025-03-26 02:41:57] .../vim/lsp/rpc.lua:770	"rpc"	"/usr/bin/clangd-19"	"stderr"	"I[02:41:57.355] --> workspace/semanticTokens/refresh(3)\n"
[ERROR][2025-03-26 02:41:57] .../vim/lsp/rpc.lua:770	"rpc"	"/usr/bin/clangd-19"	"stderr"	"I[02:41:57.355] <-- textDocument/semanticTokens/full/delta(11)\nI[02:41:57.356] <-- reply(3)\n"
[ERROR][2025-03-26 02:41:57] .../vim/lsp/rpc.lua:770	"rpc"	"/usr/bin/clangd-19"	"stderr"	"I[02:41:57.368] --> textDocument/publishDiagnostics\nI[02:41:57.368] --> reply:textDocument/semanticTokens/full/delta(11) 12 ms\n"
[ERROR][2025-03-26 02:41:57] .../vim/lsp/rpc.lua:770	"rpc"	"/usr/bin/clangd-19"	"stderr"	"I[02:41:57.380] <-- textDocument/didChange\n"
[ERROR][2025-03-26 02:41:57] .../vim/lsp/rpc.lua:770	"rpc"	"/usr/bin/clangd-19"	"stderr"	"I[02:41:57.383] <-- textDocument/completion(12)\n"
[ERROR][2025-03-26 02:41:57] .../vim/lsp/rpc.lua:770	"rpc"	"/usr/bin/clangd-19"	"stderr"	"I[02:41:57.414] Code complete: sema context IncludedFile, query scopes [] (AnyScope=true), expected type <none>\n"
[ERROR][2025-03-26 02:41:57] .../vim/lsp/rpc.lua:770	"rpc"	"/usr/bin/clangd-19"	"stderr"	"I[02:41:57.415] Code complete: 582 results from Sema, 0 from Index, 0 matched, 0 from identifiers, 100 returned (incomplete).\n"
[ERROR][2025-03-26 02:41:57] .../vim/lsp/rpc.lua:770	"rpc"	"/usr/bin/clangd-19"	"stderr"	"I[02:41:57.417] --> reply:textDocument/completion(12) 33 ms\n"
[ERROR][2025-03-26 02:41:57] .../vim/lsp/rpc.lua:770	"rpc"	"/usr/bin/clangd-19"	"stderr"	"I[02:41:57.459] Failed to find compilation database for /home/sasha2k62024/GitHub/NeovimGUIManager/IDE/Neovim/main.cpp\nI[02:41:57.460] ASTWorker building file /home/sasha2k62024/GitHub/NeovimGUIManager/IDE/Neovim/main.cpp version 15 with command clangd fallback\n[/home/sasha2k62024/GitHub/NeovimGUIManager/IDE/Neovim]\n/usr/bin/clang -IHeaderFiles/rlImGui -resource-dir=/usr/lib/llvm-19/lib/clang/19 -- /home/sasha2k62024/GitHub/NeovimGUIManager/IDE/Neovim/main.cpp\n"
[ERROR][2025-03-26 02:41:57] .../vim/lsp/rpc.lua:770	"rpc"	"/usr/bin/clangd-19"	"stderr"	"I[02:41:57.491] --> textDocument/publishDiagnostics\n"
[ERROR][2025-03-26 02:41:57] .../vim/lsp/rpc.lua:770	"rpc"	"/usr/bin/clangd-19"	"stderr"	"I[02:41:57.581] <-- textDocument/semanticTokens/full/delta(13)\n"
[ERROR][2025-03-26 02:41:57] .../vim/lsp/rpc.lua:770	"rpc"	"/usr/bin/clangd-19"	"stderr"	"I[02:41:57.581] --> reply:textDocument/semanticTokens/full/delta(13) 0 ms\n"
[ERROR][2025-03-26 02:41:58] .../vim/lsp/rpc.lua:770	"rpc"	"/usr/bin/clangd-19"	"stderr"	"I[02:41:58.042] Built preamble of size 3406868 for file /home/sasha2k62024/GitHub/NeovimGUIManager/IDE/Neovim/main.cpp version 14 in 0.69 seconds\n"
[ERROR][2025-03-26 02:41:58] .../vim/lsp/rpc.lua:770	"rpc"	"/usr/bin/clangd-19"	"stderr"	"I[02:41:58.042] --> workspace/semanticTokens/refresh(4)\n"
[ERROR][2025-03-26 02:41:58] .../vim/lsp/rpc.lua:770	"rpc"	"/usr/bin/clangd-19"	"stderr"	"I[02:41:58.044] <-- textDocument/semanticTokens/full/delta(14)\nI[02:41:58.044] <-- reply(4)\n"
[ERROR][2025-03-26 02:41:58] .../vim/lsp/rpc.lua:770	"rpc"	"/usr/bin/clangd-19"	"stderr"	"I[02:41:58.054] --> textDocument/publishDiagnostics\n"
[ERROR][2025-03-26 02:41:58] .../vim/lsp/rpc.lua:770	"rpc"	"/usr/bin/clangd-19"	"stderr"	"I[02:41:58.056] --> reply:textDocument/semanticTokens/full/delta(14) 12 ms\n"
[ERROR][2025-03-26 02:41:58] .../vim/lsp/rpc.lua:770	"rpc"	"/usr/bin/clangd-19"	"stderr"	"I[02:41:58.661] Built preamble of size 3406868 for file /home/sasha2k62024/GitHub/NeovimGUIManager/IDE/Neovim/main.cpp version 15 in 0.62 seconds\n"
[ERROR][2025-03-26 02:41:58] .../vim/lsp/rpc.lua:770	"rpc"	"/usr/bin/clangd-19"	"stderr"	"I[02:41:58.662] --> workspace/semanticTokens/refresh(5)\n"
[ERROR][2025-03-26 02:41:58] .../vim/lsp/rpc.lua:770	"rpc"	"/usr/bin/clangd-19"	"stderr"	"I[02:41:58.665] <-- textDocument/semanticTokens/full/delta(15)\n"
[ERROR][2025-03-26 02:41:58] .../vim/lsp/rpc.lua:770	"rpc"	"/usr/bin/clangd-19"	"stderr"	"I[02:41:58.666] <-- reply(5)\n"
[ERROR][2025-03-26 02:41:58] .../vim/lsp/rpc.lua:770	"rpc"	"/usr/bin/clangd-19"	"stderr"	"I[02:41:58.674] --> textDocument/publishDiagnostics\n"
[ERROR][2025-03-26 02:41:58] .../vim/lsp/rpc.lua:770	"rpc"	"/usr/bin/clangd-19"	"stderr"	"I[02:41:58.674] --> reply:textDocument/semanticTokens/full/delta(15) 9 ms\n"
[ERROR][2025-03-26 02:42:03] .../vim/lsp/rpc.lua:770	"rpc"	"/usr/bin/clangd-19"	"stderr"	"I[02:42:03.405] <-- textDocument/didChange\n"
[ERROR][2025-03-26 02:42:03] .../vim/lsp/rpc.lua:770	"rpc"	"/usr/bin/clangd-19"	"stderr"	"I[02:42:03.415] <-- textDocument/didChange\n"
[ERROR][2025-03-26 02:42:03] .../vim/lsp/rpc.lua:770	"rpc"	"/usr/bin/clangd-19"	"stderr"	"I[02:42:03.417] <-- textDocument/completion(16)\nI[02:42:03.417] --> reply:textDocument/completion(16) 0 ms\n"
[ERROR][2025-03-26 02:42:03] .../vim/lsp/rpc.lua:770	"rpc"	"/usr/bin/clangd-19"	"stderr"	"I[02:42:03.466] Failed to find compilation database for /home/sasha2k62024/GitHub/NeovimGUIManager/IDE/Neovim/main.cpp\n"
[ERROR][2025-03-26 02:42:03] .../vim/lsp/rpc.lua:770	"rpc"	"/usr/bin/clangd-19"	"stderr"	"I[02:42:03.467] ASTWorker building file /home/sasha2k62024/GitHub/NeovimGUIManager/IDE/Neovim/main.cpp version 27 with command clangd fallback\n[/home/sasha2k62024/GitHub/NeovimGUIManager/IDE/Neovim]\n/usr/bin/clang -IHeaderFiles/rlImGui -resource-dir=/usr/lib/llvm-19/lib/clang/19 -- /home/sasha2k62024/GitHub/NeovimGUIManager/IDE/Neovim/main.cpp\n"
[ERROR][2025-03-26 02:42:03] .../vim/lsp/rpc.lua:770	"rpc"	"/usr/bin/clangd-19"	"stderr"	"I[02:42:03.608] <-- textDocument/semanticTokens/full/delta(17)\n"
[ERROR][2025-03-26 02:42:03] .../vim/lsp/rpc.lua:770	"rpc"	"/usr/bin/clangd-19"	"stderr"	"I[02:42:03.615] --> textDocument/publishDiagnostics\n"
[ERROR][2025-03-26 02:42:03] .../vim/lsp/rpc.lua:770	"rpc"	"/usr/bin/clangd-19"	"stderr"	"I[02:42:03.615] --> reply:textDocument/semanticTokens/full/delta(17) 7 ms\n"
[ERROR][2025-03-26 02:42:04] .../vim/lsp/rpc.lua:770	"rpc"	"/usr/bin/clangd-19"	"stderr"	"I[02:42:04.137] Built preamble of size 3729768 for file /home/sasha2k62024/GitHub/NeovimGUIManager/IDE/Neovim/main.cpp version 27 in 0.67 seconds\n"
[ERROR][2025-03-26 02:42:04] .../vim/lsp/rpc.lua:770	"rpc"	"/usr/bin/clangd-19"	"stderr"	"I[02:42:04.137] --> workspace/semanticTokens/refresh(6)\n"
[ERROR][2025-03-26 02:42:04] .../vim/lsp/rpc.lua:770	"rpc"	"/usr/bin/clangd-19"	"stderr"	"I[02:42:04.140] <-- textDocument/semanticTokens/full/delta(18)\nI[02:42:04.140] <-- reply(6)\n"
[ERROR][2025-03-26 02:42:04] .../vim/lsp/rpc.lua:770	"rpc"	"/usr/bin/clangd-19"	"stderr"	"I[02:42:04.149] --> textDocument/publishDiagnostics\n"
[ERROR][2025-03-26 02:42:04] .../vim/lsp/rpc.lua:770	"rpc"	"/usr/bin/clangd-19"	"stderr"	"I[02:42:04.149] --> reply:textDocument/semanticTokens/full/delta(18) 8 ms\n"
[ERROR][2025-03-26 02:42:09] .../vim/lsp/rpc.lua:770	"rpc"	"/usr/bin/clangd-19"	"stderr"	"I[02:42:09.942] <-- textDocument/didSave\nI[02:42:09.942] File version went from 27 to 27\n"
[ERROR][2025-03-26 02:42:09] .../vim/lsp/rpc.lua:770	"rpc"	"/usr/bin/clangd-19"	"stderr"	"I[02:42:09.994] Failed to find compilation database for /home/sasha2k62024/GitHub/NeovimGUIManager/IDE/Neovim/main.cpp\n"
[ERROR][2025-03-26 02:42:09] .../vim/lsp/rpc.lua:770	"rpc"	"/usr/bin/clangd-19"	"stderr"	"I[02:42:09.995] ASTWorker building file /home/sasha2k62024/GitHub/NeovimGUIManager/IDE/Neovim/main.cpp version 27 with command clangd fallback\n[/home/sasha2k62024/GitHub/NeovimGUIManager/IDE/Neovim]\n/usr/bin/clang -IHeaderFiles/rlImGui -resource-dir=/usr/lib/llvm-19/lib/clang/19 -- /home/sasha2k62024/GitHub/NeovimGUIManager/IDE/Neovim/main.cpp\n"
[ERROR][2025-03-26 02:42:28] .../vim/lsp/rpc.lua:770	"rpc"	"/usr/bin/clangd-19"	"stderr"	"I[02:42:28.732] <-- shutdown(19)\nI[02:42:28.733] --> reply:shutdown(19) 0 ms\n"
[START][2025-03-26 02:42:55] LSP logging initiated
[ERROR][2025-03-26 02:42:55] .../vim/lsp/rpc.lua:770	"rpc"	"/usr/bin/clangd-19"	"stderr"	"I[02:42:55.730] Debian clangd version 19.1.4 (1~deb12u1)\nI[02:42:55.730] Features: linux+grpc\nI[02:42:55.730] PID: 6292\n"
[ERROR][2025-03-26 02:42:55] .../vim/lsp/rpc.lua:770	"rpc"	"/usr/bin/clangd-19"	"stderr"	"I[02:42:55.730] Working directory: /home/sasha2k62024/GitHub/NeovimGUIManager\nI[02:42:55.730] argv[0]: /usr/bin/clangd-19\nI[02:42:55.730] Starting LSP over stdin/stdout\n"
[ERROR][2025-03-26 02:42:55] .../vim/lsp/rpc.lua:770	"rpc"	"/usr/bin/clangd-19"	"stderr"	"I[02:42:55.731] <-- initialize(1)\n"
[ERROR][2025-03-26 02:42:55] .../vim/lsp/rpc.lua:770	"rpc"	"/usr/bin/clangd-19"	"stderr"	"I[02:42:55.733] --> reply:initialize(1) 1 ms\n"
[ERROR][2025-03-26 02:42:55] .../vim/lsp/rpc.lua:770	"rpc"	"/usr/bin/clangd-19"	"stderr"	"I[02:42:55.733] <-- initialized\nI[02:42:55.734] <-- textDocument/didOpen\nI[02:42:55.735] --> textDocument/publishDiagnostics\nI[02:42:55.736] Failed to find compilation database for /home/sasha2k62024/GitHub/NeovimGUIManager/IDE/Neovim/main.cpp\nI[02:42:55.736] ASTWorker building file /home/sasha2k62024/GitHub/NeovimGUIManager/IDE/Neovim/main.cpp version 0 with command clangd fallback\n[/home/sasha2k62024/GitHub/NeovimGUIManager/IDE/Neovim]\n/usr/bin/clang -IHeaderFiles/rlImGui -resource-dir=/usr/lib/llvm-19/lib/clang/19 -- /home/sasha2k62024/GitHub/NeovimGUIManager/IDE/Neovim/main.cpp\n"
[ERROR][2025-03-26 02:42:55] .../vim/lsp/rpc.lua:770	"rpc"	"/usr/bin/clangd-19"	"stderr"	"I[02:42:55.749] <-- textDocument/semanticTokens/full(2)\n"
[ERROR][2025-03-26 02:42:56] .../vim/lsp/rpc.lua:770	"rpc"	"/usr/bin/clangd-19"	"stderr"	"I[02:42:56.488] Built preamble of size 3729768 for file /home/sasha2k62024/GitHub/NeovimGUIManager/IDE/Neovim/main.cpp version 0 in 0.75 seconds\nI[02:42:56.489] Indexing c++17 standard library in the context of /home/sasha2k62024/GitHub/NeovimGUIManager/IDE/Neovim/main.cpp\nI[02:42:56.489] --> workspace/semanticTokens/refresh(0)\nI[02:42:56.508] --> textDocument/publishDiagnostics\nI[02:42:56.509] --> reply:textDocument/semanticTokens/full(2) 759 ms\n"
[ERROR][2025-03-26 02:42:56] .../vim/lsp/rpc.lua:770	"rpc"	"/usr/bin/clangd-19"	"stderr"	"I[02:42:56.518] <-- $/cancelRequest\nI[02:42:56.518] <-- textDocument/semanticTokens/full(3)\nI[02:42:56.519] --> reply:textDocument/semanticTokens/full(3) 0 ms\n"
[ERROR][2025-03-26 02:42:56] .../vim/lsp/rpc.lua:770	"rpc"	"/usr/bin/clangd-19"	"stderr"	"I[02:42:56.519] <-- reply(0)\n"
[ERROR][2025-03-26 02:42:56] .../vim/lsp/rpc.lua:770	"rpc"	"/usr/bin/clangd-19"	"stderr"	"I[02:42:56.859] <-- textDocument/didSave\nI[02:42:56.859] File version went from 0 to 0\n"
[ERROR][2025-03-26 02:42:56] .../vim/lsp/rpc.lua:770	"rpc"	"/usr/bin/clangd-19"	"stderr"	"I[02:42:56.910] Failed to find compilation database for /home/sasha2k62024/GitHub/NeovimGUIManager/IDE/Neovim/main.cpp\n"
[ERROR][2025-03-26 02:42:56] .../vim/lsp/rpc.lua:770	"rpc"	"/usr/bin/clangd-19"	"stderr"	"I[02:42:56.910] ASTWorker building file /home/sasha2k62024/GitHub/NeovimGUIManager/IDE/Neovim/main.cpp version 0 with command clangd fallback\n[/home/sasha2k62024/GitHub/NeovimGUIManager/IDE/Neovim]\n/usr/bin/clang -IHeaderFiles/rlImGui -resource-dir=/usr/lib/llvm-19/lib/clang/19 -- /home/sasha2k62024/GitHub/NeovimGUIManager/IDE/Neovim/main.cpp\n"
[ERROR][2025-03-26 02:43:00] .../vim/lsp/rpc.lua:770	"rpc"	"/usr/bin/clangd-19"	"stderr"	"I[02:43:00.974] Indexed c++17 standard library (incomplete due to errors): 13658 symbols, 1808 filtered\n"
[ERROR][2025-03-26 02:43:02] .../vim/lsp/rpc.lua:770	"rpc"	"/usr/bin/clangd-19"	"stderr"	"I[02:43:02.406] <-- textDocument/didChange\n"
[ERROR][2025-03-26 02:43:02] .../vim/lsp/rpc.lua:770	"rpc"	"/usr/bin/clangd-19"	"stderr"	"I[02:43:02.456] <-- textDocument/semanticTokens/full/delta(4)\n"
[ERROR][2025-03-26 02:43:02] .../vim/lsp/rpc.lua:770	"rpc"	"/usr/bin/clangd-19"	"stderr"	"I[02:43:02.457] Failed to find compilation database for /home/sasha2k62024/GitHub/NeovimGUIManager/IDE/Neovim/main.cpp\n"
[ERROR][2025-03-26 02:43:02] .../vim/lsp/rpc.lua:770	"rpc"	"/usr/bin/clangd-19"	"stderr"	"I[02:43:02.458] ASTWorker building file /home/sasha2k62024/GitHub/NeovimGUIManager/IDE/Neovim/main.cpp version 5 with command clangd fallback\n[/home/sasha2k62024/GitHub/NeovimGUIManager/IDE/Neovim]\n/usr/bin/clang -IHeaderFiles/rlImGui -resource-dir=/usr/lib/llvm-19/lib/clang/19 -- /home/sasha2k62024/GitHub/NeovimGUIManager/IDE/Neovim/main.cpp\n"
[ERROR][2025-03-26 02:43:02] .../vim/lsp/rpc.lua:770	"rpc"	"/usr/bin/clangd-19"	"stderr"	"I[02:43:02.469] --> textDocument/publishDiagnostics\n"
[ERROR][2025-03-26 02:43:02] .../vim/lsp/rpc.lua:770	"rpc"	"/usr/bin/clangd-19"	"stderr"	"I[02:43:02.469] --> reply:textDocument/semanticTokens/full/delta(4) 12 ms\n"
[ERROR][2025-03-26 02:43:03] .../vim/lsp/rpc.lua:770	"rpc"	"/usr/bin/clangd-19"	"stderr"	"I[02:43:03.669] <-- textDocument/didSave\nI[02:43:03.669] File version went from 5 to 5\n"
[ERROR][2025-03-26 02:43:03] .../vim/lsp/rpc.lua:770	"rpc"	"/usr/bin/clangd-19"	"stderr"	"I[02:43:03.720] Failed to find compilation database for /home/sasha2k62024/GitHub/NeovimGUIManager/IDE/Neovim/main.cpp\n"
[ERROR][2025-03-26 02:43:03] .../vim/lsp/rpc.lua:770	"rpc"	"/usr/bin/clangd-19"	"stderr"	"I[02:43:03.720] ASTWorker building file /home/sasha2k62024/GitHub/NeovimGUIManager/IDE/Neovim/main.cpp version 5 with command clangd fallback\n[/home/sasha2k62024/GitHub/NeovimGUIManager/IDE/Neovim]\n/usr/bin/clang -IHeaderFiles/rlImGui -resource-dir=/usr/lib/llvm-19/lib/clang/19 -- /home/sasha2k62024/GitHub/NeovimGUIManager/IDE/Neovim/main.cpp\n"
[ERROR][2025-03-26 02:43:08] .../vim/lsp/rpc.lua:770	"rpc"	"/usr/bin/clangd-19"	"stderr"	"I[02:43:07.989] <-- shutdown(5)\nI[02:43:07.989] --> reply:shutdown(5) 0 ms\n"
[START][2025-03-26 03:54:02] LSP logging initiated
[ERROR][2025-03-26 03:54:02] .../vim/lsp/rpc.lua:770	"rpc"	"/usr/bin/clangd-19"	"stderr"	"I[03:54:02.580] Debian clangd version 19.1.4 (1~deb12u1)\nI[03:54:02.581] Features: linux+grpc\nI[03:54:02.581] PID: 735\n"
[ERROR][2025-03-26 03:54:02] .../vim/lsp/rpc.lua:770	"rpc"	"/usr/bin/clangd-19"	"stderr"	"I[03:54:02.581] Working directory: /home/sasha2k62024/GitHub/NeovimGUIManager\nI[03:54:02.581] argv[0]: /usr/bin/clangd-19\nI[03:54:02.581] Starting LSP over stdin/stdout\n"
[ERROR][2025-03-26 03:54:02] .../vim/lsp/rpc.lua:770	"rpc"	"/usr/bin/clangd-19"	"stderr"	"I[03:54:02.584] <-- initialize(1)\n"
[ERROR][2025-03-26 03:54:02] .../vim/lsp/rpc.lua:770	"rpc"	"/usr/bin/clangd-19"	"stderr"	"I[03:54:02.604] --> reply:initialize(1) 20 ms\n"
[ERROR][2025-03-26 03:54:02] .../vim/lsp/rpc.lua:770	"rpc"	"/usr/bin/clangd-19"	"stderr"	"I[03:54:02.605] <-- initialized\nI[03:54:02.606] <-- textDocument/didOpen\nI[03:54:02.607] --> textDocument/publishDiagnostics\nI[03:54:02.608] Failed to find compilation database for /home/sasha2k62024/GitHub/NeovimGUIManager/IDE/Neovim/main.cpp\nI[03:54:02.608] ASTWorker building file /home/sasha2k62024/GitHub/NeovimGUIManager/IDE/Neovim/main.cpp version 0 with command clangd fallback\n[/home/sasha2k62024/GitHub/NeovimGUIManager/IDE/Neovim]\n/usr/bin/clang -IHeaderFiles/rlImGui -resource-dir=/usr/lib/llvm-19/lib/clang/19 -- /home/sasha2k62024/GitHub/NeovimGUIManager/IDE/Neovim/main.cpp\n"
[ERROR][2025-03-26 03:54:02] .../vim/lsp/rpc.lua:770	"rpc"	"/usr/bin/clangd-19"	"stderr"	"I[03:54:02.618] <-- textDocument/semanticTokens/full(2)\n"
[ERROR][2025-03-26 03:54:03] .../vim/lsp/rpc.lua:770	"rpc"	"/usr/bin/clangd-19"	"stderr"	"I[03:54:03.111] <-- textDocument/didSave\nI[03:54:03.111] File version went from 0 to 0\n"
[ERROR][2025-03-26 03:54:03] .../vim/lsp/rpc.lua:770	"rpc"	"/usr/bin/clangd-19"	"stderr"	"I[03:54:03.735] Built preamble of size 3729768 for file /home/sasha2k62024/GitHub/NeovimGUIManager/IDE/Neovim/main.cpp version 0 in 1.04 seconds\n"
[ERROR][2025-03-26 03:54:03] .../vim/lsp/rpc.lua:770	"rpc"	"/usr/bin/clangd-19"	"stderr"	"I[03:54:03.736] Indexing c++17 standard library in the context of /home/sasha2k62024/GitHub/NeovimGUIManager/IDE/Neovim/main.cpp\n"
[ERROR][2025-03-26 03:54:03] .../vim/lsp/rpc.lua:770	"rpc"	"/usr/bin/clangd-19"	"stderr"	"I[03:54:03.738] --> workspace/semanticTokens/refresh(0)\n"
[ERROR][2025-03-26 03:54:03] .../vim/lsp/rpc.lua:770	"rpc"	"/usr/bin/clangd-19"	"stderr"	"I[03:54:03.741] <-- $/cancelRequest\nI[03:54:03.741] <-- textDocument/semanticTokens/full(3)\n"
[ERROR][2025-03-26 03:54:03] .../vim/lsp/rpc.lua:770	"rpc"	"/usr/bin/clangd-19"	"stderr"	"I[03:54:03.741] <-- reply(0)\n"
[ERROR][2025-03-26 03:54:03] .../vim/lsp/rpc.lua:770	"rpc"	"/usr/bin/clangd-19"	"stderr"	"I[03:54:03.764] --> textDocument/publishDiagnostics\n"
[ERROR][2025-03-26 03:54:03] .../vim/lsp/rpc.lua:770	"rpc"	"/usr/bin/clangd-19"	"stderr"	"I[03:54:03.764] --> reply:textDocument/semanticTokens/full(2) 1145 ms, error: Task was cancelled.\nI[03:54:03.764] Failed to find compilation database for /home/sasha2k62024/GitHub/NeovimGUIManager/IDE/Neovim/main.cpp\n"
[ERROR][2025-03-26 03:54:03] .../vim/lsp/rpc.lua:770	"rpc"	"/usr/bin/clangd-19"	"stderr"	"I[03:54:03.764] ASTWorker building file /home/sasha2k62024/GitHub/NeovimGUIManager/IDE/Neovim/main.cpp version 0 with command clangd fallback\n[/home/sasha2k62024/GitHub/NeovimGUIManager/IDE/Neovim]\n/usr/bin/clang -IHeaderFiles/rlImGui -resource-dir=/usr/lib/llvm-19/lib/clang/19 -- /home/sasha2k62024/GitHub/NeovimGUIManager/IDE/Neovim/main.cpp\n"
[ERROR][2025-03-26 03:54:03] .../vim/lsp/rpc.lua:770	"rpc"	"/usr/bin/clangd-19"	"stderr"	"I[03:54:03.767] --> reply:textDocument/semanticTokens/full(3) 25 ms\n"
[ERROR][2025-03-26 03:54:08] .../vim/lsp/rpc.lua:770	"rpc"	"/usr/bin/clangd-19"	"stderr"	"I[03:54:08.833] Indexed c++17 standard library (incomplete due to errors): 13658 symbols, 1808 filtered\n"
[ERROR][2025-03-26 03:54:09] .../vim/lsp/rpc.lua:770	"rpc"	"/usr/bin/clangd-19"	"stderr"	"I[03:54:09.127] <-- textDocument/didChange\n"
[ERROR][2025-03-26 03:54:09] .../vim/lsp/rpc.lua:770	"rpc"	"/usr/bin/clangd-19"	"stderr"	"I[03:54:09.177] <-- textDocument/semanticTokens/full/delta(4)\n"
[ERROR][2025-03-26 03:54:09] .../vim/lsp/rpc.lua:770	"rpc"	"/usr/bin/clangd-19"	"stderr"	"I[03:54:09.177] Failed to find compilation database for /home/sasha2k62024/GitHub/NeovimGUIManager/IDE/Neovim/main.cpp\n"
[ERROR][2025-03-26 03:54:09] .../vim/lsp/rpc.lua:770	"rpc"	"/usr/bin/clangd-19"	"stderr"	"I[03:54:09.178] ASTWorker building file /home/sasha2k62024/GitHub/NeovimGUIManager/IDE/Neovim/main.cpp version 3 with command clangd fallback\n[/home/sasha2k62024/GitHub/NeovimGUIManager/IDE/Neovim]\n/usr/bin/clang -IHeaderFiles/rlImGui -resource-dir=/usr/lib/llvm-19/lib/clang/19 -- /home/sasha2k62024/GitHub/NeovimGUIManager/IDE/Neovim/main.cpp\n"
[ERROR][2025-03-26 03:54:09] .../vim/lsp/rpc.lua:770	"rpc"	"/usr/bin/clangd-19"	"stderr"	"I[03:54:09.189] --> textDocument/publishDiagnostics\n"
[ERROR][2025-03-26 03:54:09] .../vim/lsp/rpc.lua:770	"rpc"	"/usr/bin/clangd-19"	"stderr"	"I[03:54:09.190] --> reply:textDocument/semanticTokens/full/delta(4) 12 ms\n"
[ERROR][2025-03-26 03:54:09] .../vim/lsp/rpc.lua:770	"rpc"	"/usr/bin/clangd-19"	"stderr"	"I[03:54:09.932] <-- textDocument/didSave\nI[03:54:09.932] File version went from 3 to 3\n"
[ERROR][2025-03-26 03:54:09] .../vim/lsp/rpc.lua:770	"rpc"	"/usr/bin/clangd-19"	"stderr"	"I[03:54:09.983] Failed to find compilation database for /home/sasha2k62024/GitHub/NeovimGUIManager/IDE/Neovim/main.cpp\n"
[ERROR][2025-03-26 03:54:09] .../vim/lsp/rpc.lua:770	"rpc"	"/usr/bin/clangd-19"	"stderr"	"I[03:54:09.983] ASTWorker building file /home/sasha2k62024/GitHub/NeovimGUIManager/IDE/Neovim/main.cpp version 3 with command clangd fallback\n[/home/sasha2k62024/GitHub/NeovimGUIManager/IDE/Neovim]\n/usr/bin/clang -IHeaderFiles/rlImGui -resource-dir=/usr/lib/llvm-19/lib/clang/19 -- /home/sasha2k62024/GitHub/NeovimGUIManager/IDE/Neovim/main.cpp\n"
[ERROR][2025-03-26 03:54:17] .../vim/lsp/rpc.lua:770	"rpc"	"/usr/bin/clangd-19"	"stderr"	"I[03:54:17.426] <-- textDocument/didChange\n"
[ERROR][2025-03-26 03:54:17] .../vim/lsp/rpc.lua:770	"rpc"	"/usr/bin/clangd-19"	"stderr"	"I[03:54:17.478] Failed to find compilation database for /home/sasha2k62024/GitHub/NeovimGUIManager/IDE/Neovim/main.cpp\n"
[ERROR][2025-03-26 03:54:17] .../vim/lsp/rpc.lua:770	"rpc"	"/usr/bin/clangd-19"	"stderr"	"I[03:54:17.479] ASTWorker building file /home/sasha2k62024/GitHub/NeovimGUIManager/IDE/Neovim/main.cpp version 5 with command clangd fallback\n[/home/sasha2k62024/GitHub/NeovimGUIManager/IDE/Neovim]\n/usr/bin/clang -IHeaderFiles/rlImGui -resource-dir=/usr/lib/llvm-19/lib/clang/19 -- /home/sasha2k62024/GitHub/NeovimGUIManager/IDE/Neovim/main.cpp\n"
[ERROR][2025-03-26 03:54:17] .../vim/lsp/rpc.lua:770	"rpc"	"/usr/bin/clangd-19"	"stderr"	"I[03:54:17.491] --> textDocument/publishDiagnostics\n"
[ERROR][2025-03-26 03:54:17] .../vim/lsp/rpc.lua:770	"rpc"	"/usr/bin/clangd-19"	"stderr"	"I[03:54:17.578] <-- textDocument/didChange\n"
[ERROR][2025-03-26 03:54:17] .../vim/lsp/rpc.lua:770	"rpc"	"/usr/bin/clangd-19"	"stderr"	"I[03:54:17.628] <-- textDocument/semanticTokens/full/delta(5)\nI[03:54:17.628] Failed to find compilation database for /home/sasha2k62024/GitHub/NeovimGUIManager/IDE/Neovim/main.cpp\n"
[ERROR][2025-03-26 03:54:17] .../vim/lsp/rpc.lua:770	"rpc"	"/usr/bin/clangd-19"	"stderr"	"I[03:54:17.630] ASTWorker building file /home/sasha2k62024/GitHub/NeovimGUIManager/IDE/Neovim/main.cpp version 6 with command clangd fallback\n[/home/sasha2k62024/GitHub/NeovimGUIManager/IDE/Neovim]\n/usr/bin/clang -IHeaderFiles/rlImGui -resource-dir=/usr/lib/llvm-19/lib/clang/19 -- /home/sasha2k62024/GitHub/NeovimGUIManager/IDE/Neovim/main.cpp\n"
[ERROR][2025-03-26 03:54:17] .../vim/lsp/rpc.lua:770	"rpc"	"/usr/bin/clangd-19"	"stderr"	"I[03:54:17.655] --> textDocument/publishDiagnostics\nI[03:54:17.656] --> reply:textDocument/semanticTokens/full/delta(5) 27 ms\n"
[ERROR][2025-03-26 03:54:18] .../vim/lsp/rpc.lua:770	"rpc"	"/usr/bin/clangd-19"	"stderr"	"I[03:54:18.349] Built preamble of size 3718880 for file /home/sasha2k62024/GitHub/NeovimGUIManager/IDE/Neovim/main.cpp version 6 in 0.72 seconds\n"
[ERROR][2025-03-26 03:54:18] .../vim/lsp/rpc.lua:770	"rpc"	"/usr/bin/clangd-19"	"stderr"	"I[03:54:18.349] --> workspace/semanticTokens/refresh(1)\n"
[ERROR][2025-03-26 03:54:18] .../vim/lsp/rpc.lua:770	"rpc"	"/usr/bin/clangd-19"	"stderr"	"I[03:54:18.351] <-- textDocument/semanticTokens/full/delta(6)\nI[03:54:18.351] <-- reply(1)\n"
[ERROR][2025-03-26 03:54:18] .../vim/lsp/rpc.lua:770	"rpc"	"/usr/bin/clangd-19"	"stderr"	"I[03:54:18.359] --> textDocument/publishDiagnostics\n"
[ERROR][2025-03-26 03:54:18] .../vim/lsp/rpc.lua:770	"rpc"	"/usr/bin/clangd-19"	"stderr"	"I[03:54:18.360] --> reply:textDocument/semanticTokens/full/delta(6) 8 ms\n"
[ERROR][2025-03-26 03:54:20] .../vim/lsp/rpc.lua:770	"rpc"	"/usr/bin/clangd-19"	"stderr"	"I[03:54:20.515] <-- textDocument/didClose\nI[03:54:20.515] --> textDocument/publishDiagnostics\n"
[ERROR][2025-03-26 03:54:22] .../vim/lsp/rpc.lua:770	"rpc"	"/usr/bin/clangd-19"	"stderr"	"I[03:54:22.062] <-- shutdown(7)\nI[03:54:22.062] --> reply:shutdown(7) 0 ms\n"
[START][2025-03-26 04:00:00] LSP logging initiated
[ERROR][2025-03-26 04:00:00] .../vim/lsp/rpc.lua:770	"rpc"	"/usr/bin/clangd-19"	"stderr"	"I[04:00:00.479] Debian clangd version 19.1.4 (1~deb12u1)\nI[04:00:00.479] Features: linux+grpc\nI[04:00:00.479] PID: 1470\n"
[ERROR][2025-03-26 04:00:00] .../vim/lsp/rpc.lua:770	"rpc"	"/usr/bin/clangd-19"	"stderr"	"I[04:00:00.479] Working directory: /home/sasha2k62024/GitHub/NeovimGUIManager\nI[04:00:00.479] argv[0]: /usr/bin/clangd-19\nI[04:00:00.479] Starting LSP over stdin/stdout\n"
[ERROR][2025-03-26 04:00:00] .../vim/lsp/rpc.lua:770	"rpc"	"/usr/bin/clangd-19"	"stderr"	"I[04:00:00.480] <-- initialize(1)\n"
[ERROR][2025-03-26 04:00:00] .../vim/lsp/rpc.lua:770	"rpc"	"/usr/bin/clangd-19"	"stderr"	"I[04:00:00.483] --> reply:initialize(1) 2 ms\n"
[ERROR][2025-03-26 04:00:00] .../vim/lsp/rpc.lua:770	"rpc"	"/usr/bin/clangd-19"	"stderr"	"I[04:00:00.484] <-- initialized\nI[04:00:00.485] <-- textDocument/didOpen\nI[04:00:00.486] --> textDocument/publishDiagnostics\nI[04:00:00.487] Failed to find compilation database for /home/sasha2k62024/GitHub/NeovimGUIManager/IDE/Neovim/main.cpp\nI[04:00:00.487] ASTWorker building file /home/sasha2k62024/GitHub/NeovimGUIManager/IDE/Neovim/main.cpp version 0 with command clangd fallback\n[/home/sasha2k62024/GitHub/NeovimGUIManager/IDE/Neovim]\n/usr/bin/clang -IHeaderFiles/rlImGui -resource-dir=/usr/lib/llvm-19/lib/clang/19 -- /home/sasha2k62024/GitHub/NeovimGUIManager/IDE/Neovim/main.cpp\n"
[ERROR][2025-03-26 04:00:00] .../vim/lsp/rpc.lua:770	"rpc"	"/usr/bin/clangd-19"	"stderr"	"I[04:00:00.506] <-- textDocument/semanticTokens/full(2)\n"
[ERROR][2025-03-26 04:00:01] .../vim/lsp/rpc.lua:770	"rpc"	"/usr/bin/clangd-19"	"stderr"	"I[04:00:01.284] Built preamble of size 3729768 for file /home/sasha2k62024/GitHub/NeovimGUIManager/IDE/Neovim/main.cpp version 0 in 0.79 seconds\n"
[ERROR][2025-03-26 04:00:01] .../vim/lsp/rpc.lua:770	"rpc"	"/usr/bin/clangd-19"	"stderr"	"I[04:00:01.285] --> workspace/semanticTokens/refresh(0)\n"
[ERROR][2025-03-26 04:00:01] .../vim/lsp/rpc.lua:770	"rpc"	"/usr/bin/clangd-19"	"stderr"	"I[04:00:01.285] Indexing c++17 standard library in the context of /home/sasha2k62024/GitHub/NeovimGUIManager/IDE/Neovim/main.cpp\n"
[ERROR][2025-03-26 04:00:01] .../vim/lsp/rpc.lua:770	"rpc"	"/usr/bin/clangd-19"	"stderr"	"I[04:00:01.287] <-- $/cancelRequest\nI[04:00:01.287] <-- textDocument/semanticTokens/full(3)\n"
[ERROR][2025-03-26 04:00:01] .../vim/lsp/rpc.lua:770	"rpc"	"/usr/bin/clangd-19"	"stderr"	"I[04:00:01.287] <-- reply(0)\n"
[ERROR][2025-03-26 04:00:01] .../vim/lsp/rpc.lua:770	"rpc"	"/usr/bin/clangd-19"	"stderr"	"I[04:00:01.300] --> textDocument/publishDiagnostics\n"
[ERROR][2025-03-26 04:00:01] .../vim/lsp/rpc.lua:770	"rpc"	"/usr/bin/clangd-19"	"stderr"	"I[04:00:01.301] --> reply:textDocument/semanticTokens/full(2) 794 ms, error: Task was cancelled.\nI[04:00:01.301] --> reply:textDocument/semanticTokens/full(3) 13 ms\n"
[ERROR][2025-03-26 04:00:01] .../vim/lsp/rpc.lua:770	"rpc"	"/usr/bin/clangd-19"	"stderr"	"I[04:00:01.577] <-- textDocument/didSave\nI[04:00:01.577] File version went from 0 to 0\n"
[ERROR][2025-03-26 04:00:01] .../vim/lsp/rpc.lua:770	"rpc"	"/usr/bin/clangd-19"	"stderr"	"I[04:00:01.628] Failed to find compilation database for /home/sasha2k62024/GitHub/NeovimGUIManager/IDE/Neovim/main.cpp\n"
[ERROR][2025-03-26 04:00:01] .../vim/lsp/rpc.lua:770	"rpc"	"/usr/bin/clangd-19"	"stderr"	"I[04:00:01.628] ASTWorker building file /home/sasha2k62024/GitHub/NeovimGUIManager/IDE/Neovim/main.cpp version 0 with command clangd fallback\n[/home/sasha2k62024/GitHub/NeovimGUIManager/IDE/Neovim]\n/usr/bin/clang -IHeaderFiles/rlImGui -resource-dir=/usr/lib/llvm-19/lib/clang/19 -- /home/sasha2k62024/GitHub/NeovimGUIManager/IDE/Neovim/main.cpp\n"
[ERROR][2025-03-26 04:00:05] .../vim/lsp/rpc.lua:770	"rpc"	"/usr/bin/clangd-19"	"stderr"	"I[04:00:05.746] Indexed c++17 standard library (incomplete due to errors): 13658 symbols, 1808 filtered\n"
[ERROR][2025-03-26 04:00:37] .../vim/lsp/rpc.lua:770	"rpc"	"/usr/bin/clangd-19"	"stderr"	"I[04:00:37.111] <-- shutdown(4)\nI[04:00:37.112] --> reply:shutdown(4) 0 ms\n"
[START][2025-03-26 04:01:41] LSP logging initiated
[ERROR][2025-03-26 04:01:41] .../vim/lsp/rpc.lua:770	"rpc"	"/usr/bin/clangd-19"	"stderr"	"I[04:01:41.539] Debian clangd version 19.1.4 (1~deb12u1)\nI[04:01:41.540] Features: linux+grpc\nI[04:01:41.540] PID: 1572\n"
[ERROR][2025-03-26 04:01:41] .../vim/lsp/rpc.lua:770	"rpc"	"/usr/bin/clangd-19"	"stderr"	"I[04:01:41.540] Working directory: /home/sasha2k62024/GitHub/NeovimGUIManager/IDE/Neovim\nI[04:01:41.540] argv[0]: /usr/bin/clangd-19\nI[04:01:41.540] Starting LSP over stdin/stdout\n"
[ERROR][2025-03-26 04:01:41] .../vim/lsp/rpc.lua:770	"rpc"	"/usr/bin/clangd-19"	"stderr"	"I[04:01:41.541] <-- initialize(1)\n"
[ERROR][2025-03-26 04:01:41] .../vim/lsp/rpc.lua:770	"rpc"	"/usr/bin/clangd-19"	"stderr"	"I[04:01:41.542] --> reply:initialize(1) 1 ms\n"
[ERROR][2025-03-26 04:01:41] .../vim/lsp/rpc.lua:770	"rpc"	"/usr/bin/clangd-19"	"stderr"	"I[04:01:41.543] <-- initialized\nI[04:01:41.544] <-- textDocument/didOpen\nE[04:01:41.544] Failed to decode textDocument/didOpen request: unresolvable URI at (root).textDocument.uri\n"
[ERROR][2025-03-26 04:01:41] .../vim/lsp/rpc.lua:770	"rpc"	"/usr/bin/clangd-19"	"stderr"	"I[04:01:41.558] <-- textDocument/semanticTokens/full(2)\nE[04:01:41.558] Failed to decode textDocument/semanticTokens/full request: unresolvable URI at (root).textDocument.uri\nI[04:01:41.558] --> reply:textDocument/semanticTokens/full(2) 0 ms, error: -32602: failed to decode textDocument/semanticTokens/full request: unresolvable URI at (root).textDocument.uri\n"
[ERROR][2025-03-26 04:01:55] .../vim/lsp/rpc.lua:770	"rpc"	"/usr/bin/clangd-19"	"stderr"	"I[04:01:55.122] <-- shutdown(3)\nI[04:01:55.122] --> reply:shutdown(3) 0 ms\n"
[START][2025-03-26 04:03:46] LSP logging initiated
[ERROR][2025-03-26 04:03:46] .../vim/lsp/rpc.lua:770	"rpc"	"/usr/bin/clangd-19"	"stderr"	"I[04:03:46.842] Debian clangd version 19.1.4 (1~deb12u1)\nI[04:03:46.842] Features: linux+grpc\nI[04:03:46.842] PID: 1657\n"
[ERROR][2025-03-26 04:03:46] .../vim/lsp/rpc.lua:770	"rpc"	"/usr/bin/clangd-19"	"stderr"	"I[04:03:46.842] Working directory: /home/sasha2k62024/GitHub/NeovimGUIManager\nI[04:03:46.842] argv[0]: /usr/bin/clangd-19\nI[04:03:46.842] Starting LSP over stdin/stdout\n"
[ERROR][2025-03-26 04:03:46] .../vim/lsp/rpc.lua:770	"rpc"	"/usr/bin/clangd-19"	"stderr"	"I[04:03:46.843] <-- initialize(1)\n"
[ERROR][2025-03-26 04:03:46] .../vim/lsp/rpc.lua:770	"rpc"	"/usr/bin/clangd-19"	"stderr"	"I[04:03:46.846] --> reply:initialize(1) 2 ms\n"
[ERROR][2025-03-26 04:03:46] .../vim/lsp/rpc.lua:770	"rpc"	"/usr/bin/clangd-19"	"stderr"	"I[04:03:46.846] <-- initialized\nI[04:03:46.847] <-- textDocument/didOpen\nI[04:03:46.848] --> textDocument/publishDiagnostics\nI[04:03:46.849] Failed to find compilation database for /home/sasha2k62024/GitHub/NeovimGUIManager/IDE/Neovim/main.cpp\nI[04:03:46.849] ASTWorker building file /home/sasha2k62024/GitHub/NeovimGUIManager/IDE/Neovim/main.cpp version 0 with command clangd fallback\n[/home/sasha2k62024/GitHub/NeovimGUIManager/IDE/Neovim]\n/usr/bin/clang -IHeaderFiles/rlImGui -resource-dir=/usr/lib/llvm-19/lib/clang/19 -- /home/sasha2k62024/GitHub/NeovimGUIManager/IDE/Neovim/main.cpp\n"
[ERROR][2025-03-26 04:03:46] .../vim/lsp/rpc.lua:770	"rpc"	"/usr/bin/clangd-19"	"stderr"	"I[04:03:46.868] <-- textDocument/semanticTokens/full(2)\n"
[ERROR][2025-03-26 04:03:47] .../vim/lsp/rpc.lua:770	"rpc"	"/usr/bin/clangd-19"	"stderr"	"I[04:03:47.603] Built preamble of size 3729768 for file /home/sasha2k62024/GitHub/NeovimGUIManager/IDE/Neovim/main.cpp version 0 in 0.75 seconds\n"
[ERROR][2025-03-26 04:03:47] .../vim/lsp/rpc.lua:770	"rpc"	"/usr/bin/clangd-19"	"stderr"	"I[04:03:47.604] --> workspace/semanticTokens/refresh(0)\n"
[ERROR][2025-03-26 04:03:47] .../vim/lsp/rpc.lua:770	"rpc"	"/usr/bin/clangd-19"	"stderr"	"I[04:03:47.604] Indexing c++17 standard library in the context of /home/sasha2k62024/GitHub/NeovimGUIManager/IDE/Neovim/main.cpp\n"
[ERROR][2025-03-26 04:03:47] .../vim/lsp/rpc.lua:770	"rpc"	"/usr/bin/clangd-19"	"stderr"	"I[04:03:47.606] <-- $/cancelRequest\nI[04:03:47.606] <-- textDocument/semanticTokens/full(3)\n"
[ERROR][2025-03-26 04:03:47] .../vim/lsp/rpc.lua:770	"rpc"	"/usr/bin/clangd-19"	"stderr"	"I[04:03:47.606] <-- reply(0)\n"
[ERROR][2025-03-26 04:03:47] .../vim/lsp/rpc.lua:770	"rpc"	"/usr/bin/clangd-19"	"stderr"	"I[04:03:47.618] --> textDocument/publishDiagnostics\n"
[ERROR][2025-03-26 04:03:47] .../vim/lsp/rpc.lua:770	"rpc"	"/usr/bin/clangd-19"	"stderr"	"I[04:03:47.618] --> reply:textDocument/semanticTokens/full(2) 749 ms, error: Task was cancelled.\nI[04:03:47.618] --> reply:textDocument/semanticTokens/full(3) 11 ms\n"
[ERROR][2025-03-26 04:03:52] .../vim/lsp/rpc.lua:770	"rpc"	"/usr/bin/clangd-19"	"stderr"	"I[04:03:52.059] Indexed c++17 standard library (incomplete due to errors): 13658 symbols, 1808 filtered\n"
[ERROR][2025-03-26 04:03:54] .../vim/lsp/rpc.lua:770	"rpc"	"/usr/bin/clangd-19"	"stderr"	"I[04:03:54.826] <-- shutdown(4)\nI[04:03:54.826] --> reply:shutdown(4) 0 ms\n"
[START][2025-03-26 04:04:34] LSP logging initiated
[ERROR][2025-03-26 04:04:34] .../vim/lsp/rpc.lua:770	"rpc"	"/usr/bin/clangd-19"	"stderr"	"I[04:04:34.581] Debian clangd version 19.1.4 (1~deb12u1)\nI[04:04:34.582] Features: linux+grpc\nI[04:04:34.582] PID: 1696\n"
[ERROR][2025-03-26 04:04:34] .../vim/lsp/rpc.lua:770	"rpc"	"/usr/bin/clangd-19"	"stderr"	"I[04:04:34.582] Working directory: /home/sasha2k62024/GitHub/NeovimGUIManager\nI[04:04:34.582] argv[0]: /usr/bin/clangd-19\nI[04:04:34.582] Starting LSP over stdin/stdout\n"
[ERROR][2025-03-26 04:04:34] .../vim/lsp/rpc.lua:770	"rpc"	"/usr/bin/clangd-19"	"stderr"	"I[04:04:34.582] <-- initialize(1)\n"
[ERROR][2025-03-26 04:04:34] .../vim/lsp/rpc.lua:770	"rpc"	"/usr/bin/clangd-19"	"stderr"	"I[04:04:34.584] --> reply:initialize(1) 1 ms\n"
[ERROR][2025-03-26 04:04:34] .../vim/lsp/rpc.lua:770	"rpc"	"/usr/bin/clangd-19"	"stderr"	"I[04:04:34.585] <-- initialized\nI[04:04:34.585] <-- textDocument/didOpen\nI[04:04:34.587] --> textDocument/publishDiagnostics\nI[04:04:34.587] Failed to find compilation database for /home/sasha2k62024/GitHub/NeovimGUIManager/IDE/Neovim/main.cpp\nI[04:04:34.587] ASTWorker building file /home/sasha2k62024/GitHub/NeovimGUIManager/IDE/Neovim/main.cpp version 0 with command clangd fallback\n[/home/sasha2k62024/GitHub/NeovimGUIManager/IDE/Neovim]\n/usr/bin/clang -IHeaderFiles/rlImGui -resource-dir=/usr/lib/llvm-19/lib/clang/19 -- /home/sasha2k62024/GitHub/NeovimGUIManager/IDE/Neovim/main.cpp\n"
[ERROR][2025-03-26 04:04:34] .../vim/lsp/rpc.lua:770	"rpc"	"/usr/bin/clangd-19"	"stderr"	"I[04:04:34.600] <-- textDocument/semanticTokens/full(2)\n"
[ERROR][2025-03-26 04:04:35] .../vim/lsp/rpc.lua:770	"rpc"	"/usr/bin/clangd-19"	"stderr"	"I[04:04:35.302] Built preamble of size 3729768 for file /home/sasha2k62024/GitHub/NeovimGUIManager/IDE/Neovim/main.cpp version 0 in 0.71 seconds\n"
[ERROR][2025-03-26 04:04:35] .../vim/lsp/rpc.lua:770	"rpc"	"/usr/bin/clangd-19"	"stderr"	"I[04:04:35.302] --> workspace/semanticTokens/refresh(0)\nI[04:04:35.303] Indexing c++17 standard library in the context of /home/sasha2k62024/GitHub/NeovimGUIManager/IDE/Neovim/main.cpp\n"
[ERROR][2025-03-26 04:04:35] .../vim/lsp/rpc.lua:770	"rpc"	"/usr/bin/clangd-19"	"stderr"	"I[04:04:35.308] <-- $/cancelRequest\nI[04:04:35.308] <-- textDocument/semanticTokens/full(3)\nI[04:04:35.308] <-- reply(0)\n"
[ERROR][2025-03-26 04:04:35] .../vim/lsp/rpc.lua:770	"rpc"	"/usr/bin/clangd-19"	"stderr"	"I[04:04:35.317] --> textDocument/publishDiagnostics\n"
[ERROR][2025-03-26 04:04:35] .../vim/lsp/rpc.lua:770	"rpc"	"/usr/bin/clangd-19"	"stderr"	"I[04:04:35.317] --> reply:textDocument/semanticTokens/full(2) 716 ms, error: Task was cancelled.\nI[04:04:35.317] --> reply:textDocument/semanticTokens/full(3) 8 ms\n"
[ERROR][2025-03-26 04:04:39] .../vim/lsp/rpc.lua:770	"rpc"	"/usr/bin/clangd-19"	"stderr"	"I[04:04:39.079] <-- shutdown(4)\nI[04:04:39.079] --> reply:shutdown(4) 0 ms\n"
[START][2025-03-26 04:05:19] LSP logging initiated
[ERROR][2025-03-26 04:05:19] .../vim/lsp/rpc.lua:770	"rpc"	"/usr/bin/clangd-19"	"stderr"	"I[04:05:19.512] Debian clangd version 19.1.4 (1~deb12u1)\nI[04:05:19.512] Features: linux+grpc\nI[04:05:19.512] PID: 1734\n"
[ERROR][2025-03-26 04:05:19] .../vim/lsp/rpc.lua:770	"rpc"	"/usr/bin/clangd-19"	"stderr"	"I[04:05:19.512] Working directory: /home/sasha2k62024/GitHub/NeovimGUIManager\nI[04:05:19.512] argv[0]: /usr/bin/clangd-19\nI[04:05:19.512] Starting LSP over stdin/stdout\n"
[ERROR][2025-03-26 04:05:19] .../vim/lsp/rpc.lua:770	"rpc"	"/usr/bin/clangd-19"	"stderr"	"I[04:05:19.513] <-- initialize(1)\n"
[ERROR][2025-03-26 04:05:19] .../vim/lsp/rpc.lua:770	"rpc"	"/usr/bin/clangd-19"	"stderr"	"I[04:05:19.515] --> reply:initialize(1) 2 ms\n"
[ERROR][2025-03-26 04:05:19] .../vim/lsp/rpc.lua:770	"rpc"	"/usr/bin/clangd-19"	"stderr"	"I[04:05:19.516] <-- initialized\nI[04:05:19.517] <-- textDocument/didOpen\nI[04:05:19.518] --> textDocument/publishDiagnostics\nI[04:05:19.518] Failed to find compilation database for /home/sasha2k62024/GitHub/NeovimGUIManager/IDE/Neovim/main.cpp\nI[04:05:19.518] ASTWorker building file /home/sasha2k62024/GitHub/NeovimGUIManager/IDE/Neovim/main.cpp version 0 with command clangd fallback\n[/home/sasha2k62024/GitHub/NeovimGUIManager/IDE/Neovim]\n/usr/bin/clang -IHeaderFiles/rlImGui -resource-dir=/usr/lib/llvm-19/lib/clang/19 -- /home/sasha2k62024/GitHub/NeovimGUIManager/IDE/Neovim/main.cpp\n"
[ERROR][2025-03-26 04:05:19] .../vim/lsp/rpc.lua:770	"rpc"	"/usr/bin/clangd-19"	"stderr"	"I[04:05:19.537] <-- textDocument/semanticTokens/full(2)\n"
[ERROR][2025-03-26 04:05:20] .../vim/lsp/rpc.lua:770	"rpc"	"/usr/bin/clangd-19"	"stderr"	"I[04:05:20.286] Built preamble of size 3729768 for file /home/sasha2k62024/GitHub/NeovimGUIManager/IDE/Neovim/main.cpp version 0 in 0.76 seconds\n"
[ERROR][2025-03-26 04:05:20] .../vim/lsp/rpc.lua:770	"rpc"	"/usr/bin/clangd-19"	"stderr"	"I[04:05:20.287] --> workspace/semanticTokens/refresh(0)\n"
[ERROR][2025-03-26 04:05:20] .../vim/lsp/rpc.lua:770	"rpc"	"/usr/bin/clangd-19"	"stderr"	"I[04:05:20.287] Indexing c++17 standard library in the context of /home/sasha2k62024/GitHub/NeovimGUIManager/IDE/Neovim/main.cpp\n"
[ERROR][2025-03-26 04:05:20] .../vim/lsp/rpc.lua:770	"rpc"	"/usr/bin/clangd-19"	"stderr"	"I[04:05:20.290] <-- $/cancelRequest\nI[04:05:20.290] <-- textDocument/semanticTokens/full(3)\nI[04:05:20.290] <-- reply(0)\n"
[ERROR][2025-03-26 04:05:20] .../vim/lsp/rpc.lua:770	"rpc"	"/usr/bin/clangd-19"	"stderr"	"I[04:05:20.301] --> textDocument/publishDiagnostics\n"
[ERROR][2025-03-26 04:05:20] .../vim/lsp/rpc.lua:770	"rpc"	"/usr/bin/clangd-19"	"stderr"	"I[04:05:20.301] --> reply:textDocument/semanticTokens/full(2) 763 ms, error: Task was cancelled.\nI[04:05:20.301] --> reply:textDocument/semanticTokens/full(3) 10 ms\n"
[ERROR][2025-03-26 04:05:24] .../vim/lsp/rpc.lua:770	"rpc"	"/usr/bin/clangd-19"	"stderr"	"I[04:05:24.693] Indexed c++17 standard library (incomplete due to errors): 13658 symbols, 1808 filtered\n"
[ERROR][2025-03-26 04:05:25] .../vim/lsp/rpc.lua:770	"rpc"	"/usr/bin/clangd-19"	"stderr"	"I[04:05:25.827] <-- textDocument/didChange\nI[04:05:25.827] <-- textDocument/didSave\nI[04:05:25.827] File version went from 7 to 7\n"
[ERROR][2025-03-26 04:05:25] .../vim/lsp/rpc.lua:770	"rpc"	"/usr/bin/clangd-19"	"stderr"	"I[04:05:25.879] Failed to find compilation database for /home/sasha2k62024/GitHub/NeovimGUIManager/IDE/Neovim/main.cpp\n"
[ERROR][2025-03-26 04:05:25] .../vim/lsp/rpc.lua:770	"rpc"	"/usr/bin/clangd-19"	"stderr"	"I[04:05:25.880] ASTWorker building file /home/sasha2k62024/GitHub/NeovimGUIManager/IDE/Neovim/main.cpp version 7 with command clangd fallback\n[/home/sasha2k62024/GitHub/NeovimGUIManager/IDE/Neovim]\n/usr/bin/clang -IHeaderFiles/rlImGui -resource-dir=/usr/lib/llvm-19/lib/clang/19 -- /home/sasha2k62024/GitHub/NeovimGUIManager/IDE/Neovim/main.cpp\n"
[ERROR][2025-03-26 04:05:25] .../vim/lsp/rpc.lua:770	"rpc"	"/usr/bin/clangd-19"	"stderr"	"I[04:05:25.898] --> textDocument/publishDiagnostics\n"
[ERROR][2025-03-26 04:05:26] .../vim/lsp/rpc.lua:770	"rpc"	"/usr/bin/clangd-19"	"stderr"	"I[04:05:26.007] <-- textDocument/semanticTokens/full/delta(4)\n"
[ERROR][2025-03-26 04:05:26] .../vim/lsp/rpc.lua:770	"rpc"	"/usr/bin/clangd-19"	"stderr"	"I[04:05:26.007] --> reply:textDocument/semanticTokens/full/delta(4) 0 ms\n"
[ERROR][2025-03-26 04:05:26] .../vim/lsp/rpc.lua:770	"rpc"	"/usr/bin/clangd-19"	"stderr"	"I[04:05:26.573] Built preamble of size 3718880 for file /home/sasha2k62024/GitHub/NeovimGUIManager/IDE/Neovim/main.cpp version 7 in 0.69 seconds\n"
[ERROR][2025-03-26 04:05:26] .../vim/lsp/rpc.lua:770	"rpc"	"/usr/bin/clangd-19"	"stderr"	"I[04:05:26.573] --> workspace/semanticTokens/refresh(1)\n"
[ERROR][2025-03-26 04:05:26] .../vim/lsp/rpc.lua:770	"rpc"	"/usr/bin/clangd-19"	"stderr"	"I[04:05:26.574] <-- textDocument/semanticTokens/full/delta(5)\nI[04:05:26.575] <-- reply(1)\n"
[ERROR][2025-03-26 04:05:26] .../vim/lsp/rpc.lua:770	"rpc"	"/usr/bin/clangd-19"	"stderr"	"I[04:05:26.583] --> textDocument/publishDiagnostics\n"
[ERROR][2025-03-26 04:05:26] .../vim/lsp/rpc.lua:770	"rpc"	"/usr/bin/clangd-19"	"stderr"	"I[04:05:26.584] --> reply:textDocument/semanticTokens/full/delta(5) 9 ms\n"
[ERROR][2025-03-26 04:05:27] .../vim/lsp/rpc.lua:770	"rpc"	"/usr/bin/clangd-19"	"stderr"	"I[04:05:27.125] <-- shutdown(6)\nI[04:05:27.125] --> reply:shutdown(6) 0 ms\n"
[START][2025-03-26 04:28:08] LSP logging initiated
[ERROR][2025-03-26 04:28:08] .../vim/lsp/rpc.lua:770	"rpc"	"/usr/bin/clangd-19"	"stderr"	"I[04:28:08.280] Debian clangd version 19.1.4 (1~deb12u1)\nI[04:28:08.281] Features: linux+grpc\nI[04:28:08.281] PID: 2643\n"
[ERROR][2025-03-26 04:28:08] .../vim/lsp/rpc.lua:770	"rpc"	"/usr/bin/clangd-19"	"stderr"	"I[04:28:08.281] Working directory: /home/sasha2k62024/GitHub/NeovimGUIManager\nI[04:28:08.281] argv[0]: /usr/bin/clangd-19\nI[04:28:08.281] Starting LSP over stdin/stdout\nI[04:28:08.283] <-- initialize(1)\nI[04:28:08.286] --> reply:initialize(1) 3 ms\n"
[ERROR][2025-03-26 04:28:08] .../vim/lsp/rpc.lua:770	"rpc"	"/usr/bin/clangd-19"	"stderr"	"I[04:28:08.294] <-- initialized\nI[04:28:08.294] <-- textDocument/didOpen\nI[04:28:08.298] --> textDocument/publishDiagnostics\nI[04:28:08.299] Failed to find compilation database for /home/sasha2k62024/GitHub/NeovimGUIManager/IDE/Neovim/main.cpp\nI[04:28:08.299] ASTWorker building file /home/sasha2k62024/GitHub/NeovimGUIManager/IDE/Neovim/main.cpp version 0 with command clangd fallback\n[/home/sasha2k62024/GitHub/NeovimGUIManager/IDE/Neovim]\n/usr/bin/clang -IHeaderFiles/rlImGui -resource-dir=/usr/lib/llvm-19/lib/clang/19 -- /home/sasha2k62024/GitHub/NeovimGUIManager/IDE/Neovim/main.cpp\n"
[ERROR][2025-03-26 04:28:08] .../vim/lsp/rpc.lua:770	"rpc"	"/usr/bin/clangd-19"	"stderr"	"I[04:28:08.310] <-- textDocument/semanticTokens/full(2)\n"
[ERROR][2025-03-26 04:28:09] .../vim/lsp/rpc.lua:770	"rpc"	"/usr/bin/clangd-19"	"stderr"	"I[04:28:09.269] Built preamble of size 3718880 for file /home/sasha2k62024/GitHub/NeovimGUIManager/IDE/Neovim/main.cpp version 0 in 0.96 seconds\n"
[ERROR][2025-03-26 04:28:09] .../vim/lsp/rpc.lua:770	"rpc"	"/usr/bin/clangd-19"	"stderr"	"I[04:28:09.270] --> workspace/semanticTokens/refresh(0)\n"
[ERROR][2025-03-26 04:28:09] .../vim/lsp/rpc.lua:770	"rpc"	"/usr/bin/clangd-19"	"stderr"	"I[04:28:09.270] Indexing c++17 standard library in the context of /home/sasha2k62024/GitHub/NeovimGUIManager/IDE/Neovim/main.cpp\n"
[ERROR][2025-03-26 04:28:09] .../vim/lsp/rpc.lua:770	"rpc"	"/usr/bin/clangd-19"	"stderr"	"I[04:28:09.272] <-- $/cancelRequest\nI[04:28:09.272] <-- textDocument/semanticTokens/full(3)\n"
[ERROR][2025-03-26 04:28:09] .../vim/lsp/rpc.lua:770	"rpc"	"/usr/bin/clangd-19"	"stderr"	"I[04:28:09.272] <-- reply(0)\n"
[ERROR][2025-03-26 04:28:09] .../vim/lsp/rpc.lua:770	"rpc"	"/usr/bin/clangd-19"	"stderr"	"I[04:28:09.293] --> textDocument/publishDiagnostics\n"
[ERROR][2025-03-26 04:28:09] .../vim/lsp/rpc.lua:770	"rpc"	"/usr/bin/clangd-19"	"stderr"	"I[04:28:09.294] --> reply:textDocument/semanticTokens/full(2) 984 ms, error: Task was cancelled.\nI[04:28:09.294] --> reply:textDocument/semanticTokens/full(3) 21 ms\n"
[ERROR][2025-03-26 04:28:14] .../vim/lsp/rpc.lua:770	"rpc"	"/usr/bin/clangd-19"	"stderr"	"I[04:28:14.310] Indexed c++17 standard library (incomplete due to errors): 13658 symbols, 1808 filtered\n"
[ERROR][2025-03-26 04:29:01] .../vim/lsp/rpc.lua:770	"rpc"	"/usr/bin/clangd-19"	"stderr"	"I[04:29:01.383] <-- shutdown(4)\nI[04:29:01.383] --> reply:shutdown(4) 0 ms\n"
[START][2025-03-26 04:29:48] LSP logging initiated
[ERROR][2025-03-26 04:29:48] .../vim/lsp/rpc.lua:770	"rpc"	"/usr/bin/clangd-19"	"stderr"	"I[04:29:48.256] Debian clangd version 19.1.4 (1~deb12u1)\nI[04:29:48.256] Features: linux+grpc\nI[04:29:48.256] PID: 2720\n"
[ERROR][2025-03-26 04:29:48] .../vim/lsp/rpc.lua:770	"rpc"	"/usr/bin/clangd-19"	"stderr"	"I[04:29:48.256] Working directory: /home/sasha2k62024/GitHub/NeovimGUIManager\nI[04:29:48.256] argv[0]: /usr/bin/clangd-19\nI[04:29:48.256] Starting LSP over stdin/stdout\n"
[ERROR][2025-03-26 04:29:48] .../vim/lsp/rpc.lua:770	"rpc"	"/usr/bin/clangd-19"	"stderr"	"I[04:29:48.257] <-- initialize(1)\n"
[ERROR][2025-03-26 04:29:48] .../vim/lsp/rpc.lua:770	"rpc"	"/usr/bin/clangd-19"	"stderr"	"I[04:29:48.259] --> reply:initialize(1) 1 ms\n"
[ERROR][2025-03-26 04:29:48] .../vim/lsp/rpc.lua:770	"rpc"	"/usr/bin/clangd-19"	"stderr"	"I[04:29:48.260] <-- initialized\nI[04:29:48.260] <-- textDocument/didOpen\nI[04:29:48.262] --> textDocument/publishDiagnostics\nI[04:29:48.262] Failed to find compilation database for /home/sasha2k62024/GitHub/NeovimGUIManager/IDE/Neovim/main.cpp\nI[04:29:48.262] ASTWorker building file /home/sasha2k62024/GitHub/NeovimGUIManager/IDE/Neovim/main.cpp version 0 with command clangd fallback\n[/home/sasha2k62024/GitHub/NeovimGUIManager/IDE/Neovim]\n/usr/bin/clang -IHeaderFiles/rlImGui -resource-dir=/usr/lib/llvm-19/lib/clang/19 -- /home/sasha2k62024/GitHub/NeovimGUIManager/IDE/Neovim/main.cpp\n"
[ERROR][2025-03-26 04:29:48] .../vim/lsp/rpc.lua:770	"rpc"	"/usr/bin/clangd-19"	"stderr"	"I[04:29:48.273] <-- textDocument/semanticTokens/full(2)\n"
[ERROR][2025-03-26 04:29:48] .../vim/lsp/rpc.lua:770	"rpc"	"/usr/bin/clangd-19"	"stderr"	"I[04:29:48.995] Built preamble of size 3718880 for file /home/sasha2k62024/GitHub/NeovimGUIManager/IDE/Neovim/main.cpp version 0 in 0.73 seconds\n"
[ERROR][2025-03-26 04:29:48] .../vim/lsp/rpc.lua:770	"rpc"	"/usr/bin/clangd-19"	"stderr"	"I[04:29:48.996] --> workspace/semanticTokens/refresh(0)\nI[04:29:48.996] Indexing c++17 standard library in the context of /home/sasha2k62024/GitHub/NeovimGUIManager/IDE/Neovim/main.cpp\n"
[ERROR][2025-03-26 04:29:49] .../vim/lsp/rpc.lua:770	"rpc"	"/usr/bin/clangd-19"	"stderr"	"I[04:29:48.998] <-- $/cancelRequest\nI[04:29:48.998] <-- textDocument/semanticTokens/full(3)\nI[04:29:48.998] <-- reply(0)\n"
[ERROR][2025-03-26 04:29:49] .../vim/lsp/rpc.lua:770	"rpc"	"/usr/bin/clangd-19"	"stderr"	"I[04:29:49.010] --> textDocument/publishDiagnostics\n"
[ERROR][2025-03-26 04:29:49] .../vim/lsp/rpc.lua:770	"rpc"	"/usr/bin/clangd-19"	"stderr"	"I[04:29:49.010] --> reply:textDocument/semanticTokens/full(2) 736 ms, error: Task was cancelled.\n"
[ERROR][2025-03-26 04:29:49] .../vim/lsp/rpc.lua:770	"rpc"	"/usr/bin/clangd-19"	"stderr"	"I[04:29:49.010] --> reply:textDocument/semanticTokens/full(3) 11 ms\n"
[ERROR][2025-03-26 04:29:52] .../vim/lsp/rpc.lua:770	"rpc"	"/usr/bin/clangd-19"	"stderr"	"I[04:29:52.624] <-- textDocument/didChange\n"
[ERROR][2025-03-26 04:29:52] .../vim/lsp/rpc.lua:770	"rpc"	"/usr/bin/clangd-19"	"stderr"	"I[04:29:52.673] <-- textDocument/semanticTokens/full/delta(4)\n"
[ERROR][2025-03-26 04:29:52] .../vim/lsp/rpc.lua:770	"rpc"	"/usr/bin/clangd-19"	"stderr"	"I[04:29:52.673] Failed to find compilation database for /home/sasha2k62024/GitHub/NeovimGUIManager/IDE/Neovim/main.cpp\n"
[ERROR][2025-03-26 04:29:52] .../vim/lsp/rpc.lua:770	"rpc"	"/usr/bin/clangd-19"	"stderr"	"I[04:29:52.674] ASTWorker building file /home/sasha2k62024/GitHub/NeovimGUIManager/IDE/Neovim/main.cpp version 6 with command clangd fallback\n[/home/sasha2k62024/GitHub/NeovimGUIManager/IDE/Neovim]\n/usr/bin/clang -IHeaderFiles/rlImGui -resource-dir=/usr/lib/llvm-19/lib/clang/19 -- /home/sasha2k62024/GitHub/NeovimGUIManager/IDE/Neovim/main.cpp\n"
[ERROR][2025-03-26 04:29:52] .../vim/lsp/rpc.lua:770	"rpc"	"/usr/bin/clangd-19"	"stderr"	"I[04:29:52.686] --> textDocument/publishDiagnostics\nI[04:29:52.686] --> reply:textDocument/semanticTokens/full/delta(4) 13 ms\n"
[ERROR][2025-03-26 04:29:52] .../vim/lsp/rpc.lua:770	"rpc"	"/usr/bin/clangd-19"	"stderr"	"I[04:29:52.773] <-- textDocument/didChange\n"
[ERROR][2025-03-26 04:29:52] .../vim/lsp/rpc.lua:770	"rpc"	"/usr/bin/clangd-19"	"stderr"	"I[04:29:52.824] Failed to find compilation database for /home/sasha2k62024/GitHub/NeovimGUIManager/IDE/Neovim/main.cpp\n"
[ERROR][2025-03-26 04:29:52] .../vim/lsp/rpc.lua:770	"rpc"	"/usr/bin/clangd-19"	"stderr"	"I[04:29:52.825] ASTWorker building file /home/sasha2k62024/GitHub/NeovimGUIManager/IDE/Neovim/main.cpp version 7 with command clangd fallback\n[/home/sasha2k62024/GitHub/NeovimGUIManager/IDE/Neovim]\n/usr/bin/clang -IHeaderFiles/rlImGui -resource-dir=/usr/lib/llvm-19/lib/clang/19 -- /home/sasha2k62024/GitHub/NeovimGUIManager/IDE/Neovim/main.cpp\n"
[ERROR][2025-03-26 04:29:52] .../vim/lsp/rpc.lua:770	"rpc"	"/usr/bin/clangd-19"	"stderr"	"I[04:29:52.836] --> textDocument/publishDiagnostics\n"
[ERROR][2025-03-26 04:29:52] .../vim/lsp/rpc.lua:770	"rpc"	"/usr/bin/clangd-19"	"stderr"	"I[04:29:52.903] <-- textDocument/semanticTokens/full/delta(5)\n"
[ERROR][2025-03-26 04:29:52] .../vim/lsp/rpc.lua:770	"rpc"	"/usr/bin/clangd-19"	"stderr"	"I[04:29:52.903] --> reply:textDocument/semanticTokens/full/delta(5) 0 ms\n"
[ERROR][2025-03-26 04:29:53] .../vim/lsp/rpc.lua:770	"rpc"	"/usr/bin/clangd-19"	"stderr"	"I[04:29:53.451] Indexed c++17 standard library (incomplete due to errors): 13658 symbols, 1808 filtered\n"
[ERROR][2025-03-26 04:29:54] .../vim/lsp/rpc.lua:770	"rpc"	"/usr/bin/clangd-19"	"stderr"	"I[04:29:54.063] <-- textDocument/didChange\n"
[ERROR][2025-03-26 04:29:54] .../vim/lsp/rpc.lua:770	"rpc"	"/usr/bin/clangd-19"	"stderr"	"I[04:29:54.116] Failed to find compilation database for /home/sasha2k62024/GitHub/NeovimGUIManager/IDE/Neovim/main.cpp\n"
[ERROR][2025-03-26 04:29:54] .../vim/lsp/rpc.lua:770	"rpc"	"/usr/bin/clangd-19"	"stderr"	"I[04:29:54.117] ASTWorker building file /home/sasha2k62024/GitHub/NeovimGUIManager/IDE/Neovim/main.cpp version 8 with command clangd fallback\n[/home/sasha2k62024/GitHub/NeovimGUIManager/IDE/Neovim]\n/usr/bin/clang -IHeaderFiles/rlImGui -resource-dir=/usr/lib/llvm-19/lib/clang/19 -- /home/sasha2k62024/GitHub/NeovimGUIManager/IDE/Neovim/main.cpp\n"
[ERROR][2025-03-26 04:29:54] .../vim/lsp/rpc.lua:770	"rpc"	"/usr/bin/clangd-19"	"stderr"	"I[04:29:54.140] --> textDocument/publishDiagnostics\n"
[ERROR][2025-03-26 04:29:54] .../vim/lsp/rpc.lua:770	"rpc"	"/usr/bin/clangd-19"	"stderr"	"I[04:29:54.209] <-- textDocument/didChange\n"
[ERROR][2025-03-26 04:29:54] .../vim/lsp/rpc.lua:770	"rpc"	"/usr/bin/clangd-19"	"stderr"	"I[04:29:54.260] Failed to find compilation database for /home/sasha2k62024/GitHub/NeovimGUIManager/IDE/Neovim/main.cpp\nI[04:29:54.261] <-- textDocument/semanticTokens/full/delta(6)\n"
[ERROR][2025-03-26 04:29:54] .../vim/lsp/rpc.lua:770	"rpc"	"/usr/bin/clangd-19"	"stderr"	"I[04:29:54.261] ASTWorker building file /home/sasha2k62024/GitHub/NeovimGUIManager/IDE/Neovim/main.cpp version 9 with command clangd fallback\n[/home/sasha2k62024/GitHub/NeovimGUIManager/IDE/Neovim]\n/usr/bin/clang -IHeaderFiles/rlImGui -resource-dir=/usr/lib/llvm-19/lib/clang/19 -- /home/sasha2k62024/GitHub/NeovimGUIManager/IDE/Neovim/main.cpp\n"
[ERROR][2025-03-26 04:29:54] .../vim/lsp/rpc.lua:770	"rpc"	"/usr/bin/clangd-19"	"stderr"	"I[04:29:54.280] --> textDocument/publishDiagnostics\n"
[ERROR][2025-03-26 04:29:54] .../vim/lsp/rpc.lua:770	"rpc"	"/usr/bin/clangd-19"	"stderr"	"I[04:29:54.280] --> reply:textDocument/semanticTokens/full/delta(6) 19 ms\n"
[ERROR][2025-03-26 04:29:54] .../vim/lsp/rpc.lua:770	"rpc"	"/usr/bin/clangd-19"	"stderr"	"I[04:29:54.637] <-- textDocument/didChange\n"
[ERROR][2025-03-26 04:29:54] .../vim/lsp/rpc.lua:770	"rpc"	"/usr/bin/clangd-19"	"stderr"	"I[04:29:54.688] Failed to find compilation database for /home/sasha2k62024/GitHub/NeovimGUIManager/IDE/Neovim/main.cpp\n"
[ERROR][2025-03-26 04:29:54] .../vim/lsp/rpc.lua:770	"rpc"	"/usr/bin/clangd-19"	"stderr"	"I[04:29:54.689] ASTWorker building file /home/sasha2k62024/GitHub/NeovimGUIManager/IDE/Neovim/main.cpp version 10 with command clangd fallback\n[/home/sasha2k62024/GitHub/NeovimGUIManager/IDE/Neovim]\n/usr/bin/clang -IHeaderFiles/rlImGui -resource-dir=/usr/lib/llvm-19/lib/clang/19 -- /home/sasha2k62024/GitHub/NeovimGUIManager/IDE/Neovim/main.cpp\n"
[ERROR][2025-03-26 04:29:54] .../vim/lsp/rpc.lua:770	"rpc"	"/usr/bin/clangd-19"	"stderr"	"I[04:29:54.699] --> textDocument/publishDiagnostics\n"
[ERROR][2025-03-26 04:29:54] .../vim/lsp/rpc.lua:770	"rpc"	"/usr/bin/clangd-19"	"stderr"	"I[04:29:54.837] <-- textDocument/semanticTokens/full/delta(7)\n"
[ERROR][2025-03-26 04:29:54] .../vim/lsp/rpc.lua:770	"rpc"	"/usr/bin/clangd-19"	"stderr"	"I[04:29:54.838] --> reply:textDocument/semanticTokens/full/delta(7) 0 ms\n"
[ERROR][2025-03-26 04:29:54] .../vim/lsp/rpc.lua:770	"rpc"	"/usr/bin/clangd-19"	"stderr"	"I[04:29:54.951] <-- textDocument/didChange\n"
[ERROR][2025-03-26 04:29:55] .../vim/lsp/rpc.lua:770	"rpc"	"/usr/bin/clangd-19"	"stderr"	"I[04:29:55.002] Failed to find compilation database for /home/sasha2k62024/GitHub/NeovimGUIManager/IDE/Neovim/main.cpp\n"
[ERROR][2025-03-26 04:29:55] .../vim/lsp/rpc.lua:770	"rpc"	"/usr/bin/clangd-19"	"stderr"	"I[04:29:55.003] ASTWorker building file /home/sasha2k62024/GitHub/NeovimGUIManager/IDE/Neovim/main.cpp version 11 with command clangd fallback\n[/home/sasha2k62024/GitHub/NeovimGUIManager/IDE/Neovim]\n/usr/bin/clang -IHeaderFiles/rlImGui -resource-dir=/usr/lib/llvm-19/lib/clang/19 -- /home/sasha2k62024/GitHub/NeovimGUIManager/IDE/Neovim/main.cpp\n"
[ERROR][2025-03-26 04:29:55] .../vim/lsp/rpc.lua:770	"rpc"	"/usr/bin/clangd-19"	"stderr"	"I[04:29:55.031] --> textDocument/publishDiagnostics\n"
[ERROR][2025-03-26 04:29:55] .../vim/lsp/rpc.lua:770	"rpc"	"/usr/bin/clangd-19"	"stderr"	"I[04:29:55.151] <-- textDocument/semanticTokens/full/delta(8)\n"
[ERROR][2025-03-26 04:29:55] .../vim/lsp/rpc.lua:770	"rpc"	"/usr/bin/clangd-19"	"stderr"	"I[04:29:55.152] --> reply:textDocument/semanticTokens/full/delta(8) 0 ms\n"
[ERROR][2025-03-26 04:29:55] .../vim/lsp/rpc.lua:770	"rpc"	"/usr/bin/clangd-19"	"stderr"	"I[04:29:55.408] <-- textDocument/didChange\n"
[ERROR][2025-03-26 04:29:55] .../vim/lsp/rpc.lua:770	"rpc"	"/usr/bin/clangd-19"	"stderr"	"I[04:29:55.414] <-- textDocument/completion(9)\n"
[ERROR][2025-03-26 04:29:55] .../vim/lsp/rpc.lua:770	"rpc"	"/usr/bin/clangd-19"	"stderr"	"I[04:29:55.458] Failed to find compilation database for /home/sasha2k62024/GitHub/NeovimGUIManager/IDE/Neovim/main.cpp\n"
[ERROR][2025-03-26 04:29:55] .../vim/lsp/rpc.lua:770	"rpc"	"/usr/bin/clangd-19"	"stderr"	"I[04:29:55.459] ASTWorker building file /home/sasha2k62024/GitHub/NeovimGUIManager/IDE/Neovim/main.cpp version 12 with command clangd fallback\n[/home/sasha2k62024/GitHub/NeovimGUIManager/IDE/Neovim]\n/usr/bin/clang -IHeaderFiles/rlImGui -resource-dir=/usr/lib/llvm-19/lib/clang/19 -- /home/sasha2k62024/GitHub/NeovimGUIManager/IDE/Neovim/main.cpp\n"
[ERROR][2025-03-26 04:29:55] .../vim/lsp/rpc.lua:770	"rpc"	"/usr/bin/clangd-19"	"stderr"	"I[04:29:55.467] Code complete: sema context Statement, query scopes [,std::] (AnyScope=true), expected type <none>\n"
[ERROR][2025-03-26 04:29:55] .../vim/lsp/rpc.lua:770	"rpc"	"/usr/bin/clangd-19"	"stderr"	"I[04:29:55.471] Code complete: 10 results from Sema, 96 from Index, 0 matched, 0 from identifiers, 100 returned (incomplete).\n"
[ERROR][2025-03-26 04:29:55] .../vim/lsp/rpc.lua:770	"rpc"	"/usr/bin/clangd-19"	"stderr"	"I[04:29:55.481] --> reply:textDocument/completion(9) 66 ms\n"
[ERROR][2025-03-26 04:29:55] .../vim/lsp/rpc.lua:770	"rpc"	"/usr/bin/clangd-19"	"stderr"	"I[04:29:55.488] --> textDocument/publishDiagnostics\n"
[ERROR][2025-03-26 04:29:55] .../vim/lsp/rpc.lua:770	"rpc"	"/usr/bin/clangd-19"	"stderr"	"I[04:29:55.560] <-- textDocument/didChange\nI[04:29:55.561] <-- textDocument/completion(10)\n"
[ERROR][2025-03-26 04:29:55] .../vim/lsp/rpc.lua:770	"rpc"	"/usr/bin/clangd-19"	"stderr"	"I[04:29:55.588] Code complete: sema context Statement, query scopes [,std::] (AnyScope=true), expected type <none>\n"
[ERROR][2025-03-26 04:29:55] .../vim/lsp/rpc.lua:770	"rpc"	"/usr/bin/clangd-19"	"stderr"	"I[04:29:55.589] Code complete: 3 results from Sema, 77 from Index, 0 matched, 0 from identifiers, 80 returned (incomplete).\n"
[ERROR][2025-03-26 04:29:55] .../vim/lsp/rpc.lua:770	"rpc"	"/usr/bin/clangd-19"	"stderr"	"I[04:29:55.597] --> reply:textDocument/completion(10) 36 ms\n"
[ERROR][2025-03-26 04:29:55] .../vim/lsp/rpc.lua:770	"rpc"	"/usr/bin/clangd-19"	"stderr"	"I[04:29:55.611] Failed to find compilation database for /home/sasha2k62024/GitHub/NeovimGUIManager/IDE/Neovim/main.cpp\n"
[ERROR][2025-03-26 04:29:55] .../vim/lsp/rpc.lua:770	"rpc"	"/usr/bin/clangd-19"	"stderr"	"I[04:29:55.612] ASTWorker building file /home/sasha2k62024/GitHub/NeovimGUIManager/IDE/Neovim/main.cpp version 13 with command clangd fallback\n[/home/sasha2k62024/GitHub/NeovimGUIManager/IDE/Neovim]\n/usr/bin/clang -IHeaderFiles/rlImGui -resource-dir=/usr/lib/llvm-19/lib/clang/19 -- /home/sasha2k62024/GitHub/NeovimGUIManager/IDE/Neovim/main.cpp\n"
[ERROR][2025-03-26 04:29:55] .../vim/lsp/rpc.lua:770	"rpc"	"/usr/bin/clangd-19"	"stderr"	"I[04:29:55.623] --> textDocument/publishDiagnostics\n"
[ERROR][2025-03-26 04:29:55] .../vim/lsp/rpc.lua:770	"rpc"	"/usr/bin/clangd-19"	"stderr"	"I[04:29:55.753] <-- textDocument/didChange\n"
[ERROR][2025-03-26 04:29:55] .../vim/lsp/rpc.lua:770	"rpc"	"/usr/bin/clangd-19"	"stderr"	"I[04:29:55.756] <-- textDocument/completion(11)\n"
[ERROR][2025-03-26 04:29:55] .../vim/lsp/rpc.lua:770	"rpc"	"/usr/bin/clangd-19"	"stderr"	"I[04:29:55.775] Code complete: sema context Statement, query scopes [,std::] (AnyScope=true), expected type <none>\n"
[ERROR][2025-03-26 04:29:55] .../vim/lsp/rpc.lua:770	"rpc"	"/usr/bin/clangd-19"	"stderr"	"I[04:29:55.775] Code complete: 0 results from Sema, 8 from Index, 0 matched, 0 from identifiers, 8 returned.\n"
[ERROR][2025-03-26 04:29:55] .../vim/lsp/rpc.lua:770	"rpc"	"/usr/bin/clangd-19"	"stderr"	"I[04:29:55.776] --> reply:textDocument/completion(11) 19 ms\n"
[ERROR][2025-03-26 04:29:55] .../vim/lsp/rpc.lua:770	"rpc"	"/usr/bin/clangd-19"	"stderr"	"I[04:29:55.803] Failed to find compilation database for /home/sasha2k62024/GitHub/NeovimGUIManager/IDE/Neovim/main.cpp\n"
[ERROR][2025-03-26 04:29:55] .../vim/lsp/rpc.lua:770	"rpc"	"/usr/bin/clangd-19"	"stderr"	"I[04:29:55.804] ASTWorker building file /home/sasha2k62024/GitHub/NeovimGUIManager/IDE/Neovim/main.cpp version 14 with command clangd fallback\n[/home/sasha2k62024/GitHub/NeovimGUIManager/IDE/Neovim]\n/usr/bin/clang -IHeaderFiles/rlImGui -resource-dir=/usr/lib/llvm-19/lib/clang/19 -- /home/sasha2k62024/GitHub/NeovimGUIManager/IDE/Neovim/main.cpp\n"
[ERROR][2025-03-26 04:29:55] .../vim/lsp/rpc.lua:770	"rpc"	"/usr/bin/clangd-19"	"stderr"	"I[04:29:55.824] --> textDocument/publishDiagnostics\n"
[ERROR][2025-03-26 04:29:55] .../vim/lsp/rpc.lua:770	"rpc"	"/usr/bin/clangd-19"	"stderr"	"I[04:29:55.905] <-- textDocument/didChange\n"
[ERROR][2025-03-26 04:29:55] .../vim/lsp/rpc.lua:770	"rpc"	"/usr/bin/clangd-19"	"stderr"	"I[04:29:55.956] Failed to find compilation database for /home/sasha2k62024/GitHub/NeovimGUIManager/IDE/Neovim/main.cpp\n"
[ERROR][2025-03-26 04:29:55] .../vim/lsp/rpc.lua:770	"rpc"	"/usr/bin/clangd-19"	"stderr"	"I[04:29:55.957] ASTWorker building file /home/sasha2k62024/GitHub/NeovimGUIManager/IDE/Neovim/main.cpp version 15 with command clangd fallback\n[/home/sasha2k62024/GitHub/NeovimGUIManager/IDE/Neovim]\n/usr/bin/clang -IHeaderFiles/rlImGui -resource-dir=/usr/lib/llvm-19/lib/clang/19 -- /home/sasha2k62024/GitHub/NeovimGUIManager/IDE/Neovim/main.cpp\n"
[ERROR][2025-03-26 04:29:55] .../vim/lsp/rpc.lua:770	"rpc"	"/usr/bin/clangd-19"	"stderr"	"I[04:29:55.990] --> textDocument/publishDiagnostics\n"
[ERROR][2025-03-26 04:29:56] .../vim/lsp/rpc.lua:770	"rpc"	"/usr/bin/clangd-19"	"stderr"	"I[04:29:56.071] <-- textDocument/semanticTokens/full/delta(12)\n"
[ERROR][2025-03-26 04:29:56] .../vim/lsp/rpc.lua:770	"rpc"	"/usr/bin/clangd-19"	"stderr"	"I[04:29:56.072] --> reply:textDocument/semanticTokens/full/delta(12) 0 ms\n"
[ERROR][2025-03-26 04:29:56] .../vim/lsp/rpc.lua:770	"rpc"	"/usr/bin/clangd-19"	"stderr"	"I[04:29:56.339] <-- textDocument/didChange\n"
[ERROR][2025-03-26 04:29:56] .../vim/lsp/rpc.lua:770	"rpc"	"/usr/bin/clangd-19"	"stderr"	"I[04:29:56.347] <-- textDocument/completion(13)\n"
[ERROR][2025-03-26 04:29:56] .../vim/lsp/rpc.lua:770	"rpc"	"/usr/bin/clangd-19"	"stderr"	"I[04:29:56.377] Code complete: sema context Statement, query scopes [,std::] (AnyScope=true), expected type <none>\n"
[ERROR][2025-03-26 04:29:56] .../vim/lsp/rpc.lua:770	"rpc"	"/usr/bin/clangd-19"	"stderr"	"I[04:29:56.379] Code complete: 0 results from Sema, 8 from Index, 0 matched, 0 from identifiers, 8 returned.\n"
[ERROR][2025-03-26 04:29:56] .../vim/lsp/rpc.lua:770	"rpc"	"/usr/bin/clangd-19"	"stderr"	"I[04:29:56.380] --> reply:textDocument/completion(13) 33 ms\n"
[ERROR][2025-03-26 04:29:56] .../vim/lsp/rpc.lua:770	"rpc"	"/usr/bin/clangd-19"	"stderr"	"I[04:29:56.390] Failed to find compilation database for /home/sasha2k62024/GitHub/NeovimGUIManager/IDE/Neovim/main.cpp\n"
[ERROR][2025-03-26 04:29:56] .../vim/lsp/rpc.lua:770	"rpc"	"/usr/bin/clangd-19"	"stderr"	"I[04:29:56.391] ASTWorker building file /home/sasha2k62024/GitHub/NeovimGUIManager/IDE/Neovim/main.cpp version 16 with command clangd fallback\n[/home/sasha2k62024/GitHub/NeovimGUIManager/IDE/Neovim]\n/usr/bin/clang -IHeaderFiles/rlImGui -resource-dir=/usr/lib/llvm-19/lib/clang/19 -- /home/sasha2k62024/GitHub/NeovimGUIManager/IDE/Neovim/main.cpp\n"
[ERROR][2025-03-26 04:29:56] .../vim/lsp/rpc.lua:770	"rpc"	"/usr/bin/clangd-19"	"stderr"	"I[04:29:56.421] --> textDocument/publishDiagnostics\n"
[ERROR][2025-03-26 04:29:56] .../vim/lsp/rpc.lua:770	"rpc"	"/usr/bin/clangd-19"	"stderr"	"I[04:29:56.532] <-- textDocument/didChange\n"
[ERROR][2025-03-26 04:29:56] .../vim/lsp/rpc.lua:770	"rpc"	"/usr/bin/clangd-19"	"stderr"	"I[04:29:56.584] Failed to find compilation database for /home/sasha2k62024/GitHub/NeovimGUIManager/IDE/Neovim/main.cpp\n"
[ERROR][2025-03-26 04:29:56] .../vim/lsp/rpc.lua:770	"rpc"	"/usr/bin/clangd-19"	"stderr"	"I[04:29:56.585] ASTWorker building file /home/sasha2k62024/GitHub/NeovimGUIManager/IDE/Neovim/main.cpp version 17 with command clangd fallback\n[/home/sasha2k62024/GitHub/NeovimGUIManager/IDE/Neovim]\n/usr/bin/clang -IHeaderFiles/rlImGui -resource-dir=/usr/lib/llvm-19/lib/clang/19 -- /home/sasha2k62024/GitHub/NeovimGUIManager/IDE/Neovim/main.cpp\n"
[ERROR][2025-03-26 04:29:56] .../vim/lsp/rpc.lua:770	"rpc"	"/usr/bin/clangd-19"	"stderr"	"I[04:29:56.608] --> textDocument/publishDiagnostics\n"
[ERROR][2025-03-26 04:29:56] .../vim/lsp/rpc.lua:770	"rpc"	"/usr/bin/clangd-19"	"stderr"	"I[04:29:56.734] <-- textDocument/semanticTokens/full/delta(14)\n"
[ERROR][2025-03-26 04:29:56] .../vim/lsp/rpc.lua:770	"rpc"	"/usr/bin/clangd-19"	"stderr"	"I[04:29:56.734] --> reply:textDocument/semanticTokens/full/delta(14) 0 ms\n"
[ERROR][2025-03-26 04:30:15] .../vim/lsp/rpc.lua:770	"rpc"	"/usr/bin/clangd-19"	"stderr"	"I[04:30:15.112] <-- textDocument/didChange\n"
[ERROR][2025-03-26 04:30:15] .../vim/lsp/rpc.lua:770	"rpc"	"/usr/bin/clangd-19"	"stderr"	"I[04:30:15.163] Failed to find compilation database for /home/sasha2k62024/GitHub/NeovimGUIManager/IDE/Neovim/main.cpp\n"
[ERROR][2025-03-26 04:30:15] .../vim/lsp/rpc.lua:770	"rpc"	"/usr/bin/clangd-19"	"stderr"	"I[04:30:15.164] ASTWorker building file /home/sasha2k62024/GitHub/NeovimGUIManager/IDE/Neovim/main.cpp version 18 with command clangd fallback\n[/home/sasha2k62024/GitHub/NeovimGUIManager/IDE/Neovim]\n/usr/bin/clang -IHeaderFiles/rlImGui -resource-dir=/usr/lib/llvm-19/lib/clang/19 -- /home/sasha2k62024/GitHub/NeovimGUIManager/IDE/Neovim/main.cpp\n"
[ERROR][2025-03-26 04:30:15] .../vim/lsp/rpc.lua:770	"rpc"	"/usr/bin/clangd-19"	"stderr"	"I[04:30:15.199] --> textDocument/publishDiagnostics\n"
[ERROR][2025-03-26 04:30:15] .../vim/lsp/rpc.lua:770	"rpc"	"/usr/bin/clangd-19"	"stderr"	"I[04:30:15.258] <-- textDocument/didChange\n"
[ERROR][2025-03-26 04:30:15] .../vim/lsp/rpc.lua:770	"rpc"	"/usr/bin/clangd-19"	"stderr"	"I[04:30:15.309] Failed to find compilation database for /home/sasha2k62024/GitHub/NeovimGUIManager/IDE/Neovim/main.cpp\n"
[ERROR][2025-03-26 04:30:15] .../vim/lsp/rpc.lua:770	"rpc"	"/usr/bin/clangd-19"	"stderr"	"I[04:30:15.311] ASTWorker building file /home/sasha2k62024/GitHub/NeovimGUIManager/IDE/Neovim/main.cpp version 25 with command clangd fallback\n[/home/sasha2k62024/GitHub/NeovimGUIManager/IDE/Neovim]\n/usr/bin/clang -IHeaderFiles/rlImGui -resource-dir=/usr/lib/llvm-19/lib/clang/19 -- /home/sasha2k62024/GitHub/NeovimGUIManager/IDE/Neovim/main.cpp\n"
[ERROR][2025-03-26 04:30:15] .../vim/lsp/rpc.lua:770	"rpc"	"/usr/bin/clangd-19"	"stderr"	"I[04:30:15.318] <-- textDocument/semanticTokens/full/delta(15)\n"
[ERROR][2025-03-26 04:30:15] .../vim/lsp/rpc.lua:770	"rpc"	"/usr/bin/clangd-19"	"stderr"	"I[04:30:15.341] --> textDocument/publishDiagnostics\n"
[ERROR][2025-03-26 04:30:15] .../vim/lsp/rpc.lua:770	"rpc"	"/usr/bin/clangd-19"	"stderr"	"I[04:30:15.341] --> reply:textDocument/semanticTokens/full/delta(15) 22 ms\n"
[ERROR][2025-03-26 04:30:16] .../vim/lsp/rpc.lua:770	"rpc"	"/usr/bin/clangd-19"	"stderr"	"I[04:30:16.499] <-- textDocument/didChange\n"
[ERROR][2025-03-26 04:30:16] .../vim/lsp/rpc.lua:770	"rpc"	"/usr/bin/clangd-19"	"stderr"	"I[04:30:16.551] Failed to find compilation database for /home/sasha2k62024/GitHub/NeovimGUIManager/IDE/Neovim/main.cpp\n"
[ERROR][2025-03-26 04:30:16] .../vim/lsp/rpc.lua:770	"rpc"	"/usr/bin/clangd-19"	"stderr"	"I[04:30:16.552] ASTWorker building file /home/sasha2k62024/GitHub/NeovimGUIManager/IDE/Neovim/main.cpp version 26 with command clangd fallback\n[/home/sasha2k62024/GitHub/NeovimGUIManager/IDE/Neovim]\n/usr/bin/clang -IHeaderFiles/rlImGui -resource-dir=/usr/lib/llvm-19/lib/clang/19 -- /home/sasha2k62024/GitHub/NeovimGUIManager/IDE/Neovim/main.cpp\n"
[ERROR][2025-03-26 04:30:16] .../vim/lsp/rpc.lua:770	"rpc"	"/usr/bin/clangd-19"	"stderr"	"I[04:30:16.582] --> textDocument/publishDiagnostics\n"
[ERROR][2025-03-26 04:30:16] .../vim/lsp/rpc.lua:770	"rpc"	"/usr/bin/clangd-19"	"stderr"	"I[04:30:16.699] <-- textDocument/semanticTokens/full/delta(16)\n"
[ERROR][2025-03-26 04:30:16] .../vim/lsp/rpc.lua:770	"rpc"	"/usr/bin/clangd-19"	"stderr"	"I[04:30:16.700] --> reply:textDocument/semanticTokens/full/delta(16) 0 ms\n"
[ERROR][2025-03-26 04:30:16] .../vim/lsp/rpc.lua:770	"rpc"	"/usr/bin/clangd-19"	"stderr"	"I[04:30:16.755] <-- textDocument/didChange\n"
[ERROR][2025-03-26 04:30:16] .../vim/lsp/rpc.lua:770	"rpc"	"/usr/bin/clangd-19"	"stderr"	"I[04:30:16.761] <-- textDocument/completion(17)\nI[04:30:16.761] --> reply:textDocument/completion(17) 0 ms\n"
[ERROR][2025-03-26 04:30:16] .../vim/lsp/rpc.lua:770	"rpc"	"/usr/bin/clangd-19"	"stderr"	"I[04:30:16.807] Failed to find compilation database for /home/sasha2k62024/GitHub/NeovimGUIManager/IDE/Neovim/main.cpp\n"
[ERROR][2025-03-26 04:30:16] .../vim/lsp/rpc.lua:770	"rpc"	"/usr/bin/clangd-19"	"stderr"	"I[04:30:16.808] ASTWorker building file /home/sasha2k62024/GitHub/NeovimGUIManager/IDE/Neovim/main.cpp version 27 with command clangd fallback\n[/home/sasha2k62024/GitHub/NeovimGUIManager/IDE/Neovim]\n/usr/bin/clang -IHeaderFiles/rlImGui -resource-dir=/usr/lib/llvm-19/lib/clang/19 -- /home/sasha2k62024/GitHub/NeovimGUIManager/IDE/Neovim/main.cpp\n"
[ERROR][2025-03-26 04:30:16] .../vim/lsp/rpc.lua:770	"rpc"	"/usr/bin/clangd-19"	"stderr"	"I[04:30:16.830] --> textDocument/publishDiagnostics\n"
[ERROR][2025-03-26 04:30:16] .../vim/lsp/rpc.lua:770	"rpc"	"/usr/bin/clangd-19"	"stderr"	"I[04:30:16.892] <-- textDocument/didChange\nI[04:30:16.892] <-- textDocument/completion(18)\nI[04:30:16.892] --> reply:textDocument/completion(18) 0 ms\n"
[ERROR][2025-03-26 04:30:16] .../vim/lsp/rpc.lua:770	"rpc"	"/usr/bin/clangd-19"	"stderr"	"I[04:30:16.943] Failed to find compilation database for /home/sasha2k62024/GitHub/NeovimGUIManager/IDE/Neovim/main.cpp\n"
[ERROR][2025-03-26 04:30:16] .../vim/lsp/rpc.lua:770	"rpc"	"/usr/bin/clangd-19"	"stderr"	"I[04:30:16.944] ASTWorker building file /home/sasha2k62024/GitHub/NeovimGUIManager/IDE/Neovim/main.cpp version 28 with command clangd fallback\n[/home/sasha2k62024/GitHub/NeovimGUIManager/IDE/Neovim]\n/usr/bin/clang -IHeaderFiles/rlImGui -resource-dir=/usr/lib/llvm-19/lib/clang/19 -- /home/sasha2k62024/GitHub/NeovimGUIManager/IDE/Neovim/main.cpp\n"
[ERROR][2025-03-26 04:30:16] .../vim/lsp/rpc.lua:770	"rpc"	"/usr/bin/clangd-19"	"stderr"	"I[04:30:16.973] --> textDocument/publishDiagnostics\n"
[ERROR][2025-03-26 04:30:17] .../vim/lsp/rpc.lua:770	"rpc"	"/usr/bin/clangd-19"	"stderr"	"I[04:30:17.044] <-- textDocument/didChange\n"
[ERROR][2025-03-26 04:30:17] .../vim/lsp/rpc.lua:770	"rpc"	"/usr/bin/clangd-19"	"stderr"	"I[04:30:17.095] Failed to find compilation database for /home/sasha2k62024/GitHub/NeovimGUIManager/IDE/Neovim/main.cpp\n"
[ERROR][2025-03-26 04:30:17] .../vim/lsp/rpc.lua:770	"rpc"	"/usr/bin/clangd-19"	"stderr"	"I[04:30:17.096] ASTWorker building file /home/sasha2k62024/GitHub/NeovimGUIManager/IDE/Neovim/main.cpp version 29 with command clangd fallback\n[/home/sasha2k62024/GitHub/NeovimGUIManager/IDE/Neovim]\n/usr/bin/clang -IHeaderFiles/rlImGui -resource-dir=/usr/lib/llvm-19/lib/clang/19 -- /home/sasha2k62024/GitHub/NeovimGUIManager/IDE/Neovim/main.cpp\n"
[ERROR][2025-03-26 04:30:17] .../vim/lsp/rpc.lua:770	"rpc"	"/usr/bin/clangd-19"	"stderr"	"I[04:30:17.116] --> textDocument/publishDiagnostics\n"
[ERROR][2025-03-26 04:30:17] .../vim/lsp/rpc.lua:770	"rpc"	"/usr/bin/clangd-19"	"stderr"	"I[04:30:17.207] <-- textDocument/semanticTokens/full/delta(19)\n"
[ERROR][2025-03-26 04:30:17] .../vim/lsp/rpc.lua:770	"rpc"	"/usr/bin/clangd-19"	"stderr"	"I[04:30:17.208] --> reply:textDocument/semanticTokens/full/delta(19) 0 ms\n"
[ERROR][2025-03-26 04:30:17] .../vim/lsp/rpc.lua:770	"rpc"	"/usr/bin/clangd-19"	"stderr"	"I[04:30:17.383] <-- textDocument/completion(20)\n"
[ERROR][2025-03-26 04:30:17] .../vim/lsp/rpc.lua:770	"rpc"	"/usr/bin/clangd-19"	"stderr"	"I[04:30:17.420] Code complete: sema context Expression, query scopes [,std::] (AnyScope=true), expected type <none>\n"
[ERROR][2025-03-26 04:30:17] .../vim/lsp/rpc.lua:770	"rpc"	"/usr/bin/clangd-19"	"stderr"	"I[04:30:17.421] Code complete: 83 results from Sema, 100 from Index, 0 matched, 0 from identifiers, 100 returned (incomplete).\n"
[ERROR][2025-03-26 04:30:17] .../vim/lsp/rpc.lua:770	"rpc"	"/usr/bin/clangd-19"	"stderr"	"I[04:30:17.428] --> reply:textDocument/completion(20) 44 ms\n"
[ERROR][2025-03-26 04:30:20] .../vim/lsp/rpc.lua:770	"rpc"	"/usr/bin/clangd-19"	"stderr"	"I[04:30:20.870] <-- textDocument/didChange\n"
[ERROR][2025-03-26 04:30:20] .../vim/lsp/rpc.lua:770	"rpc"	"/usr/bin/clangd-19"	"stderr"	"I[04:30:20.874] <-- textDocument/completion(21)\nI[04:30:20.874] --> reply:textDocument/completion(21) 0 ms\n"
[ERROR][2025-03-26 04:30:20] .../vim/lsp/rpc.lua:770	"rpc"	"/usr/bin/clangd-19"	"stderr"	"I[04:30:20.923] Failed to find compilation database for /home/sasha2k62024/GitHub/NeovimGUIManager/IDE/Neovim/main.cpp\n"
[ERROR][2025-03-26 04:30:20] .../vim/lsp/rpc.lua:770	"rpc"	"/usr/bin/clangd-19"	"stderr"	"I[04:30:20.925] ASTWorker building file /home/sasha2k62024/GitHub/NeovimGUIManager/IDE/Neovim/main.cpp version 30 with command clangd fallback\n[/home/sasha2k62024/GitHub/NeovimGUIManager/IDE/Neovim]\n/usr/bin/clang -IHeaderFiles/rlImGui -resource-dir=/usr/lib/llvm-19/lib/clang/19 -- /home/sasha2k62024/GitHub/NeovimGUIManager/IDE/Neovim/main.cpp\n"
[ERROR][2025-03-26 04:30:20] .../vim/lsp/rpc.lua:770	"rpc"	"/usr/bin/clangd-19"	"stderr"	"I[04:30:20.955] --> textDocument/publishDiagnostics\n"
[ERROR][2025-03-26 04:30:21] .../vim/lsp/rpc.lua:770	"rpc"	"/usr/bin/clangd-19"	"stderr"	"I[04:30:21.072] <-- textDocument/semanticTokens/full/delta(22)\n"
[ERROR][2025-03-26 04:30:21] .../vim/lsp/rpc.lua:770	"rpc"	"/usr/bin/clangd-19"	"stderr"	"I[04:30:21.072] --> reply:textDocument/semanticTokens/full/delta(22) 0 ms\n"
[ERROR][2025-03-26 04:30:21] .../vim/lsp/rpc.lua:770	"rpc"	"/usr/bin/clangd-19"	"stderr"	"I[04:30:21.494] <-- textDocument/didChange\n"
[ERROR][2025-03-26 04:30:21] .../vim/lsp/rpc.lua:770	"rpc"	"/usr/bin/clangd-19"	"stderr"	"I[04:30:21.499] <-- textDocument/completion(23)\n"
[ERROR][2025-03-26 04:30:21] .../vim/lsp/rpc.lua:770	"rpc"	"/usr/bin/clangd-19"	"stderr"	"I[04:30:21.528] Code complete: 0 results from Sema, 0 from Index, 0 matched, 0 from identifiers, 0 returned.\n"
[ERROR][2025-03-26 04:30:21] .../vim/lsp/rpc.lua:770	"rpc"	"/usr/bin/clangd-19"	"stderr"	"I[04:30:21.529] --> reply:textDocument/completion(23) 29 ms\n"
[ERROR][2025-03-26 04:30:21] .../vim/lsp/rpc.lua:770	"rpc"	"/usr/bin/clangd-19"	"stderr"	"I[04:30:21.545] Failed to find compilation database for /home/sasha2k62024/GitHub/NeovimGUIManager/IDE/Neovim/main.cpp\n"
[ERROR][2025-03-26 04:30:21] .../vim/lsp/rpc.lua:770	"rpc"	"/usr/bin/clangd-19"	"stderr"	"I[04:30:21.547] ASTWorker building file /home/sasha2k62024/GitHub/NeovimGUIManager/IDE/Neovim/main.cpp version 31 with command clangd fallback\n[/home/sasha2k62024/GitHub/NeovimGUIManager/IDE/Neovim]\n/usr/bin/clang -IHeaderFiles/rlImGui -resource-dir=/usr/lib/llvm-19/lib/clang/19 -- /home/sasha2k62024/GitHub/NeovimGUIManager/IDE/Neovim/main.cpp\n"
[ERROR][2025-03-26 04:30:21] .../vim/lsp/rpc.lua:770	"rpc"	"/usr/bin/clangd-19"	"stderr"	"I[04:30:21.576] --> textDocument/publishDiagnostics\n"
[ERROR][2025-03-26 04:30:21] .../vim/lsp/rpc.lua:770	"rpc"	"/usr/bin/clangd-19"	"stderr"	"I[04:30:21.694] <-- textDocument/semanticTokens/full/delta(24)\n"
[ERROR][2025-03-26 04:30:21] .../vim/lsp/rpc.lua:770	"rpc"	"/usr/bin/clangd-19"	"stderr"	"I[04:30:21.694] --> reply:textDocument/semanticTokens/full/delta(24) 0 ms\n"
[ERROR][2025-03-26 04:30:21] .../vim/lsp/rpc.lua:770	"rpc"	"/usr/bin/clangd-19"	"stderr"	"I[04:30:21.721] <-- textDocument/didChange\n"
[ERROR][2025-03-26 04:30:21] .../vim/lsp/rpc.lua:770	"rpc"	"/usr/bin/clangd-19"	"stderr"	"I[04:30:21.772] Failed to find compilation database for /home/sasha2k62024/GitHub/NeovimGUIManager/IDE/Neovim/main.cpp\n"
[ERROR][2025-03-26 04:30:21] .../vim/lsp/rpc.lua:770	"rpc"	"/usr/bin/clangd-19"	"stderr"	"I[04:30:21.774] ASTWorker building file /home/sasha2k62024/GitHub/NeovimGUIManager/IDE/Neovim/main.cpp version 32 with command clangd fallback\n[/home/sasha2k62024/GitHub/NeovimGUIManager/IDE/Neovim]\n/usr/bin/clang -IHeaderFiles/rlImGui -resource-dir=/usr/lib/llvm-19/lib/clang/19 -- /home/sasha2k62024/GitHub/NeovimGUIManager/IDE/Neovim/main.cpp\n"
[ERROR][2025-03-26 04:30:21] .../vim/lsp/rpc.lua:770	"rpc"	"/usr/bin/clangd-19"	"stderr"	"I[04:30:21.802] --> textDocument/publishDiagnostics\n"
[ERROR][2025-03-26 04:30:21] .../vim/lsp/rpc.lua:770	"rpc"	"/usr/bin/clangd-19"	"stderr"	"I[04:30:21.924] <-- textDocument/semanticTokens/full/delta(25)\n"
[ERROR][2025-03-26 04:30:21] .../vim/lsp/rpc.lua:770	"rpc"	"/usr/bin/clangd-19"	"stderr"	"I[04:30:21.924] --> reply:textDocument/semanticTokens/full/delta(25) 0 ms\n"
[ERROR][2025-03-26 04:30:21] .../vim/lsp/rpc.lua:770	"rpc"	"/usr/bin/clangd-19"	"stderr"	"I[04:30:21.927] <-- textDocument/didChange\n"
[ERROR][2025-03-26 04:30:21] .../vim/lsp/rpc.lua:770	"rpc"	"/usr/bin/clangd-19"	"stderr"	"I[04:30:21.979] Failed to find compilation database for /home/sasha2k62024/GitHub/NeovimGUIManager/IDE/Neovim/main.cpp\n"
[ERROR][2025-03-26 04:30:21] .../vim/lsp/rpc.lua:770	"rpc"	"/usr/bin/clangd-19"	"stderr"	"I[04:30:21.980] ASTWorker building file /home/sasha2k62024/GitHub/NeovimGUIManager/IDE/Neovim/main.cpp version 33 with command clangd fallback\n[/home/sasha2k62024/GitHub/NeovimGUIManager/IDE/Neovim]\n/usr/bin/clang -IHeaderFiles/rlImGui -resource-dir=/usr/lib/llvm-19/lib/clang/19 -- /home/sasha2k62024/GitHub/NeovimGUIManager/IDE/Neovim/main.cpp\n"
[ERROR][2025-03-26 04:30:22] .../vim/lsp/rpc.lua:770	"rpc"	"/usr/bin/clangd-19"	"stderr"	"I[04:30:22.009] --> textDocument/publishDiagnostics\n"
[ERROR][2025-03-26 04:30:22] .../vim/lsp/rpc.lua:770	"rpc"	"/usr/bin/clangd-19"	"stderr"	"I[04:30:22.076] <-- textDocument/didChange\n"
[ERROR][2025-03-26 04:30:22] .../vim/lsp/rpc.lua:770	"rpc"	"/usr/bin/clangd-19"	"stderr"	"I[04:30:22.128] Failed to find compilation database for /home/sasha2k62024/GitHub/NeovimGUIManager/IDE/Neovim/main.cpp\n"
[ERROR][2025-03-26 04:30:22] .../vim/lsp/rpc.lua:770	"rpc"	"/usr/bin/clangd-19"	"stderr"	"I[04:30:22.129] ASTWorker building file /home/sasha2k62024/GitHub/NeovimGUIManager/IDE/Neovim/main.cpp version 34 with command clangd fallback\n[/home/sasha2k62024/GitHub/NeovimGUIManager/IDE/Neovim]\n/usr/bin/clang -IHeaderFiles/rlImGui -resource-dir=/usr/lib/llvm-19/lib/clang/19 -- /home/sasha2k62024/GitHub/NeovimGUIManager/IDE/Neovim/main.cpp\n"
[ERROR][2025-03-26 04:30:22] .../vim/lsp/rpc.lua:770	"rpc"	"/usr/bin/clangd-19"	"stderr"	"I[04:30:22.139] --> textDocument/publishDiagnostics\n"
[ERROR][2025-03-26 04:30:22] .../vim/lsp/rpc.lua:770	"rpc"	"/usr/bin/clangd-19"	"stderr"	"I[04:30:22.270] <-- textDocument/semanticTokens/full/delta(26)\n"
[ERROR][2025-03-26 04:30:22] .../vim/lsp/rpc.lua:770	"rpc"	"/usr/bin/clangd-19"	"stderr"	"I[04:30:22.271] --> reply:textDocument/semanticTokens/full/delta(26) 0 ms\n"
[ERROR][2025-03-26 04:30:22] .../vim/lsp/rpc.lua:770	"rpc"	"/usr/bin/clangd-19"	"stderr"	"I[04:30:22.322] <-- textDocument/didChange\n"
[ERROR][2025-03-26 04:30:22] .../vim/lsp/rpc.lua:770	"rpc"	"/usr/bin/clangd-19"	"stderr"	"I[04:30:22.373] Failed to find compilation database for /home/sasha2k62024/GitHub/NeovimGUIManager/IDE/Neovim/main.cpp\n"
[ERROR][2025-03-26 04:30:22] .../vim/lsp/rpc.lua:770	"rpc"	"/usr/bin/clangd-19"	"stderr"	"I[04:30:22.375] ASTWorker building file /home/sasha2k62024/GitHub/NeovimGUIManager/IDE/Neovim/main.cpp version 35 with command clangd fallback\n[/home/sasha2k62024/GitHub/NeovimGUIManager/IDE/Neovim]\n/usr/bin/clang -IHeaderFiles/rlImGui -resource-dir=/usr/lib/llvm-19/lib/clang/19 -- /home/sasha2k62024/GitHub/NeovimGUIManager/IDE/Neovim/main.cpp\n"
[ERROR][2025-03-26 04:30:22] .../vim/lsp/rpc.lua:770	"rpc"	"/usr/bin/clangd-19"	"stderr"	"I[04:30:22.404] --> textDocument/publishDiagnostics\n"
[ERROR][2025-03-26 04:30:22] .../vim/lsp/rpc.lua:770	"rpc"	"/usr/bin/clangd-19"	"stderr"	"I[04:30:22.517] <-- textDocument/didChange\n"
[ERROR][2025-03-26 04:30:22] .../vim/lsp/rpc.lua:770	"rpc"	"/usr/bin/clangd-19"	"stderr"	"I[04:30:22.568] Failed to find compilation database for /home/sasha2k62024/GitHub/NeovimGUIManager/IDE/Neovim/main.cpp\n"
[ERROR][2025-03-26 04:30:22] .../vim/lsp/rpc.lua:770	"rpc"	"/usr/bin/clangd-19"	"stderr"	"I[04:30:22.569] ASTWorker building file /home/sasha2k62024/GitHub/NeovimGUIManager/IDE/Neovim/main.cpp version 36 with command clangd fallback\n[/home/sasha2k62024/GitHub/NeovimGUIManager/IDE/Neovim]\n/usr/bin/clang -IHeaderFiles/rlImGui -resource-dir=/usr/lib/llvm-19/lib/clang/19 -- /home/sasha2k62024/GitHub/NeovimGUIManager/IDE/Neovim/main.cpp\n"
[ERROR][2025-03-26 04:30:22] .../vim/lsp/rpc.lua:770	"rpc"	"/usr/bin/clangd-19"	"stderr"	"I[04:30:22.593] --> textDocument/publishDiagnostics\n"
[ERROR][2025-03-26 04:30:22] .../vim/lsp/rpc.lua:770	"rpc"	"/usr/bin/clangd-19"	"stderr"	"I[04:30:22.708] <-- textDocument/didChange\n"
[ERROR][2025-03-26 04:30:22] .../vim/lsp/rpc.lua:770	"rpc"	"/usr/bin/clangd-19"	"stderr"	"I[04:30:22.712] <-- textDocument/completion(27)\nI[04:30:22.713] --> reply:textDocument/completion(27) 0 ms\n"
[ERROR][2025-03-26 04:30:22] .../vim/lsp/rpc.lua:770	"rpc"	"/usr/bin/clangd-19"	"stderr"	"I[04:30:22.760] Failed to find compilation database for /home/sasha2k62024/GitHub/NeovimGUIManager/IDE/Neovim/main.cpp\n"
[ERROR][2025-03-26 04:30:22] .../vim/lsp/rpc.lua:770	"rpc"	"/usr/bin/clangd-19"	"stderr"	"I[04:30:22.760] ASTWorker building file /home/sasha2k62024/GitHub/NeovimGUIManager/IDE/Neovim/main.cpp version 37 with command clangd fallback\n[/home/sasha2k62024/GitHub/NeovimGUIManager/IDE/Neovim]\n/usr/bin/clang -IHeaderFiles/rlImGui -resource-dir=/usr/lib/llvm-19/lib/clang/19 -- /home/sasha2k62024/GitHub/NeovimGUIManager/IDE/Neovim/main.cpp\n"
[ERROR][2025-03-26 04:30:22] .../vim/lsp/rpc.lua:770	"rpc"	"/usr/bin/clangd-19"	"stderr"	"I[04:30:22.779] --> textDocument/publishDiagnostics\n"
[ERROR][2025-03-26 04:30:22] .../vim/lsp/rpc.lua:770	"rpc"	"/usr/bin/clangd-19"	"stderr"	"I[04:30:22.907] <-- textDocument/semanticTokens/full/delta(28)\n"
[ERROR][2025-03-26 04:30:22] .../vim/lsp/rpc.lua:770	"rpc"	"/usr/bin/clangd-19"	"stderr"	"I[04:30:22.908] --> reply:textDocument/semanticTokens/full/delta(28) 0 ms\n"
[ERROR][2025-03-26 04:30:23] .../vim/lsp/rpc.lua:770	"rpc"	"/usr/bin/clangd-19"	"stderr"	"I[04:30:23.351] <-- textDocument/didChange\n"
[ERROR][2025-03-26 04:30:23] .../vim/lsp/rpc.lua:770	"rpc"	"/usr/bin/clangd-19"	"stderr"	"I[04:30:23.402] Failed to find compilation database for /home/sasha2k62024/GitHub/NeovimGUIManager/IDE/Neovim/main.cpp\n"
[ERROR][2025-03-26 04:30:23] .../vim/lsp/rpc.lua:770	"rpc"	"/usr/bin/clangd-19"	"stderr"	"I[04:30:23.403] ASTWorker building file /home/sasha2k62024/GitHub/NeovimGUIManager/IDE/Neovim/main.cpp version 38 with command clangd fallback\n[/home/sasha2k62024/GitHub/NeovimGUIManager/IDE/Neovim]\n/usr/bin/clang -IHeaderFiles/rlImGui -resource-dir=/usr/lib/llvm-19/lib/clang/19 -- /home/sasha2k62024/GitHub/NeovimGUIManager/IDE/Neovim/main.cpp\n"
[ERROR][2025-03-26 04:30:23] .../vim/lsp/rpc.lua:770	"rpc"	"/usr/bin/clangd-19"	"stderr"	"I[04:30:23.449] --> textDocument/publishDiagnostics\n"
[ERROR][2025-03-26 04:30:23] .../vim/lsp/rpc.lua:770	"rpc"	"/usr/bin/clangd-19"	"stderr"	"I[04:30:23.506] <-- textDocument/didChange\nI[04:30:23.506] <-- textDocument/completion(29)\nI[04:30:23.506] --> reply:textDocument/completion(29) 0 ms\n"
[ERROR][2025-03-26 04:30:23] .../vim/lsp/rpc.lua:770	"rpc"	"/usr/bin/clangd-19"	"stderr"	"I[04:30:23.557] Failed to find compilation database for /home/sasha2k62024/GitHub/NeovimGUIManager/IDE/Neovim/main.cpp\n"
[ERROR][2025-03-26 04:30:23] .../vim/lsp/rpc.lua:770	"rpc"	"/usr/bin/clangd-19"	"stderr"	"I[04:30:23.558] ASTWorker building file /home/sasha2k62024/GitHub/NeovimGUIManager/IDE/Neovim/main.cpp version 39 with command clangd fallback\n[/home/sasha2k62024/GitHub/NeovimGUIManager/IDE/Neovim]\n/usr/bin/clang -IHeaderFiles/rlImGui -resource-dir=/usr/lib/llvm-19/lib/clang/19 -- /home/sasha2k62024/GitHub/NeovimGUIManager/IDE/Neovim/main.cpp\n"
[ERROR][2025-03-26 04:30:23] .../vim/lsp/rpc.lua:770	"rpc"	"/usr/bin/clangd-19"	"stderr"	"I[04:30:23.575] --> textDocument/publishDiagnostics\n"
[ERROR][2025-03-26 04:30:23] .../vim/lsp/rpc.lua:770	"rpc"	"/usr/bin/clangd-19"	"stderr"	"I[04:30:23.613] <-- textDocument/didChange\nI[04:30:23.614] <-- textDocument/completion(30)\nI[04:30:23.614] --> reply:textDocument/completion(30) 0 ms\n"
[ERROR][2025-03-26 04:30:23] .../vim/lsp/rpc.lua:770	"rpc"	"/usr/bin/clangd-19"	"stderr"	"I[04:30:23.664] Failed to find compilation database for /home/sasha2k62024/GitHub/NeovimGUIManager/IDE/Neovim/main.cpp\n"
[ERROR][2025-03-26 04:30:23] .../vim/lsp/rpc.lua:770	"rpc"	"/usr/bin/clangd-19"	"stderr"	"I[04:30:23.666] ASTWorker building file /home/sasha2k62024/GitHub/NeovimGUIManager/IDE/Neovim/main.cpp version 40 with command clangd fallback\n[/home/sasha2k62024/GitHub/NeovimGUIManager/IDE/Neovim]\n/usr/bin/clang -IHeaderFiles/rlImGui -resource-dir=/usr/lib/llvm-19/lib/clang/19 -- /home/sasha2k62024/GitHub/NeovimGUIManager/IDE/Neovim/main.cpp\n"
[ERROR][2025-03-26 04:30:23] .../vim/lsp/rpc.lua:770	"rpc"	"/usr/bin/clangd-19"	"stderr"	"I[04:30:23.686] --> textDocument/publishDiagnostics\n"
[ERROR][2025-03-26 04:30:23] .../vim/lsp/rpc.lua:770	"rpc"	"/usr/bin/clangd-19"	"stderr"	"I[04:30:23.765] <-- textDocument/didChange\n"
[ERROR][2025-03-26 04:30:23] .../vim/lsp/rpc.lua:770	"rpc"	"/usr/bin/clangd-19"	"stderr"	"I[04:30:23.816] Failed to find compilation database for /home/sasha2k62024/GitHub/NeovimGUIManager/IDE/Neovim/main.cpp\n"
[ERROR][2025-03-26 04:30:23] .../vim/lsp/rpc.lua:770	"rpc"	"/usr/bin/clangd-19"	"stderr"	"I[04:30:23.818] ASTWorker building file /home/sasha2k62024/GitHub/NeovimGUIManager/IDE/Neovim/main.cpp version 41 with command clangd fallback\n[/home/sasha2k62024/GitHub/NeovimGUIManager/IDE/Neovim]\n/usr/bin/clang -IHeaderFiles/rlImGui -resource-dir=/usr/lib/llvm-19/lib/clang/19 -- /home/sasha2k62024/GitHub/NeovimGUIManager/IDE/Neovim/main.cpp\n"
[ERROR][2025-03-26 04:30:23] .../vim/lsp/rpc.lua:770	"rpc"	"/usr/bin/clangd-19"	"stderr"	"I[04:30:23.861] --> textDocument/publishDiagnostics\n"
[ERROR][2025-03-26 04:30:23] .../vim/lsp/rpc.lua:770	"rpc"	"/usr/bin/clangd-19"	"stderr"	"I[04:30:23.910] <-- textDocument/semanticTokens/full/delta(31)\n"
[ERROR][2025-03-26 04:30:23] .../vim/lsp/rpc.lua:770	"rpc"	"/usr/bin/clangd-19"	"stderr"	"I[04:30:23.910] --> reply:textDocument/semanticTokens/full/delta(31) 0 ms\n"
[ERROR][2025-03-26 04:30:23] .../vim/lsp/rpc.lua:770	"rpc"	"/usr/bin/clangd-19"	"stderr"	"I[04:30:23.956] <-- textDocument/didChange\n"
[ERROR][2025-03-26 04:30:23] .../vim/lsp/rpc.lua:770	"rpc"	"/usr/bin/clangd-19"	"stderr"	"I[04:30:23.960] <-- textDocument/completion(32)\n"
[ERROR][2025-03-26 04:30:23] .../vim/lsp/rpc.lua:770	"rpc"	"/usr/bin/clangd-19"	"stderr"	"I[04:30:23.988] Code complete: sema context Expression, query scopes [,std::] (AnyScope=true), expected type <none>\n"
[ERROR][2025-03-26 04:30:23] .../vim/lsp/rpc.lua:770	"rpc"	"/usr/bin/clangd-19"	"stderr"	"I[04:30:23.989] Code complete: 5 results from Sema, 83 from Index, 1 matched, 0 from identifiers, 87 returned (incomplete).\n"
[ERROR][2025-03-26 04:30:23] .../vim/lsp/rpc.lua:770	"rpc"	"/usr/bin/clangd-19"	"stderr"	"I[04:30:23.995] --> reply:textDocument/completion(32) 35 ms\n"
[ERROR][2025-03-26 04:30:24] .../vim/lsp/rpc.lua:770	"rpc"	"/usr/bin/clangd-19"	"stderr"	"I[04:30:24.007] Failed to find compilation database for /home/sasha2k62024/GitHub/NeovimGUIManager/IDE/Neovim/main.cpp\nI[04:30:24.008] ASTWorker building file /home/sasha2k62024/GitHub/NeovimGUIManager/IDE/Neovim/main.cpp version 42 with command clangd fallback\n[/home/sasha2k62024/GitHub/NeovimGUIManager/IDE/Neovim]\n/usr/bin/clang -IHeaderFiles/rlImGui -resource-dir=/usr/lib/llvm-19/lib/clang/19 -- /home/sasha2k62024/GitHub/NeovimGUIManager/IDE/Neovim/main.cpp\n"
[ERROR][2025-03-26 04:30:24] .../vim/lsp/rpc.lua:770	"rpc"	"/usr/bin/clangd-19"	"stderr"	"I[04:30:24.032] --> textDocument/publishDiagnostics\n"
[ERROR][2025-03-26 04:30:24] .../vim/lsp/rpc.lua:770	"rpc"	"/usr/bin/clangd-19"	"stderr"	"I[04:30:24.108] <-- textDocument/didChange\nI[04:30:24.108] <-- textDocument/completion(33)\n"
[ERROR][2025-03-26 04:30:24] .../vim/lsp/rpc.lua:770	"rpc"	"/usr/bin/clangd-19"	"stderr"	"I[04:30:24.131] Code complete: sema context Expression, query scopes [,std::] (AnyScope=true), expected type <none>\n"
[ERROR][2025-03-26 04:30:24] .../vim/lsp/rpc.lua:770	"rpc"	"/usr/bin/clangd-19"	"stderr"	"I[04:30:24.132] Code complete: 3 results from Sema, 53 from Index, 1 matched, 0 from identifiers, 55 returned (incomplete).\n"
[ERROR][2025-03-26 04:30:24] .../vim/lsp/rpc.lua:770	"rpc"	"/usr/bin/clangd-19"	"stderr"	"I[04:30:24.136] --> reply:textDocument/completion(33) 27 ms\n"
[ERROR][2025-03-26 04:30:24] .../vim/lsp/rpc.lua:770	"rpc"	"/usr/bin/clangd-19"	"stderr"	"I[04:30:24.158] Failed to find compilation database for /home/sasha2k62024/GitHub/NeovimGUIManager/IDE/Neovim/main.cpp\nI[04:30:24.159] ASTWorker building file /home/sasha2k62024/GitHub/NeovimGUIManager/IDE/Neovim/main.cpp version 43 with command clangd fallback\n[/home/sasha2k62024/GitHub/NeovimGUIManager/IDE/Neovim]\n/usr/bin/clang -IHeaderFiles/rlImGui -resource-dir=/usr/lib/llvm-19/lib/clang/19 -- /home/sasha2k62024/GitHub/NeovimGUIManager/IDE/Neovim/main.cpp\n"
[ERROR][2025-03-26 04:30:24] .../vim/lsp/rpc.lua:770	"rpc"	"/usr/bin/clangd-19"	"stderr"	"I[04:30:24.178] --> textDocument/publishDiagnostics\n"
[ERROR][2025-03-26 04:30:24] .../vim/lsp/rpc.lua:770	"rpc"	"/usr/bin/clangd-19"	"stderr"	"I[04:30:24.194] <-- textDocument/didChange\nI[04:30:24.194] <-- textDocument/completion(34)\n"
[ERROR][2025-03-26 04:30:24] .../vim/lsp/rpc.lua:770	"rpc"	"/usr/bin/clangd-19"	"stderr"	"I[04:30:24.216] Code complete: sema context Expression, query scopes [,std::] (AnyScope=true), expected type <none>\n"
[ERROR][2025-03-26 04:30:24] .../vim/lsp/rpc.lua:770	"rpc"	"/usr/bin/clangd-19"	"stderr"	"I[04:30:24.216] Code complete: 0 results from Sema, 7 from Index, 0 matched, 0 from identifiers, 7 returned.\n"
[ERROR][2025-03-26 04:30:24] .../vim/lsp/rpc.lua:770	"rpc"	"/usr/bin/clangd-19"	"stderr"	"I[04:30:24.217] --> reply:textDocument/completion(34) 22 ms\n"
[ERROR][2025-03-26 04:30:24] .../vim/lsp/rpc.lua:770	"rpc"	"/usr/bin/clangd-19"	"stderr"	"I[04:30:24.245] Failed to find compilation database for /home/sasha2k62024/GitHub/NeovimGUIManager/IDE/Neovim/main.cpp\n"
[ERROR][2025-03-26 04:30:24] .../vim/lsp/rpc.lua:770	"rpc"	"/usr/bin/clangd-19"	"stderr"	"I[04:30:24.245] ASTWorker building file /home/sasha2k62024/GitHub/NeovimGUIManager/IDE/Neovim/main.cpp version 44 with command clangd fallback\n[/home/sasha2k62024/GitHub/NeovimGUIManager/IDE/Neovim]\n/usr/bin/clang -IHeaderFiles/rlImGui -resource-dir=/usr/lib/llvm-19/lib/clang/19 -- /home/sasha2k62024/GitHub/NeovimGUIManager/IDE/Neovim/main.cpp\n"
[ERROR][2025-03-26 04:30:24] .../vim/lsp/rpc.lua:770	"rpc"	"/usr/bin/clangd-19"	"stderr"	"I[04:30:24.274] --> textDocument/publishDiagnostics\n"
[ERROR][2025-03-26 04:30:24] .../vim/lsp/rpc.lua:770	"rpc"	"/usr/bin/clangd-19"	"stderr"	"I[04:30:24.345] <-- textDocument/didChange\n"
[ERROR][2025-03-26 04:30:24] .../vim/lsp/rpc.lua:770	"rpc"	"/usr/bin/clangd-19"	"stderr"	"I[04:30:24.396] Failed to find compilation database for /home/sasha2k62024/GitHub/NeovimGUIManager/IDE/Neovim/main.cpp\n"
[ERROR][2025-03-26 04:30:24] .../vim/lsp/rpc.lua:770	"rpc"	"/usr/bin/clangd-19"	"stderr"	"I[04:30:24.397] ASTWorker building file /home/sasha2k62024/GitHub/NeovimGUIManager/IDE/Neovim/main.cpp version 45 with command clangd fallback\n[/home/sasha2k62024/GitHub/NeovimGUIManager/IDE/Neovim]\n/usr/bin/clang -IHeaderFiles/rlImGui -resource-dir=/usr/lib/llvm-19/lib/clang/19 -- /home/sasha2k62024/GitHub/NeovimGUIManager/IDE/Neovim/main.cpp\n"
[ERROR][2025-03-26 04:30:24] .../vim/lsp/rpc.lua:770	"rpc"	"/usr/bin/clangd-19"	"stderr"	"I[04:30:24.416] --> textDocument/publishDiagnostics\n"
[ERROR][2025-03-26 04:30:24] .../vim/lsp/rpc.lua:770	"rpc"	"/usr/bin/clangd-19"	"stderr"	"I[04:30:24.497] <-- textDocument/didChange\n"
[ERROR][2025-03-26 04:30:24] .../vim/lsp/rpc.lua:770	"rpc"	"/usr/bin/clangd-19"	"stderr"	"I[04:30:24.547] Failed to find compilation database for /home/sasha2k62024/GitHub/NeovimGUIManager/IDE/Neovim/main.cpp\n"
[ERROR][2025-03-26 04:30:24] .../vim/lsp/rpc.lua:770	"rpc"	"/usr/bin/clangd-19"	"stderr"	"I[04:30:24.549] ASTWorker building file /home/sasha2k62024/GitHub/NeovimGUIManager/IDE/Neovim/main.cpp version 46 with command clangd fallback\n[/home/sasha2k62024/GitHub/NeovimGUIManager/IDE/Neovim]\n/usr/bin/clang -IHeaderFiles/rlImGui -resource-dir=/usr/lib/llvm-19/lib/clang/19 -- /home/sasha2k62024/GitHub/NeovimGUIManager/IDE/Neovim/main.cpp\n"
[ERROR][2025-03-26 04:30:24] .../vim/lsp/rpc.lua:770	"rpc"	"/usr/bin/clangd-19"	"stderr"	"I[04:30:24.594] --> textDocument/publishDiagnostics\n"
[ERROR][2025-03-26 04:30:24] .../vim/lsp/rpc.lua:770	"rpc"	"/usr/bin/clangd-19"	"stderr"	"I[04:30:24.698] <-- textDocument/semanticTokens/full/delta(35)\n"
[ERROR][2025-03-26 04:30:24] .../vim/lsp/rpc.lua:770	"rpc"	"/usr/bin/clangd-19"	"stderr"	"I[04:30:24.699] --> reply:textDocument/semanticTokens/full/delta(35) 0 ms\n"
[ERROR][2025-03-26 04:30:25] .../vim/lsp/rpc.lua:770	"rpc"	"/usr/bin/clangd-19"	"stderr"	"I[04:30:25.594] <-- textDocument/didChange\nI[04:30:25.610] <-- textDocument/didChange\nI[04:30:25.610] <-- textDocument/didSave\nI[04:30:25.610] File version went from 48 to 48\n"
[ERROR][2025-03-26 04:30:25] .../vim/lsp/rpc.lua:770	"rpc"	"/usr/bin/clangd-19"	"stderr"	"I[04:30:25.662] Failed to find compilation database for /home/sasha2k62024/GitHub/NeovimGUIManager/IDE/Neovim/main.cpp\n"
[ERROR][2025-03-26 04:30:25] .../vim/lsp/rpc.lua:770	"rpc"	"/usr/bin/clangd-19"	"stderr"	"I[04:30:25.663] ASTWorker building file /home/sasha2k62024/GitHub/NeovimGUIManager/IDE/Neovim/main.cpp version 48 with command clangd fallback\n[/home/sasha2k62024/GitHub/NeovimGUIManager/IDE/Neovim]\n/usr/bin/clang -IHeaderFiles/rlImGui -resource-dir=/usr/lib/llvm-19/lib/clang/19 -- /home/sasha2k62024/GitHub/NeovimGUIManager/IDE/Neovim/main.cpp\n"
[ERROR][2025-03-26 04:30:25] .../vim/lsp/rpc.lua:770	"rpc"	"/usr/bin/clangd-19"	"stderr"	"I[04:30:25.696] --> textDocument/publishDiagnostics\n"
[ERROR][2025-03-26 04:30:25] .../vim/lsp/rpc.lua:770	"rpc"	"/usr/bin/clangd-19"	"stderr"	"I[04:30:25.795] <-- textDocument/semanticTokens/full/delta(36)\n"
[ERROR][2025-03-26 04:30:25] .../vim/lsp/rpc.lua:770	"rpc"	"/usr/bin/clangd-19"	"stderr"	"I[04:30:25.795] --> reply:textDocument/semanticTokens/full/delta(36) 0 ms\n"
[ERROR][2025-03-26 04:30:26] .../vim/lsp/rpc.lua:770	"rpc"	"/usr/bin/clangd-19"	"stderr"	"I[04:30:26.626] <-- shutdown(37)\nI[04:30:26.627] --> reply:shutdown(37) 1 ms\n"
[START][2025-03-26 04:31:40] LSP logging initiated
[ERROR][2025-03-26 04:31:40] .../vim/lsp/rpc.lua:770	"rpc"	"/usr/bin/clangd-19"	"stderr"	"I[04:31:40.660] Debian clangd version 19.1.4 (1~deb12u1)\nI[04:31:40.660] Features: linux+grpc\nI[04:31:40.660] PID: 2812\n"
[ERROR][2025-03-26 04:31:40] .../vim/lsp/rpc.lua:770	"rpc"	"/usr/bin/clangd-19"	"stderr"	"I[04:31:40.660] Working directory: /home/sasha2k62024/GitHub/NeovimGUIManager\nI[04:31:40.660] argv[0]: /usr/bin/clangd-19\nI[04:31:40.660] Starting LSP over stdin/stdout\n"
[ERROR][2025-03-26 04:31:40] .../vim/lsp/rpc.lua:770	"rpc"	"/usr/bin/clangd-19"	"stderr"	"I[04:31:40.662] <-- initialize(1)\n"
[ERROR][2025-03-26 04:31:40] .../vim/lsp/rpc.lua:770	"rpc"	"/usr/bin/clangd-19"	"stderr"	"I[04:31:40.664] --> reply:initialize(1) 2 ms\n"
[ERROR][2025-03-26 04:31:40] .../vim/lsp/rpc.lua:770	"rpc"	"/usr/bin/clangd-19"	"stderr"	"I[04:31:40.664] <-- initialized\nI[04:31:40.665] <-- textDocument/didOpen\nI[04:31:40.667] --> textDocument/publishDiagnostics\nI[04:31:40.667] Failed to find compilation database for /home/sasha2k62024/GitHub/NeovimGUIManager/SourceFiles/NeovimGUIManager/GUI.cpp\nI[04:31:40.667] ASTWorker building file /home/sasha2k62024/GitHub/NeovimGUIManager/SourceFiles/NeovimGUIManager/GUI.cpp version 0 with command clangd fallback\n[/home/sasha2k62024/GitHub/NeovimGUIManager/SourceFiles/NeovimGUIManager]\n/usr/bin/clang -IHeaderFiles/rlImGui -resource-dir=/usr/lib/llvm-19/lib/clang/19 -- /home/sasha2k62024/GitHub/NeovimGUIManager/SourceFiles/NeovimGUIManager/GUI.cpp\n"
[ERROR][2025-03-26 04:31:40] .../vim/lsp/rpc.lua:770	"rpc"	"/usr/bin/clangd-19"	"stderr"	"I[04:31:40.680] <-- textDocument/semanticTokens/full(2)\n"
[ERROR][2025-03-26 04:31:40] .../vim/lsp/rpc.lua:770	"rpc"	"/usr/bin/clangd-19"	"stderr"	"I[04:31:40.925] Built preamble of size 1385104 for file /home/sasha2k62024/GitHub/NeovimGUIManager/SourceFiles/NeovimGUIManager/GUI.cpp version 0 in 0.25 seconds\n"
[ERROR][2025-03-26 04:31:40] .../vim/lsp/rpc.lua:770	"rpc"	"/usr/bin/clangd-19"	"stderr"	"I[04:31:40.925] --> workspace/semanticTokens/refresh(0)\nI[04:31:40.925] Indexing c++17 standard library in the context of /home/sasha2k62024/GitHub/NeovimGUIManager/SourceFiles/NeovimGUIManager/GUI.cpp\n"
[ERROR][2025-03-26 04:31:40] .../vim/lsp/rpc.lua:770	"rpc"	"/usr/bin/clangd-19"	"stderr"	"I[04:31:40.930] <-- $/cancelRequest\n"
[ERROR][2025-03-26 04:31:40] .../vim/lsp/rpc.lua:770	"rpc"	"/usr/bin/clangd-19"	"stderr"	"I[04:31:40.930] <-- textDocument/semanticTokens/full(3)\nI[04:31:40.930] <-- reply(0)\n"
[ERROR][2025-03-26 04:31:40] .../vim/lsp/rpc.lua:770	"rpc"	"/usr/bin/clangd-19"	"stderr"	"I[04:31:40.944] --> textDocument/publishDiagnostics\n"
[ERROR][2025-03-26 04:31:40] .../vim/lsp/rpc.lua:770	"rpc"	"/usr/bin/clangd-19"	"stderr"	"I[04:31:40.944] --> reply:textDocument/semanticTokens/full(2) 264 ms, error: Task was cancelled.\nI[04:31:40.945] --> reply:textDocument/semanticTokens/full(3) 14 ms\n"
[ERROR][2025-03-26 04:31:45] .../vim/lsp/rpc.lua:770	"rpc"	"/usr/bin/clangd-19"	"stderr"	"I[04:31:45.563] Indexed c++17 standard library (incomplete due to errors): 13658 symbols, 1808 filtered\n"
[ERROR][2025-03-26 04:32:16] .../vim/lsp/rpc.lua:770	"rpc"	"/usr/bin/clangd-19"	"stderr"	"I[04:32:16.735] <-- textDocument/didChange\n"
[ERROR][2025-03-26 04:32:16] .../vim/lsp/rpc.lua:770	"rpc"	"/usr/bin/clangd-19"	"stderr"	"I[04:32:16.785] <-- textDocument/semanticTokens/full/delta(4)\n"
[ERROR][2025-03-26 04:32:16] .../vim/lsp/rpc.lua:770	"rpc"	"/usr/bin/clangd-19"	"stderr"	"I[04:32:16.788] Failed to find compilation database for /home/sasha2k62024/GitHub/NeovimGUIManager/SourceFiles/NeovimGUIManager/GUI.cpp\n"
[ERROR][2025-03-26 04:32:16] .../vim/lsp/rpc.lua:770	"rpc"	"/usr/bin/clangd-19"	"stderr"	"I[04:32:16.789] ASTWorker building file /home/sasha2k62024/GitHub/NeovimGUIManager/SourceFiles/NeovimGUIManager/GUI.cpp version 3 with command clangd fallback\n[/home/sasha2k62024/GitHub/NeovimGUIManager/SourceFiles/NeovimGUIManager]\n/usr/bin/clang -IHeaderFiles/rlImGui -resource-dir=/usr/lib/llvm-19/lib/clang/19 -- /home/sasha2k62024/GitHub/NeovimGUIManager/SourceFiles/NeovimGUIManager/GUI.cpp\n"
[ERROR][2025-03-26 04:32:16] .../vim/lsp/rpc.lua:770	"rpc"	"/usr/bin/clangd-19"	"stderr"	"I[04:32:16.829] --> textDocument/publishDiagnostics\n"
[ERROR][2025-03-26 04:32:16] .../vim/lsp/rpc.lua:770	"rpc"	"/usr/bin/clangd-19"	"stderr"	"I[04:32:16.830] --> reply:textDocument/semanticTokens/full/delta(4) 45 ms\n"
[ERROR][2025-03-26 04:32:16] .../vim/lsp/rpc.lua:770	"rpc"	"/usr/bin/clangd-19"	"stderr"	"I[04:32:16.887] <-- textDocument/didChange\n"
[ERROR][2025-03-26 04:32:16] .../vim/lsp/rpc.lua:770	"rpc"	"/usr/bin/clangd-19"	"stderr"	"I[04:32:16.938] Failed to find compilation database for /home/sasha2k62024/GitHub/NeovimGUIManager/SourceFiles/NeovimGUIManager/GUI.cpp\n"
[ERROR][2025-03-26 04:32:16] .../vim/lsp/rpc.lua:770	"rpc"	"/usr/bin/clangd-19"	"stderr"	"I[04:32:16.939] ASTWorker building file /home/sasha2k62024/GitHub/NeovimGUIManager/SourceFiles/NeovimGUIManager/GUI.cpp version 4 with command clangd fallback\n[/home/sasha2k62024/GitHub/NeovimGUIManager/SourceFiles/NeovimGUIManager]\n/usr/bin/clang -IHeaderFiles/rlImGui -resource-dir=/usr/lib/llvm-19/lib/clang/19 -- /home/sasha2k62024/GitHub/NeovimGUIManager/SourceFiles/NeovimGUIManager/GUI.cpp\n"
[ERROR][2025-03-26 04:32:16] .../vim/lsp/rpc.lua:770	"rpc"	"/usr/bin/clangd-19"	"stderr"	"I[04:32:16.977] --> textDocument/publishDiagnostics\n"
[ERROR][2025-03-26 04:32:17] .../vim/lsp/rpc.lua:770	"rpc"	"/usr/bin/clangd-19"	"stderr"	"I[04:32:17.083] <-- textDocument/semanticTokens/full/delta(5)\n"
[ERROR][2025-03-26 04:32:17] .../vim/lsp/rpc.lua:770	"rpc"	"/usr/bin/clangd-19"	"stderr"	"I[04:32:17.084] --> reply:textDocument/semanticTokens/full/delta(5) 0 ms\n"
[ERROR][2025-03-26 04:32:17] .../vim/lsp/rpc.lua:770	"rpc"	"/usr/bin/clangd-19"	"stderr"	"I[04:32:17.363] <-- textDocument/didChange\n"
[ERROR][2025-03-26 04:32:17] .../vim/lsp/rpc.lua:770	"rpc"	"/usr/bin/clangd-19"	"stderr"	"I[04:32:17.414] Failed to find compilation database for /home/sasha2k62024/GitHub/NeovimGUIManager/SourceFiles/NeovimGUIManager/GUI.cpp\n"
[ERROR][2025-03-26 04:32:17] .../vim/lsp/rpc.lua:770	"rpc"	"/usr/bin/clangd-19"	"stderr"	"I[04:32:17.415] ASTWorker building file /home/sasha2k62024/GitHub/NeovimGUIManager/SourceFiles/NeovimGUIManager/GUI.cpp version 5 with command clangd fallback\n[/home/sasha2k62024/GitHub/NeovimGUIManager/SourceFiles/NeovimGUIManager]\n/usr/bin/clang -IHeaderFiles/rlImGui -resource-dir=/usr/lib/llvm-19/lib/clang/19 -- /home/sasha2k62024/GitHub/NeovimGUIManager/SourceFiles/NeovimGUIManager/GUI.cpp\n"
[ERROR][2025-03-26 04:32:17] .../vim/lsp/rpc.lua:770	"rpc"	"/usr/bin/clangd-19"	"stderr"	"I[04:32:17.428] --> textDocument/publishDiagnostics\n"
[ERROR][2025-03-26 04:32:17] .../vim/lsp/rpc.lua:770	"rpc"	"/usr/bin/clangd-19"	"stderr"	"I[04:32:17.562] <-- textDocument/semanticTokens/full/delta(6)\n"
[ERROR][2025-03-26 04:32:17] .../vim/lsp/rpc.lua:770	"rpc"	"/usr/bin/clangd-19"	"stderr"	"I[04:32:17.564] --> reply:textDocument/semanticTokens/full/delta(6) 1 ms\n"
[ERROR][2025-03-26 04:32:17] .../vim/lsp/rpc.lua:770	"rpc"	"/usr/bin/clangd-19"	"stderr"	"I[04:32:17.662] <-- textDocument/didChange\n"
[ERROR][2025-03-26 04:32:17] .../vim/lsp/rpc.lua:770	"rpc"	"/usr/bin/clangd-19"	"stderr"	"I[04:32:17.713] Failed to find compilation database for /home/sasha2k62024/GitHub/NeovimGUIManager/SourceFiles/NeovimGUIManager/GUI.cpp\n"
[ERROR][2025-03-26 04:32:17] .../vim/lsp/rpc.lua:770	"rpc"	"/usr/bin/clangd-19"	"stderr"	"I[04:32:17.714] ASTWorker building file /home/sasha2k62024/GitHub/NeovimGUIManager/SourceFiles/NeovimGUIManager/GUI.cpp version 6 with command clangd fallback\n[/home/sasha2k62024/GitHub/NeovimGUIManager/SourceFiles/NeovimGUIManager]\n/usr/bin/clang -IHeaderFiles/rlImGui -resource-dir=/usr/lib/llvm-19/lib/clang/19 -- /home/sasha2k62024/GitHub/NeovimGUIManager/SourceFiles/NeovimGUIManager/GUI.cpp\n"
[ERROR][2025-03-26 04:32:17] .../vim/lsp/rpc.lua:770	"rpc"	"/usr/bin/clangd-19"	"stderr"	"I[04:32:17.747] --> textDocument/publishDiagnostics\n"
[ERROR][2025-03-26 04:32:17] .../vim/lsp/rpc.lua:770	"rpc"	"/usr/bin/clangd-19"	"stderr"	"I[04:32:17.862] <-- textDocument/semanticTokens/full/delta(7)\n"
[ERROR][2025-03-26 04:32:17] .../vim/lsp/rpc.lua:770	"rpc"	"/usr/bin/clangd-19"	"stderr"	"I[04:32:17.863] --> reply:textDocument/semanticTokens/full/delta(7) 0 ms\n"
[ERROR][2025-03-26 04:32:18] .../vim/lsp/rpc.lua:770	"rpc"	"/usr/bin/clangd-19"	"stderr"	"I[04:32:18.004] <-- textDocument/didChange\n"
[ERROR][2025-03-26 04:32:18] .../vim/lsp/rpc.lua:770	"rpc"	"/usr/bin/clangd-19"	"stderr"	"I[04:32:18.054] Failed to find compilation database for /home/sasha2k62024/GitHub/NeovimGUIManager/SourceFiles/NeovimGUIManager/GUI.cpp\n"
[ERROR][2025-03-26 04:32:18] .../vim/lsp/rpc.lua:770	"rpc"	"/usr/bin/clangd-19"	"stderr"	"I[04:32:18.056] ASTWorker building file /home/sasha2k62024/GitHub/NeovimGUIManager/SourceFiles/NeovimGUIManager/GUI.cpp version 7 with command clangd fallback\n[/home/sasha2k62024/GitHub/NeovimGUIManager/SourceFiles/NeovimGUIManager]\n/usr/bin/clang -IHeaderFiles/rlImGui -resource-dir=/usr/lib/llvm-19/lib/clang/19 -- /home/sasha2k62024/GitHub/NeovimGUIManager/SourceFiles/NeovimGUIManager/GUI.cpp\n"
[ERROR][2025-03-26 04:32:18] .../vim/lsp/rpc.lua:770	"rpc"	"/usr/bin/clangd-19"	"stderr"	"I[04:32:18.071] --> textDocument/publishDiagnostics\n"
[ERROR][2025-03-26 04:32:18] .../vim/lsp/rpc.lua:770	"rpc"	"/usr/bin/clangd-19"	"stderr"	"I[04:32:18.185] <-- textDocument/didChange\n"
[ERROR][2025-03-26 04:32:18] .../vim/lsp/rpc.lua:770	"rpc"	"/usr/bin/clangd-19"	"stderr"	"I[04:32:18.236] Failed to find compilation database for /home/sasha2k62024/GitHub/NeovimGUIManager/SourceFiles/NeovimGUIManager/GUI.cpp\n"
[ERROR][2025-03-26 04:32:18] .../vim/lsp/rpc.lua:770	"rpc"	"/usr/bin/clangd-19"	"stderr"	"I[04:32:18.237] ASTWorker building file /home/sasha2k62024/GitHub/NeovimGUIManager/SourceFiles/NeovimGUIManager/GUI.cpp version 8 with command clangd fallback\n[/home/sasha2k62024/GitHub/NeovimGUIManager/SourceFiles/NeovimGUIManager]\n/usr/bin/clang -IHeaderFiles/rlImGui -resource-dir=/usr/lib/llvm-19/lib/clang/19 -- /home/sasha2k62024/GitHub/NeovimGUIManager/SourceFiles/NeovimGUIManager/GUI.cpp\n"
[ERROR][2025-03-26 04:32:18] .../vim/lsp/rpc.lua:770	"rpc"	"/usr/bin/clangd-19"	"stderr"	"I[04:32:18.253] --> textDocument/publishDiagnostics\n"
[ERROR][2025-03-26 04:32:18] .../vim/lsp/rpc.lua:770	"rpc"	"/usr/bin/clangd-19"	"stderr"	"I[04:32:18.385] <-- textDocument/semanticTokens/full/delta(8)\n"
[ERROR][2025-03-26 04:32:18] .../vim/lsp/rpc.lua:770	"rpc"	"/usr/bin/clangd-19"	"stderr"	"I[04:32:18.386] --> reply:textDocument/semanticTokens/full/delta(8) 0 ms\n"
[ERROR][2025-03-26 04:32:21] .../vim/lsp/rpc.lua:770	"rpc"	"/usr/bin/clangd-19"	"stderr"	"I[04:32:21.047] <-- shutdown(9)\nI[04:32:21.047] --> reply:shutdown(9) 0 ms\n"
[ERROR][2025-03-26 04:32:21] .../vim/lsp/rpc.lua:770	"rpc"	"/usr/bin/clangd-19"	"stderr"	"I[04:32:21.102] <-- exit\nI[04:32:21.102] LSP finished, exiting with status 0\n"
[START][2025-03-26 04:32:50] LSP logging initiated
[ERROR][2025-03-26 04:32:50] .../vim/lsp/rpc.lua:770	"rpc"	"/usr/bin/clangd-19"	"stderr"	"I[04:32:50.454] Debian clangd version 19.1.4 (1~deb12u1)\nI[04:32:50.454] Features: linux+grpc\nI[04:32:50.454] PID: 2894\n"
[ERROR][2025-03-26 04:32:50] .../vim/lsp/rpc.lua:770	"rpc"	"/usr/bin/clangd-19"	"stderr"	"I[04:32:50.454] Working directory: /home/sasha2k62024/GitHub/NeovimGUIManager\nI[04:32:50.454] argv[0]: /usr/bin/clangd-19\nI[04:32:50.454] Starting LSP over stdin/stdout\n"
[ERROR][2025-03-26 04:32:50] .../vim/lsp/rpc.lua:770	"rpc"	"/usr/bin/clangd-19"	"stderr"	"I[04:32:50.455] <-- initialize(1)\n"
[ERROR][2025-03-26 04:32:50] .../vim/lsp/rpc.lua:770	"rpc"	"/usr/bin/clangd-19"	"stderr"	"I[04:32:50.457] --> reply:initialize(1) 1 ms\n"
[ERROR][2025-03-26 04:32:50] .../vim/lsp/rpc.lua:770	"rpc"	"/usr/bin/clangd-19"	"stderr"	"I[04:32:50.458] <-- initialized\nI[04:32:50.458] <-- textDocument/didOpen\nI[04:32:50.460] --> textDocument/publishDiagnostics\nI[04:32:50.460] Failed to find compilation database for /home/sasha2k62024/GitHub/NeovimGUIManager/SourceFiles/NeovimGUIManager/main.cpp\nI[04:32:50.460] ASTWorker building file /home/sasha2k62024/GitHub/NeovimGUIManager/SourceFiles/NeovimGUIManager/main.cpp version 0 with command clangd fallback\n[/home/sasha2k62024/GitHub/NeovimGUIManager/SourceFiles/NeovimGUIManager]\n/usr/bin/clang -IHeaderFiles/rlImGui -resource-dir=/usr/lib/llvm-19/lib/clang/19 -- /home/sasha2k62024/GitHub/NeovimGUIManager/SourceFiles/NeovimGUIManager/main.cpp\n"
[ERROR][2025-03-26 04:32:50] .../vim/lsp/rpc.lua:770	"rpc"	"/usr/bin/clangd-19"	"stderr"	"I[04:32:50.471] <-- textDocument/semanticTokens/full(2)\n"
[ERROR][2025-03-26 04:32:51] .../vim/lsp/rpc.lua:770	"rpc"	"/usr/bin/clangd-19"	"stderr"	"I[04:32:51.102] Built preamble of size 3266204 for file /home/sasha2k62024/GitHub/NeovimGUIManager/SourceFiles/NeovimGUIManager/main.cpp version 0 in 0.64 seconds\n"
[ERROR][2025-03-26 04:32:51] .../vim/lsp/rpc.lua:770	"rpc"	"/usr/bin/clangd-19"	"stderr"	"I[04:32:51.102] --> workspace/semanticTokens/refresh(0)\nI[04:32:51.102] Indexing c++17 standard library in the context of /home/sasha2k62024/GitHub/NeovimGUIManager/SourceFiles/NeovimGUIManager/main.cpp\n"
[ERROR][2025-03-26 04:32:51] .../vim/lsp/rpc.lua:770	"rpc"	"/usr/bin/clangd-19"	"stderr"	"I[04:32:51.106] <-- $/cancelRequest\n"
[ERROR][2025-03-26 04:32:51] .../vim/lsp/rpc.lua:770	"rpc"	"/usr/bin/clangd-19"	"stderr"	"I[04:32:51.109] <-- textDocument/semanticTokens/full(3)\nI[04:32:51.109] <-- reply(0)\n"
[ERROR][2025-03-26 04:32:51] .../vim/lsp/rpc.lua:770	"rpc"	"/usr/bin/clangd-19"	"stderr"	"I[04:32:51.117] --> textDocument/publishDiagnostics\n"
[ERROR][2025-03-26 04:32:51] .../vim/lsp/rpc.lua:770	"rpc"	"/usr/bin/clangd-19"	"stderr"	"I[04:32:51.117] --> reply:textDocument/semanticTokens/full(2) 646 ms, error: Task was cancelled.\nI[04:32:51.118] --> reply:textDocument/semanticTokens/full(3) 8 ms\n"
[ERROR][2025-03-26 04:32:54] .../vim/lsp/rpc.lua:770	"rpc"	"/usr/bin/clangd-19"	"stderr"	"I[04:32:54.193] <-- textDocument/didChange\n"
[ERROR][2025-03-26 04:32:54] .../vim/lsp/rpc.lua:770	"rpc"	"/usr/bin/clangd-19"	"stderr"	"I[04:32:54.243] <-- textDocument/semanticTokens/full/delta(4)\n"
[ERROR][2025-03-26 04:32:54] .../vim/lsp/rpc.lua:770	"rpc"	"/usr/bin/clangd-19"	"stderr"	"I[04:32:54.243] Failed to find compilation database for /home/sasha2k62024/GitHub/NeovimGUIManager/SourceFiles/NeovimGUIManager/main.cpp\n"
[ERROR][2025-03-26 04:32:54] .../vim/lsp/rpc.lua:770	"rpc"	"/usr/bin/clangd-19"	"stderr"	"I[04:32:54.244] ASTWorker building file /home/sasha2k62024/GitHub/NeovimGUIManager/SourceFiles/NeovimGUIManager/main.cpp version 3 with command clangd fallback\n[/home/sasha2k62024/GitHub/NeovimGUIManager/SourceFiles/NeovimGUIManager]\n/usr/bin/clang -IHeaderFiles/rlImGui -resource-dir=/usr/lib/llvm-19/lib/clang/19 -- /home/sasha2k62024/GitHub/NeovimGUIManager/SourceFiles/NeovimGUIManager/main.cpp\n"
[ERROR][2025-03-26 04:32:54] .../vim/lsp/rpc.lua:770	"rpc"	"/usr/bin/clangd-19"	"stderr"	"I[04:32:54.271] --> textDocument/publishDiagnostics\nI[04:32:54.271] --> reply:textDocument/semanticTokens/full/delta(4) 28 ms\n"
[ERROR][2025-03-26 04:32:54] .../vim/lsp/rpc.lua:770	"rpc"	"/usr/bin/clangd-19"	"stderr"	"I[04:32:54.343] <-- textDocument/didChange\n"
[ERROR][2025-03-26 04:32:54] .../vim/lsp/rpc.lua:770	"rpc"	"/usr/bin/clangd-19"	"stderr"	"I[04:32:54.393] Failed to find compilation database for /home/sasha2k62024/GitHub/NeovimGUIManager/SourceFiles/NeovimGUIManager/main.cpp\n"
[ERROR][2025-03-26 04:32:54] .../vim/lsp/rpc.lua:770	"rpc"	"/usr/bin/clangd-19"	"stderr"	"I[04:32:54.394] ASTWorker building file /home/sasha2k62024/GitHub/NeovimGUIManager/SourceFiles/NeovimGUIManager/main.cpp version 4 with command clangd fallback\n[/home/sasha2k62024/GitHub/NeovimGUIManager/SourceFiles/NeovimGUIManager]\n/usr/bin/clang -IHeaderFiles/rlImGui -resource-dir=/usr/lib/llvm-19/lib/clang/19 -- /home/sasha2k62024/GitHub/NeovimGUIManager/SourceFiles/NeovimGUIManager/main.cpp\n"
[ERROR][2025-03-26 04:32:54] .../vim/lsp/rpc.lua:770	"rpc"	"/usr/bin/clangd-19"	"stderr"	"I[04:32:54.406] --> textDocument/publishDiagnostics\n"
[ERROR][2025-03-26 04:32:54] .../vim/lsp/rpc.lua:770	"rpc"	"/usr/bin/clangd-19"	"stderr"	"I[04:32:54.492] <-- textDocument/didChange\n"
[ERROR][2025-03-26 04:32:54] .../vim/lsp/rpc.lua:770	"rpc"	"/usr/bin/clangd-19"	"stderr"	"I[04:32:54.543] Failed to find compilation database for /home/sasha2k62024/GitHub/NeovimGUIManager/SourceFiles/NeovimGUIManager/main.cpp\nI[04:32:54.543] ASTWorker building file /home/sasha2k62024/GitHub/NeovimGUIManager/SourceFiles/NeovimGUIManager/main.cpp version 5 with command clangd fallback\n[/home/sasha2k62024/GitHub/NeovimGUIManager/SourceFiles/NeovimGUIManager]\n/usr/bin/clang -IHeaderFiles/rlImGui -resource-dir=/usr/lib/llvm-19/lib/clang/19 -- /home/sasha2k62024/GitHub/NeovimGUIManager/SourceFiles/NeovimGUIManager/main.cpp\n"
[ERROR][2025-03-26 04:32:54] .../vim/lsp/rpc.lua:770	"rpc"	"/usr/bin/clangd-19"	"stderr"	"I[04:32:54.559] --> textDocument/publishDiagnostics\n"
[ERROR][2025-03-26 04:32:54] .../vim/lsp/rpc.lua:770	"rpc"	"/usr/bin/clangd-19"	"stderr"	"I[04:32:54.642] <-- textDocument/didChange\n"
[ERROR][2025-03-26 04:32:54] .../vim/lsp/rpc.lua:770	"rpc"	"/usr/bin/clangd-19"	"stderr"	"I[04:32:54.693] Failed to find compilation database for /home/sasha2k62024/GitHub/NeovimGUIManager/SourceFiles/NeovimGUIManager/main.cpp\n"
[ERROR][2025-03-26 04:32:54] .../vim/lsp/rpc.lua:770	"rpc"	"/usr/bin/clangd-19"	"stderr"	"I[04:32:54.693] ASTWorker building file /home/sasha2k62024/GitHub/NeovimGUIManager/SourceFiles/NeovimGUIManager/main.cpp version 6 with command clangd fallback\n[/home/sasha2k62024/GitHub/NeovimGUIManager/SourceFiles/NeovimGUIManager]\n/usr/bin/clang -IHeaderFiles/rlImGui -resource-dir=/usr/lib/llvm-19/lib/clang/19 -- /home/sasha2k62024/GitHub/NeovimGUIManager/SourceFiles/NeovimGUIManager/main.cpp\n"
[ERROR][2025-03-26 04:32:54] .../vim/lsp/rpc.lua:770	"rpc"	"/usr/bin/clangd-19"	"stderr"	"I[04:32:54.705] --> textDocument/publishDiagnostics\n"
[ERROR][2025-03-26 04:32:54] .../vim/lsp/rpc.lua:770	"rpc"	"/usr/bin/clangd-19"	"stderr"	"I[04:32:54.740] <-- textDocument/semanticTokens/full/delta(5)\n"
[ERROR][2025-03-26 04:32:54] .../vim/lsp/rpc.lua:770	"rpc"	"/usr/bin/clangd-19"	"stderr"	"I[04:32:54.740] --> reply:textDocument/semanticTokens/full/delta(5) 0 ms\n"
[ERROR][2025-03-26 04:32:55] .../vim/lsp/rpc.lua:770	"rpc"	"/usr/bin/clangd-19"	"stderr"	"I[04:32:55.124] <-- textDocument/didChange\n"
[ERROR][2025-03-26 04:32:55] .../vim/lsp/rpc.lua:770	"rpc"	"/usr/bin/clangd-19"	"stderr"	"I[04:32:55.175] Failed to find compilation database for /home/sasha2k62024/GitHub/NeovimGUIManager/SourceFiles/NeovimGUIManager/main.cpp\n"
[ERROR][2025-03-26 04:32:55] .../vim/lsp/rpc.lua:770	"rpc"	"/usr/bin/clangd-19"	"stderr"	"I[04:32:55.176] ASTWorker building file /home/sasha2k62024/GitHub/NeovimGUIManager/SourceFiles/NeovimGUIManager/main.cpp version 7 with command clangd fallback\n[/home/sasha2k62024/GitHub/NeovimGUIManager/SourceFiles/NeovimGUIManager]\n/usr/bin/clang -IHeaderFiles/rlImGui -resource-dir=/usr/lib/llvm-19/lib/clang/19 -- /home/sasha2k62024/GitHub/NeovimGUIManager/SourceFiles/NeovimGUIManager/main.cpp\n"
[ERROR][2025-03-26 04:32:55] .../vim/lsp/rpc.lua:770	"rpc"	"/usr/bin/clangd-19"	"stderr"	"I[04:32:55.187] --> textDocument/publishDiagnostics\n"
[ERROR][2025-03-26 04:32:55] .../vim/lsp/rpc.lua:770	"rpc"	"/usr/bin/clangd-19"	"stderr"	"I[04:32:55.273] <-- textDocument/didChange\n"
[ERROR][2025-03-26 04:32:55] .../vim/lsp/rpc.lua:770	"rpc"	"/usr/bin/clangd-19"	"stderr"	"I[04:32:55.323] <-- textDocument/semanticTokens/full/delta(6)\n"
[ERROR][2025-03-26 04:32:55] .../vim/lsp/rpc.lua:770	"rpc"	"/usr/bin/clangd-19"	"stderr"	"I[04:32:55.323] Failed to find compilation database for /home/sasha2k62024/GitHub/NeovimGUIManager/SourceFiles/NeovimGUIManager/main.cpp\n"
[ERROR][2025-03-26 04:32:55] .../vim/lsp/rpc.lua:770	"rpc"	"/usr/bin/clangd-19"	"stderr"	"I[04:32:55.324] ASTWorker building file /home/sasha2k62024/GitHub/NeovimGUIManager/SourceFiles/NeovimGUIManager/main.cpp version 10 with command clangd fallback\n[/home/sasha2k62024/GitHub/NeovimGUIManager/SourceFiles/NeovimGUIManager]\n/usr/bin/clang -IHeaderFiles/rlImGui -resource-dir=/usr/lib/llvm-19/lib/clang/19 -- /home/sasha2k62024/GitHub/NeovimGUIManager/SourceFiles/NeovimGUIManager/main.cpp\n"
[ERROR][2025-03-26 04:32:55] .../vim/lsp/rpc.lua:770	"rpc"	"/usr/bin/clangd-19"	"stderr"	"I[04:32:55.335] --> textDocument/publishDiagnostics\n"
[ERROR][2025-03-26 04:32:55] .../vim/lsp/rpc.lua:770	"rpc"	"/usr/bin/clangd-19"	"stderr"	"I[04:32:55.336] --> reply:textDocument/semanticTokens/full/delta(6) 12 ms\n"
[ERROR][2025-03-26 04:32:55] .../vim/lsp/rpc.lua:770	"rpc"	"/usr/bin/clangd-19"	"stderr"	"I[04:32:55.613] Indexed c++17 standard library (incomplete due to errors): 13658 symbols, 1808 filtered\n"
[ERROR][2025-03-26 04:32:55] .../vim/lsp/rpc.lua:770	"rpc"	"/usr/bin/clangd-19"	"stderr"	"I[04:32:55.620] <-- textDocument/didChange\n"
[ERROR][2025-03-26 04:32:55] .../vim/lsp/rpc.lua:770	"rpc"	"/usr/bin/clangd-19"	"stderr"	"I[04:32:55.672] Failed to find compilation database for /home/sasha2k62024/GitHub/NeovimGUIManager/SourceFiles/NeovimGUIManager/main.cpp\n"
[ERROR][2025-03-26 04:32:55] .../vim/lsp/rpc.lua:770	"rpc"	"/usr/bin/clangd-19"	"stderr"	"I[04:32:55.672] ASTWorker building file /home/sasha2k62024/GitHub/NeovimGUIManager/SourceFiles/NeovimGUIManager/main.cpp version 11 with command clangd fallback\n[/home/sasha2k62024/GitHub/NeovimGUIManager/SourceFiles/NeovimGUIManager]\n/usr/bin/clang -IHeaderFiles/rlImGui -resource-dir=/usr/lib/llvm-19/lib/clang/19 -- /home/sasha2k62024/GitHub/NeovimGUIManager/SourceFiles/NeovimGUIManager/main.cpp\n"
[ERROR][2025-03-26 04:32:55] .../vim/lsp/rpc.lua:770	"rpc"	"/usr/bin/clangd-19"	"stderr"	"I[04:32:55.771] <-- textDocument/didChange\n"
[ERROR][2025-03-26 04:32:55] .../vim/lsp/rpc.lua:770	"rpc"	"/usr/bin/clangd-19"	"stderr"	"I[04:32:55.822] Failed to find compilation database for /home/sasha2k62024/GitHub/NeovimGUIManager/SourceFiles/NeovimGUIManager/main.cpp\nI[04:32:55.822] <-- textDocument/semanticTokens/full/delta(7)\n"
[ERROR][2025-03-26 04:32:55] .../vim/lsp/rpc.lua:770	"rpc"	"/usr/bin/clangd-19"	"stderr"	"I[04:32:55.823] ASTWorker building file /home/sasha2k62024/GitHub/NeovimGUIManager/SourceFiles/NeovimGUIManager/main.cpp version 12 with command clangd fallback\n[/home/sasha2k62024/GitHub/NeovimGUIManager/SourceFiles/NeovimGUIManager]\n/usr/bin/clang -IHeaderFiles/rlImGui -resource-dir=/usr/lib/llvm-19/lib/clang/19 -- /home/sasha2k62024/GitHub/NeovimGUIManager/SourceFiles/NeovimGUIManager/main.cpp\n"
[ERROR][2025-03-26 04:32:55] .../vim/lsp/rpc.lua:770	"rpc"	"/usr/bin/clangd-19"	"stderr"	"I[04:32:55.845] --> textDocument/publishDiagnostics\n"
[ERROR][2025-03-26 04:32:55] .../vim/lsp/rpc.lua:770	"rpc"	"/usr/bin/clangd-19"	"stderr"	"I[04:32:55.846] --> reply:textDocument/semanticTokens/full/delta(7) 23 ms\n"
[ERROR][2025-03-26 04:32:55] .../vim/lsp/rpc.lua:770	"rpc"	"/usr/bin/clangd-19"	"stderr"	"I[04:32:55.919] <-- textDocument/didChange\n"
[ERROR][2025-03-26 04:32:55] .../vim/lsp/rpc.lua:770	"rpc"	"/usr/bin/clangd-19"	"stderr"	"I[04:32:55.971] Failed to find compilation database for /home/sasha2k62024/GitHub/NeovimGUIManager/SourceFiles/NeovimGUIManager/main.cpp\n"
[ERROR][2025-03-26 04:32:55] .../vim/lsp/rpc.lua:770	"rpc"	"/usr/bin/clangd-19"	"stderr"	"I[04:32:55.971] ASTWorker building file /home/sasha2k62024/GitHub/NeovimGUIManager/SourceFiles/NeovimGUIManager/main.cpp version 13 with command clangd fallback\n[/home/sasha2k62024/GitHub/NeovimGUIManager/SourceFiles/NeovimGUIManager]\n/usr/bin/clang -IHeaderFiles/rlImGui -resource-dir=/usr/lib/llvm-19/lib/clang/19 -- /home/sasha2k62024/GitHub/NeovimGUIManager/SourceFiles/NeovimGUIManager/main.cpp\n"
[ERROR][2025-03-26 04:32:55] .../vim/lsp/rpc.lua:770	"rpc"	"/usr/bin/clangd-19"	"stderr"	"I[04:32:55.982] --> textDocument/publishDiagnostics\n"
[ERROR][2025-03-26 04:32:56] .../vim/lsp/rpc.lua:770	"rpc"	"/usr/bin/clangd-19"	"stderr"	"I[04:32:56.105] <-- textDocument/semanticTokens/full/delta(8)\n"
[ERROR][2025-03-26 04:32:56] .../vim/lsp/rpc.lua:770	"rpc"	"/usr/bin/clangd-19"	"stderr"	"I[04:32:56.106] --> reply:textDocument/semanticTokens/full/delta(8) 0 ms\n"
[ERROR][2025-03-26 04:32:56] .../vim/lsp/rpc.lua:770	"rpc"	"/usr/bin/clangd-19"	"stderr"	"I[04:32:56.335] <-- textDocument/didChange\nI[04:32:56.336] <-- textDocument/semanticTokens/full/delta(9)\n"
[ERROR][2025-03-26 04:32:56] .../vim/lsp/rpc.lua:770	"rpc"	"/usr/bin/clangd-19"	"stderr"	"I[04:32:56.337] Failed to find compilation database for /home/sasha2k62024/GitHub/NeovimGUIManager/SourceFiles/NeovimGUIManager/main.cpp\n"
[ERROR][2025-03-26 04:32:56] .../vim/lsp/rpc.lua:770	"rpc"	"/usr/bin/clangd-19"	"stderr"	"I[04:32:56.338] ASTWorker building file /home/sasha2k62024/GitHub/NeovimGUIManager/SourceFiles/NeovimGUIManager/main.cpp version 14 with command clangd fallback\n[/home/sasha2k62024/GitHub/NeovimGUIManager/SourceFiles/NeovimGUIManager]\n/usr/bin/clang -IHeaderFiles/rlImGui -resource-dir=/usr/lib/llvm-19/lib/clang/19 -- /home/sasha2k62024/GitHub/NeovimGUIManager/SourceFiles/NeovimGUIManager/main.cpp\n"
[ERROR][2025-03-26 04:32:56] .../vim/lsp/rpc.lua:770	"rpc"	"/usr/bin/clangd-19"	"stderr"	"I[04:32:56.373] --> textDocument/publishDiagnostics\n"
[ERROR][2025-03-26 04:32:56] .../vim/lsp/rpc.lua:770	"rpc"	"/usr/bin/clangd-19"	"stderr"	"I[04:32:56.373] --> reply:textDocument/semanticTokens/full/delta(9) 37 ms\n"
[ERROR][2025-03-26 04:32:57] .../vim/lsp/rpc.lua:770	"rpc"	"/usr/bin/clangd-19"	"stderr"	"I[04:32:57.153] <-- shutdown(10)\nI[04:32:57.153] --> reply:shutdown(10) 0 ms\n"
[ERROR][2025-03-26 04:32:57] .../vim/lsp/rpc.lua:770	"rpc"	"/usr/bin/clangd-19"	"stderr"	"I[04:32:57.209] <-- exit\nI[04:32:57.209] LSP finished, exiting with status 0\n"
[START][2025-03-26 04:37:28] LSP logging initiated
[ERROR][2025-03-26 04:37:28] .../vim/lsp/rpc.lua:770	"rpc"	"/usr/bin/clangd-19"	"stderr"	"I[04:37:28.803] Debian clangd version 19.1.4 (1~deb12u1)\nI[04:37:28.803] Features: linux+grpc\nI[04:37:28.803] PID: 3014\n"
[ERROR][2025-03-26 04:37:28] .../vim/lsp/rpc.lua:770	"rpc"	"/usr/bin/clangd-19"	"stderr"	"I[04:37:28.803] Working directory: /home/sasha2k62024/GitHub/NeovimGUIManager\nI[04:37:28.803] argv[0]: /usr/bin/clangd-19\nI[04:37:28.803] Starting LSP over stdin/stdout\n"
[ERROR][2025-03-26 04:37:28] .../vim/lsp/rpc.lua:770	"rpc"	"/usr/bin/clangd-19"	"stderr"	"I[04:37:28.804] <-- initialize(1)\n"
[ERROR][2025-03-26 04:37:28] .../vim/lsp/rpc.lua:770	"rpc"	"/usr/bin/clangd-19"	"stderr"	"I[04:37:28.807] --> reply:initialize(1) 2 ms\n"
[ERROR][2025-03-26 04:37:28] .../vim/lsp/rpc.lua:770	"rpc"	"/usr/bin/clangd-19"	"stderr"	"I[04:37:28.808] <-- initialized\nI[04:37:28.809] <-- textDocument/didOpen\nI[04:37:28.810] --> textDocument/publishDiagnostics\nI[04:37:28.811] Failed to find compilation database for /home/sasha2k62024/GitHub/NeovimGUIManager/main.cpp\nI[04:37:28.811] ASTWorker building file /home/sasha2k62024/GitHub/NeovimGUIManager/main.cpp version 0 with command clangd fallback\n[/home/sasha2k62024/GitHub/NeovimGUIManager]\n/usr/bin/clang -IHeaderFiles/rlImGui -resource-dir=/usr/lib/llvm-19/lib/clang/19 -- /home/sasha2k62024/GitHub/NeovimGUIManager/main.cpp\n"
[ERROR][2025-03-26 04:37:28] .../vim/lsp/rpc.lua:770	"rpc"	"/usr/bin/clangd-19"	"stderr"	"I[04:37:28.826] <-- textDocument/semanticTokens/full(2)\n"
[ERROR][2025-03-26 04:37:30] .../vim/lsp/rpc.lua:770	"rpc"	"/usr/bin/clangd-19"	"stderr"	"I[04:37:30.291] Built preamble of size 6780044 for file /home/sasha2k62024/GitHub/NeovimGUIManager/main.cpp version 0 in 1.48 seconds\n"
[ERROR][2025-03-26 04:37:30] .../vim/lsp/rpc.lua:770	"rpc"	"/usr/bin/clangd-19"	"stderr"	"I[04:37:30.292] --> workspace/semanticTokens/refresh(0)\n"
[ERROR][2025-03-26 04:37:30] .../vim/lsp/rpc.lua:770	"rpc"	"/usr/bin/clangd-19"	"stderr"	"I[04:37:30.292] Indexing c++17 standard library in the context of /home/sasha2k62024/GitHub/NeovimGUIManager/main.cpp\n"
[ERROR][2025-03-26 04:37:30] .../vim/lsp/rpc.lua:770	"rpc"	"/usr/bin/clangd-19"	"stderr"	"I[04:37:30.294] <-- $/cancelRequest\nI[04:37:30.294] <-- textDocument/semanticTokens/full(3)\n"
[ERROR][2025-03-26 04:37:30] .../vim/lsp/rpc.lua:770	"rpc"	"/usr/bin/clangd-19"	"stderr"	"I[04:37:30.294] <-- reply(0)\n"
[ERROR][2025-03-26 04:37:30] .../vim/lsp/rpc.lua:770	"rpc"	"/usr/bin/clangd-19"	"stderr"	"I[04:37:30.392] --> textDocument/publishDiagnostics\n"
[ERROR][2025-03-26 04:37:30] .../vim/lsp/rpc.lua:770	"rpc"	"/usr/bin/clangd-19"	"stderr"	"I[04:37:30.394] --> reply:textDocument/semanticTokens/full(2) 1567 ms, error: Task was cancelled.\n"
[ERROR][2025-03-26 04:37:30] .../vim/lsp/rpc.lua:770	"rpc"	"/usr/bin/clangd-19"	"stderr"	"I[04:37:30.394] --> reply:textDocument/semanticTokens/full(3) 100 ms\n"
[ERROR][2025-03-26 04:37:34] .../vim/lsp/rpc.lua:770	"rpc"	"/usr/bin/clangd-19"	"stderr"	"I[04:37:34.405] <-- shutdown(4)\nI[04:37:34.405] --> reply:shutdown(4) 0 ms\n"
[ERROR][2025-03-26 04:37:34] .../vim/lsp/rpc.lua:770	"rpc"	"/usr/bin/clangd-19"	"stderr"	"I[04:37:34.504] <-- exit\nI[04:37:34.504] LSP finished, exiting with status 0\n"
[START][2025-03-26 04:44:45] LSP logging initiated
[ERROR][2025-03-26 04:44:45] .../vim/lsp/rpc.lua:770	"rpc"	"/usr/bin/clangd-19"	"stderr"	"I[04:44:45.288] Debian clangd version 19.1.4 (1~deb12u1)\nI[04:44:45.288] Features: linux+grpc\n"
[ERROR][2025-03-26 04:44:45] .../vim/lsp/rpc.lua:770	"rpc"	"/usr/bin/clangd-19"	"stderr"	"I[04:44:45.288] PID: 3167\nI[04:44:45.288] Working directory: /home/sasha2k62024/GitHub/NeovimGUIManager\nI[04:44:45.288] argv[0]: /usr/bin/clangd-19\nI[04:44:45.289] Starting LSP over stdin/stdout\n"
[ERROR][2025-03-26 04:44:45] .../vim/lsp/rpc.lua:770	"rpc"	"/usr/bin/clangd-19"	"stderr"	"I[04:44:45.290] <-- initialize(1)\n"
[ERROR][2025-03-26 04:44:45] .../vim/lsp/rpc.lua:770	"rpc"	"/usr/bin/clangd-19"	"stderr"	"I[04:44:45.294] --> reply:initialize(1) 4 ms\n"
[ERROR][2025-03-26 04:44:45] .../vim/lsp/rpc.lua:770	"rpc"	"/usr/bin/clangd-19"	"stderr"	"I[04:44:45.295] <-- initialized\nI[04:44:45.296] <-- textDocument/didOpen\n"
[ERROR][2025-03-26 04:44:45] .../vim/lsp/rpc.lua:770	"rpc"	"/usr/bin/clangd-19"	"stderr"	"I[04:44:45.303] --> textDocument/publishDiagnostics\n"
[ERROR][2025-03-26 04:44:45] .../vim/lsp/rpc.lua:770	"rpc"	"/usr/bin/clangd-19"	"stderr"	"I[04:44:45.303] Failed to find compilation database for /home/sasha2k62024/GitHub/NeovimGUIManager/main.cpp\nI[04:44:45.303] ASTWorker building file /home/sasha2k62024/GitHub/NeovimGUIManager/main.cpp version 0 with command clangd fallback\n[/home/sasha2k62024/GitHub/NeovimGUIManager]\n/usr/bin/clang -IHeaderFiles/rlImGui -resource-dir=/usr/lib/llvm-19/lib/clang/19 -- /home/sasha2k62024/GitHub/NeovimGUIManager/main.cpp\n"
[ERROR][2025-03-26 04:44:45] .../vim/lsp/rpc.lua:770	"rpc"	"/usr/bin/clangd-19"	"stderr"	"I[04:44:45.326] <-- textDocument/semanticTokens/full(2)\n"
[ERROR][2025-03-26 04:44:46] .../vim/lsp/rpc.lua:770	"rpc"	"/usr/bin/clangd-19"	"stderr"	"I[04:44:46.928] Built preamble of size 6780044 for file /home/sasha2k62024/GitHub/NeovimGUIManager/main.cpp version 0 in 1.61 seconds\n"
[ERROR][2025-03-26 04:44:46] .../vim/lsp/rpc.lua:770	"rpc"	"/usr/bin/clangd-19"	"stderr"	"I[04:44:46.929] --> workspace/semanticTokens/refresh(0)\nI[04:44:46.929] Indexing c++17 standard library in the context of /home/sasha2k62024/GitHub/NeovimGUIManager/main.cpp\n"
[ERROR][2025-03-26 04:44:46] .../vim/lsp/rpc.lua:770	"rpc"	"/usr/bin/clangd-19"	"stderr"	"I[04:44:46.944] <-- $/cancelRequest\n"
[ERROR][2025-03-26 04:44:46] .../vim/lsp/rpc.lua:770	"rpc"	"/usr/bin/clangd-19"	"stderr"	"I[04:44:46.956] <-- textDocument/semanticTokens/full(3)\n"
[ERROR][2025-03-26 04:44:46] .../vim/lsp/rpc.lua:770	"rpc"	"/usr/bin/clangd-19"	"stderr"	"I[04:44:46.957] <-- reply(0)\n"
[ERROR][2025-03-26 04:44:47] .../vim/lsp/rpc.lua:770	"rpc"	"/usr/bin/clangd-19"	"stderr"	"I[04:44:47.044] --> textDocument/publishDiagnostics\n"
[ERROR][2025-03-26 04:44:47] .../vim/lsp/rpc.lua:770	"rpc"	"/usr/bin/clangd-19"	"stderr"	"I[04:44:47.055] --> reply:textDocument/semanticTokens/full(2) 1728 ms, error: Task was cancelled.\n"
[ERROR][2025-03-26 04:44:47] .../vim/lsp/rpc.lua:770	"rpc"	"/usr/bin/clangd-19"	"stderr"	"I[04:44:47.058] --> reply:textDocument/semanticTokens/full(3) 101 ms\n"
[ERROR][2025-03-26 04:44:49] .../vim/lsp/rpc.lua:770	"rpc"	"/usr/bin/clangd-19"	"stderr"	"I[04:44:49.060] <-- shutdown(4)\nI[04:44:49.060] --> reply:shutdown(4) 0 ms\n"
[ERROR][2025-03-26 04:44:49] .../vim/lsp/rpc.lua:770	"rpc"	"/usr/bin/clangd-19"	"stderr"	"I[04:44:49.209] <-- exit\nI[04:44:49.209] LSP finished, exiting with status 0\n"
[START][2025-03-26 04:45:30] LSP logging initiated
[ERROR][2025-03-26 04:45:30] .../vim/lsp/rpc.lua:770	"rpc"	"/usr/bin/clangd-19"	"stderr"	"I[04:45:30.806] Debian clangd version 19.1.4 (1~deb12u1)\nI[04:45:30.806] Features: linux+grpc\nI[04:45:30.806] PID: 3208\n"
[ERROR][2025-03-26 04:45:30] .../vim/lsp/rpc.lua:770	"rpc"	"/usr/bin/clangd-19"	"stderr"	"I[04:45:30.806] Working directory: /home/sasha2k62024/GitHub/NeovimGUIManager\nI[04:45:30.806] argv[0]: /usr/bin/clangd-19\nI[04:45:30.806] Starting LSP over stdin/stdout\n"
[ERROR][2025-03-26 04:45:30] .../vim/lsp/rpc.lua:770	"rpc"	"/usr/bin/clangd-19"	"stderr"	"I[04:45:30.808] <-- initialize(1)\n"
[ERROR][2025-03-26 04:45:30] .../vim/lsp/rpc.lua:770	"rpc"	"/usr/bin/clangd-19"	"stderr"	"I[04:45:30.812] --> reply:initialize(1) 4 ms\n"
[ERROR][2025-03-26 04:45:30] .../vim/lsp/rpc.lua:770	"rpc"	"/usr/bin/clangd-19"	"stderr"	"I[04:45:30.815] <-- initialized\nI[04:45:30.816] <-- textDocument/didOpen\nI[04:45:30.817] --> textDocument/publishDiagnostics\nI[04:45:30.818] Failed to find compilation database for /home/sasha2k62024/GitHub/NeovimGUIManager/main.cpp\nI[04:45:30.818] ASTWorker building file /home/sasha2k62024/GitHub/NeovimGUIManager/main.cpp version 0 with command clangd fallback\n[/home/sasha2k62024/GitHub/NeovimGUIManager]\n/usr/bin/clang -IHeaderFiles/rlImGui -resource-dir=/usr/lib/llvm-19/lib/clang/19 -- /home/sasha2k62024/GitHub/NeovimGUIManager/main.cpp\n"
[ERROR][2025-03-26 04:45:30] .../vim/lsp/rpc.lua:770	"rpc"	"/usr/bin/clangd-19"	"stderr"	"I[04:45:30.850] <-- textDocument/semanticTokens/full(2)\n"
[ERROR][2025-03-26 04:45:32] .../vim/lsp/rpc.lua:770	"rpc"	"/usr/bin/clangd-19"	"stderr"	"I[04:45:32.519] Built preamble of size 6780044 for file /home/sasha2k62024/GitHub/NeovimGUIManager/main.cpp version 0 in 1.68 seconds\n"
[ERROR][2025-03-26 04:45:32] .../vim/lsp/rpc.lua:770	"rpc"	"/usr/bin/clangd-19"	"stderr"	"I[04:45:32.519] --> workspace/semanticTokens/refresh(0)\nI[04:45:32.520] Indexing c++17 standard library in the context of /home/sasha2k62024/GitHub/NeovimGUIManager/main.cpp\n"
[ERROR][2025-03-26 04:45:32] .../vim/lsp/rpc.lua:770	"rpc"	"/usr/bin/clangd-19"	"stderr"	"I[04:45:32.525] <-- $/cancelRequest\nI[04:45:32.525] <-- textDocument/semanticTokens/full(3)\nI[04:45:32.525] <-- reply(0)\n"
[ERROR][2025-03-26 04:45:32] .../vim/lsp/rpc.lua:770	"rpc"	"/usr/bin/clangd-19"	"stderr"	"I[04:45:32.644] --> textDocument/publishDiagnostics\n"
[ERROR][2025-03-26 04:45:32] .../vim/lsp/rpc.lua:770	"rpc"	"/usr/bin/clangd-19"	"stderr"	"I[04:45:32.645] --> reply:textDocument/semanticTokens/full(2) 1794 ms, error: Task was cancelled.\nI[04:45:32.645] --> reply:textDocument/semanticTokens/full(3) 120 ms\n"
[ERROR][2025-03-26 04:45:37] .../vim/lsp/rpc.lua:770	"rpc"	"/usr/bin/clangd-19"	"stderr"	"I[04:45:37.620] Indexed c++17 standard library (incomplete due to errors): 13658 symbols, 1808 filtered\n"
[ERROR][2025-03-26 04:46:55] .../vim/lsp/rpc.lua:770	"rpc"	"/usr/bin/clangd-19"	"stderr"	"I[04:46:55.107] <-- shutdown(4)\nI[04:46:55.107] --> reply:shutdown(4) 0 ms\n"
[ERROR][2025-03-26 04:46:55] .../vim/lsp/rpc.lua:770	"rpc"	"/usr/bin/clangd-19"	"stderr"	"I[04:46:55.200] <-- exit\nI[04:46:55.200] LSP finished, exiting with status 0\n"
[START][2025-03-26 04:47:13] LSP logging initiated
[ERROR][2025-03-26 04:47:13] .../vim/lsp/rpc.lua:770	"rpc"	"/usr/bin/clangd-19"	"stderr"	"I[04:47:13.606] Debian clangd version 19.1.4 (1~deb12u1)\n"
[ERROR][2025-03-26 04:47:13] .../vim/lsp/rpc.lua:770	"rpc"	"/usr/bin/clangd-19"	"stderr"	"I[04:47:13.619] Features: linux+grpc\nI[04:47:13.619] PID: 3258\nI[04:47:13.619] Working directory: /home/sasha2k62024/GitHub/NeovimGUIManager\nI[04:47:13.619] argv[0]: /usr/bin/clangd-19\nI[04:47:13.619] Starting LSP over stdin/stdout\n"
[ERROR][2025-03-26 04:47:13] .../vim/lsp/rpc.lua:770	"rpc"	"/usr/bin/clangd-19"	"stderr"	"I[04:47:13.620] <-- initialize(1)\n"
[ERROR][2025-03-26 04:47:13] .../vim/lsp/rpc.lua:770	"rpc"	"/usr/bin/clangd-19"	"stderr"	"I[04:47:13.622] --> reply:initialize(1) 2 ms\n"
[ERROR][2025-03-26 04:47:13] .../vim/lsp/rpc.lua:770	"rpc"	"/usr/bin/clangd-19"	"stderr"	"I[04:47:13.623] <-- initialized\nI[04:47:13.625] <-- textDocument/didOpen\n"
[ERROR][2025-03-26 04:47:13] .../vim/lsp/rpc.lua:770	"rpc"	"/usr/bin/clangd-19"	"stderr"	"I[04:47:13.630] --> textDocument/publishDiagnostics\nI[04:47:13.631] Failed to find compilation database for /home/sasha2k62024/GitHub/NeovimGUIManager/main.cpp\nI[04:47:13.631] ASTWorker building file /home/sasha2k62024/GitHub/NeovimGUIManager/main.cpp version 0 with command clangd fallback\n[/home/sasha2k62024/GitHub/NeovimGUIManager]\n/usr/bin/clang -IHeaderFiles/rlImGui -resource-dir=/usr/lib/llvm-19/lib/clang/19 -- /home/sasha2k62024/GitHub/NeovimGUIManager/main.cpp\n"
[ERROR][2025-03-26 04:47:13] .../vim/lsp/rpc.lua:770	"rpc"	"/usr/bin/clangd-19"	"stderr"	"I[04:47:13.638] <-- textDocument/semanticTokens/full(2)\n"
[ERROR][2025-03-26 04:47:15] .../vim/lsp/rpc.lua:770	"rpc"	"/usr/bin/clangd-19"	"stderr"	"I[04:47:15.049] Built preamble of size 6780044 for file /home/sasha2k62024/GitHub/NeovimGUIManager/main.cpp version 0 in 1.41 seconds\n"
[ERROR][2025-03-26 04:47:15] .../vim/lsp/rpc.lua:770	"rpc"	"/usr/bin/clangd-19"	"stderr"	"I[04:47:15.050] Indexing c++17 standard library in the context of /home/sasha2k62024/GitHub/NeovimGUIManager/main.cpp\nI[04:47:15.054] --> workspace/semanticTokens/refresh(0)\n"
[ERROR][2025-03-26 04:47:15] .../vim/lsp/rpc.lua:770	"rpc"	"/usr/bin/clangd-19"	"stderr"	"I[04:47:15.058] <-- $/cancelRequest\nI[04:47:15.058] <-- textDocument/semanticTokens/full(3)\nI[04:47:15.058] <-- reply(0)\n"
[ERROR][2025-03-26 04:47:15] .../vim/lsp/rpc.lua:770	"rpc"	"/usr/bin/clangd-19"	"stderr"	"I[04:47:15.228] --> textDocument/publishDiagnostics\n"
[ERROR][2025-03-26 04:47:15] .../vim/lsp/rpc.lua:770	"rpc"	"/usr/bin/clangd-19"	"stderr"	"I[04:47:15.234] --> reply:textDocument/semanticTokens/full(2) 1596 ms, error: Task was cancelled.\n"
[ERROR][2025-03-26 04:47:15] .../vim/lsp/rpc.lua:770	"rpc"	"/usr/bin/clangd-19"	"stderr"	"I[04:47:15.235] --> reply:textDocument/semanticTokens/full(3) 176 ms\n"
[ERROR][2025-03-26 04:47:19] .../vim/lsp/rpc.lua:770	"rpc"	"/usr/bin/clangd-19"	"stderr"	"I[04:47:19.811] Indexed c++17 standard library (incomplete due to errors): 13658 symbols, 1808 filtered\n"
[ERROR][2025-03-26 04:57:08] .../vim/lsp/rpc.lua:770	"rpc"	"/usr/bin/clangd-19"	"stderr"	"I[04:57:08.453] <-- shutdown(4)\nI[04:57:08.454] --> reply:shutdown(4) 0 ms\n"
